waypoint,cat,name,lat,lon,elev_ft,status,landing_class,landing_detail,sma_agency,blm_nm,blm_bearing,blm_lat,blm_lon,blm_elev_ft,height_m,flags,src,gnis_id,osm_id,wikipedia
AR0001,arch,Aardvark Arch,41.1927088,-112.8346996,4334.0,OTHER,,Private,PVT,9.81,186.0,41.029985,-112.857031,4211.0,,,GNIS,1435042,,
AR0002,arch,Aesops Arch,37.8927663,-109.9620766,6705.0,NO-LAND,b,Wilderness Study Area,BLM,0.23,17.0,37.896504,-109.960668,7146.0,,,GNIS,1679069,,
AR0003,arch,Agate Bridge,34.8922502,-109.7937252,5579.0,NO-GO,,National Park Service,NPS,5.38,327.0,34.967812,-109.852511,5282.0,,"FAA AC 91-36D: pilots asked to stay >= 2,000 ft AGL over NPS, wilderness and refuges",GNIS,499,,
AR0004,arch,Aguila Arch,32.6213889,-113.3277778,962.0,NO-GO,,Air Force,USAF,8.84,9.0,32.767223,-113.300922,576.0,,DoD land: check restricted / military airspace,GNIS,2628317,,
AR0005,arch,Ajo Window,32.0394444,-112.7080556,3257.0,NO-LAND,a,Wilderness,NPS,9.7,354.0,32.200584,-112.727442,2442.0,,"FAA AC 91-36D: pilots asked to stay >= 2,000 ft AGL over NPS, wilderness and refuges",GNIS,2629409,,
AR0006,arch,Aladdins Lamp Arch,38.8125,-109.6283333,5226.0,NO-GO,,National Park Service,NPS,0.6,62.0,38.81725,-109.616955,4883.0,,"FAA AC 91-36D: pilots asked to stay >= 2,000 ft AGL over NPS, wilderness and refuges",GNIS,1435049,,
AR0007,arch,Alamo Window,36.2641483,-112.9182543,3271.0,NO-GO,,National Park Service,NPS,8.86,360.0,36.411964,-112.918468,5900.0,,"FAA AC 91-36D: pilots asked to stay >= 2,000 ft AGL over NPS, wilderness and refuges | Inside Grand Canyon NP: Grand Canyon SFRA rules apply (14 CFR 93 Subpart U)",GNIS,23099,,
AR0008,arch,Aleson Arch,37.313326,-110.7731993,4601.0,NO-GO,,National Park Service,NPS,3.9,90.0,37.313313,-110.691822,4485.0,,"FAA AC 91-36D: pilots asked to stay >= 2,000 ft AGL over NPS, wilderness and refuges",GNIS,1437162,,
AR0009,arch,Anchor Arch,38.102488,-109.7362335,5342.0,NO-GO,,National Park Service,NPS,2.03,44.0,38.126863,-109.706503,5422.0,,"FAA AC 91-36D: pilots asked to stay >= 2,000 ft AGL over NPS, wilderness and refuges",GNIS,1679082,,
AR0011,arch,Angel Arch,38.0519325,-109.7551235,5696.0,NO-GO,,National Park Service,NPS,2.65,282.0,38.06132,-109.809745,5613.0,,"FAA AC 91-36D: pilots asked to stay >= 2,000 ft AGL over NPS, wilderness and refuges",GNIS,1434965,,
AR0010,arch,Angel Arch,37.6102735,-109.7612412,5849.0,NO-LAND,d,BLM National Monument / NCA,USFS,2.46,143.0,37.577643,-109.730053,6275.0,,,GNIS,1448077,,
AR0012,arch,Angels Window,36.12,-111.9469444,7690.0,NO-GO,,National Park Service,NPS,18.38,248.0,36.006514,-112.297951,6166.0,,"FAA AC 91-36D: pilots asked to stay >= 2,000 ft AGL over NPS, wilderness and refuges | Inside Grand Canyon NP: Grand Canyon SFRA rules apply (14 CFR 93 Subpart U)",GNIS,656,,
AR0013,arch,Anniversary Arch,38.7833104,-109.6773435,4998.0,NO-GO,,National Park Service,NPS,0.81,270.0,38.783345,-109.694662,4960.0,,"FAA AC 91-36D: pilots asked to stay >= 2,000 ft AGL over NPS, wilderness and refuges",GNIS,1435060,,
AR0014,arch,Ant Knolls,37.6986008,-110.6912568,4563.0,LANDABLE,g,BLM land,BLM,0.0,,37.698601,-110.691257,4563.0,,,GNIS,1425125,,
AR0015,arch,Aperture Arch,38.3194444,-108.9377778,6369.0,LANDABLE,g,BLM land,BLM,0.0,,38.319444,-108.937778,6369.0,,,GNIS,2677655,,
AR0016,arch,Aqueduct Arch,38.1372106,-109.5165073,5823.0,LANDABLE,g,BLM land,BLM,0.0,,38.137211,-109.516507,5823.0,,,GNIS,1679079,,
AR0017,arch,Arch Nemesis,40.90591,-109.53516,6645.0,CALL FIRST,f,USFS - check forest orders,USFS,4.69,45.0,40.961276,-109.462248,6558.0,,,GNIS,2832555,,
AR0018,arch,Arch Rock,36.8908333,-107.8491667,6326.0,LANDABLE,g,BLM land,BLM,0.0,,36.890833,-107.849167,6326.0,,,GNIS,900069,,
AR0019,arch,Arch Tank Natural Bridge,33.2,-114.1994444,1963.0,NO-LAND,a,Wilderness,FWS,2.47,297.0,33.218574,-114.243244,1520.0,,"FAA AC 91-36D: pilots asked to stay >= 2,000 ft AGL over NPS, wilderness and refuges",GNIS,2629406,,
AR0020,arch,Arch de Triumphe,38.7813889,-109.5852778,5149.0,NO-GO,,National Park Service,NPS,0.89,17.0,38.795541,-109.579886,4907.0,,"FAA AC 91-36D: pilots asked to stay >= 2,000 ft AGL over NPS, wilderness and refuges",GNIS,1435065,,
AR0021,arch,Arch in the Sky,36.8999965,-110.9923662,5714.0,NO-LAND,c,Tribal land - tribal permission required,BIA,18.7,351.0,37.207998,-111.055435,6469.0,,,GNIS,23860,,
AR0022,arch,Arete Arch,39.1222222,-108.9058333,5555.0,NO-LAND,a,Wilderness,BLM,3.38,146.0,39.07554,-108.865326,6282.0,,"FAA AC 91-36D: pilots asked to stay >= 2,000 ft AGL over NPS, wilderness and refuges",GNIS,2677701,,
AR0024,arch,Arrowhead Arch,38.8185953,-109.3353945,4556.0,LANDABLE,g,BLM land,BLM,0.0,,38.818595,-109.335394,4556.0,,,GNIS,2045052,,
AR0023,arch,Arrowhead Arch,36.5466667,-111.1361111,6341.0,NO-LAND,c,Tribal land - tribal permission required,BIA,29.23,320.0,36.917859,-111.529415,3998.0,,,GNIS,2581892,,
AR0025,arch,Aspen Arch,38.9097222,-106.0936111,9481.0,CALL FIRST,f,USFS - check forest orders,USFS,1.76,204.0,38.882927,-106.109203,8684.0,,,GNIS,1678982,,
AR0026,arch,Bat Guano Arch,38.7913889,-109.6102778,5418.0,NO-GO,,National Park Service,NPS,1.25,26.0,38.810096,-109.5984,4798.0,,"FAA AC 91-36D: pilots asked to stay >= 2,000 ft AGL over NPS, wilderness and refuges",GNIS,1435087,,
AR0027,arch,Beckwith Arch,38.7161111,-109.6069444,5068.0,NO-GO,,National Park Service,NPS,1.32,270.0,38.716064,-109.635062,4769.0,,"FAA AC 91-36D: pilots asked to stay >= 2,000 ft AGL over NPS, wilderness and refuges",GNIS,1435108,,
AR0028,arch,Beehive Arch,38.1658192,-109.9454048,5162.0,NO-GO,,National Park Service,NPS,6.27,180.0,38.06128,-109.945428,5746.0,,"FAA AC 91-36D: pilots asked to stay >= 2,000 ft AGL over NPS, wilderness and refuges",GNIS,1434944,,
AR0029,arch,Bell Tower Window,37.26556,-110.85028,4198.0,NO-GO,,National Park Service,NPS,7.9,74.0,37.302386,-110.691825,4546.0,,"FAA AC 91-36D: pilots asked to stay >= 2,000 ft AGL over NPS, wilderness and refuges",GNIS,2071365,,
AR0030,arch,Belmont Arch,33.6166667,-112.9294444,1887.0,LANDABLE,g,BLM land,BLM,0.0,,33.616667,-112.929444,1887.0,,,GNIS,2628323,,
AR0031,arch,Bement Arch,37.283325,-110.9645977,4130.0,NO-GO,,National Park Service,NPS,2.5,270.0,37.283305,-111.016728,4386.0,,"FAA AC 91-36D: pilots asked to stay >= 2,000 ft AGL over NPS, wilderness and refuges",GNIS,1450245,,
AR0032,arch,Bench Arch,38.7424798,-109.5570638,4837.0,NO-GO,,National Park Service,NPS,2.29,118.0,38.724401,-109.514017,4917.0,,"FAA AC 91-36D: pilots asked to stay >= 2,000 ft AGL over NPS, wilderness and refuges",GNIS,1435115,,
AR0033,arch,Big Hogan,36.9141667,-110.0755556,5419.0,NO-LAND,c,Tribal land - tribal permission required,BIA,15.82,24.0,37.154951,-109.940393,3977.0,,,GNIS,1320,,
AR0034,arch,Black Cave Arch,38.8008111,-109.6101206,5087.0,NO-GO,,National Park Service,NPS,0.78,45.0,38.810096,-109.5984,4798.0,,"FAA AC 91-36D: pilots asked to stay >= 2,000 ft AGL over NPS, wilderness and refuges",GNIS,1435151,,
AR0035,arch,Black Hills Arch,33.0811111,-109.9327778,3386.0,LANDABLE,g,BLM land,BLM,0.0,,33.081111,-109.932778,3386.0,,,GNIS,2629413,,
AR0036,arch,Black Rock Natural Bridge,35.7086276,-109.1045388,6816.0,NO-LAND,c,Tribal land - tribal permission required,BIA,5.02,145.0,35.639601,-109.046365,6973.0,,,GNIS,1678954,,
AR0037,arch,Blackhorse Arch,36.6961111,-109.1813889,6681.0,NO-LAND,c,Tribal land - tribal permission required,BIA,31.27,84.0,36.752666,-108.536892,5342.0,,,GNIS,2571430,,
AR0038,arch,Blue Pools Arch,37.034708,-111.6346097,4196.0,OTHER,,Private,PVT,1.77,178.0,37.005208,-111.633619,4204.0,,Within 15 nm of Grand Canyon NP: check the Grand Canyon SFRA on the Grand Canyon VFR chart,GNIS,1679066,,
AR0039,arch,Boundary Butte Arch,37.0219457,-109.5576129,5242.0,NO-LAND,c,Tribal land - tribal permission required,BIA,13.0,322.0,37.192865,-109.724501,4223.0,,,GNIS,1679091,,
AR0040,arch,Bowington Arch,37.7760996,-111.3943346,5483.0,NO-LAND,b,Wilderness Study Area,BLM,1.99,180.0,37.742939,-111.394311,5897.0,,,GNIS,1425915,,
AR0041,arch,Box Arch,38.7527778,-109.5725,4935.0,NO-GO,,National Park Service,NPS,2.56,360.0,38.795543,-109.572518,4809.0,,"FAA AC 91-36D: pilots asked to stay >= 2,000 ft AGL over NPS, wilderness and refuges",GNIS,1435185,,
AR0042,arch,Box Arch,38.8008333,-109.6147222,5152.0,NO-GO,,National Park Service,NPS,0.95,54.0,38.810096,-109.5984,4798.0,,"FAA AC 91-36D: pilots asked to stay >= 2,000 ft AGL over NPS, wilderness and refuges",GNIS,2569404,,
AR0043,arch,Boysag Point Arch,36.3466667,-112.7566667,5475.0,NO-GO,,National Park Service,NPS,3.91,0.0,36.411904,-112.756665,5642.0,,"FAA AC 91-36D: pilots asked to stay >= 2,000 ft AGL over NPS, wilderness and refuges | Inside Grand Canyon NP: Grand Canyon SFRA rules apply (14 CFR 93 Subpart U)",GNIS,2611546,,
AR0044,arch,Breeze Arch,41.24,-111.87,7180.0,CALL FIRST,f,USFS - check forest orders,USFS,8.35,83.0,41.256884,-111.686796,6352.0,,,GNIS,2558332,,
AR0045,arch,Brimhall Bridge,37.7152682,-110.9490419,4743.0,NO-GO,,National Park Service,NPS,0.87,77.0,37.718642,-110.931241,5150.0,,"FAA AC 91-36D: pilots asked to stay >= 2,000 ft AGL over NPS, wilderness and refuges",GNIS,1435195,,
AR0046,arch,Broken Arch,38.767479,-109.5812311,5165.0,NO-GO,,National Park Service,NPS,1.68,2.0,38.795541,-109.579886,4907.0,,"FAA AC 91-36D: pilots asked to stay >= 2,000 ft AGL over NPS, wilderness and refuges",GNIS,1435196,,
AR0047,arch,Broken Bow Arch,37.3286023,-111.0001553,3891.0,NO-GO,,National Park Service,NPS,1.67,265.0,37.326169,-111.034902,4244.0,,"FAA AC 91-36D: pilots asked to stay >= 2,000 ft AGL over NPS, wilderness and refuges",GNIS,1437247,,
AR0048,arch,Broken Finger Arch,39.3480213,-109.9970889,6877.0,NO-LAND,c,Tribal land - tribal permission required,BIA,5.13,234.0,39.297435,-110.085926,4435.0,,,GNIS,1679057,,
AR0049,arch,Brown Canyon Natural Bridge,31.7752778,-111.5763889,4777.0,NO-GO,,Fish & Wildlife Service refuge,FWS,1.44,220.0,31.756917,-111.594447,5247.0,,"FAA AC 91-36D: pilots asked to stay >= 2,000 ft AGL over NPS, wilderness and refuges",GNIS,2629411,,
AR0050,arch,Bryce Natural Bridge,37.5316498,-112.2599197,8574.0,NO-GO,,National Park Service,NPS,2.85,102.0,37.521829,-112.201406,7079.0,,"FAA AC 91-36D: pilots asked to stay >= 2,000 ft AGL over NPS, wilderness and refuges",GNIS,1448198,,
AR0051,arch,Bulwark Arch,39.1180556,-108.9058333,5705.0,NO-LAND,a,Wilderness,BLM,3.17,143.0,39.07554,-108.865326,6282.0,,"FAA AC 91-36D: pilots asked to stay >= 2,000 ft AGL over NPS, wilderness and refuges",GNIS,2677702,,
AR0052,arch,Burro Spring Bridge,36.8069444,-107.7691667,6049.0,LANDABLE,g,BLM land,BLM,0.0,,36.806944,-107.769167,6049.0,,,GNIS,2651454,,
AR0053,arch,Camels Eye,33.5172222,-111.9730556,1913.0,OTHER,,Private,PVT,5.56,150.0,33.436729,-111.917934,1160.0,,,GNIS,2629405,,
AR0054,arch,Carrot Top Arch,37.0888822,-111.0420942,4486.0,NO-LAND,c,Tribal land - tribal permission required,BIA,7.17,355.0,37.207998,-111.055435,6469.0,,,GNIS,1450280,,
AR0055,arch,Cassidys Arch,38.2619245,-111.2254467,5901.0,NO-GO,,National Park Service,NPS,1.72,220.0,38.240055,-111.248882,6140.0,,"FAA AC 91-36D: pilots asked to stay >= 2,000 ft AGL over NPS, wilderness and refuges",GNIS,1435259,,
AR0056,arch,Castle Arch,38.0641549,-109.7340119,5626.0,NO-GO,,National Park Service,NPS,2.45,90.0,38.064188,-109.682227,5434.0,,"FAA AC 91-36D: pilots asked to stay >= 2,000 ft AGL over NPS, wilderness and refuges",GNIS,1450282,,
AR0057,arch,Caterpillar Arch,38.0138781,-109.6690121,5689.0,NO-GO,,National Park Service,NPS,0.24,90.0,38.013879,-109.663923,5420.0,,"FAA AC 91-36D: pilots asked to stay >= 2,000 ft AGL over NPS, wilderness and refuges",GNIS,1679076,,
AR0058,arch,Cathedral Arch,37.6102735,-109.7592967,6102.0,NO-LAND,d,BLM National Monument / NCA,USFS,2.4,144.0,37.577643,-109.730053,6275.0,,,GNIS,1448233,,
AR0059,arch,Cats Eye,36.31,-106.4547222,6700.0,CALL FIRST,f,USFS - check forest orders,USFS,4.17,147.0,36.251337,-106.408496,6462.0,,,GNIS,2632193,,
AR0060,arch,Cave Arch,38.1522077,-110.0495747,5304.0,NO-GO,,National Park Service,NPS,6.19,163.0,38.053654,-110.010351,5611.0,,"FAA AC 91-36D: pilots asked to stay >= 2,000 ft AGL over NPS, wilderness and refuges",GNIS,1434937,,
AR0061,arch,Cedar Tree Arch,39.1402778,-108.8430556,5509.0,NO-LAND,a,Wilderness,BLM,2.52,34.0,39.175256,-108.813024,4534.0,,"FAA AC 91-36D: pilots asked to stay >= 2,000 ft AGL over NPS, wilderness and refuges",GNIS,1678987,,
AR0062,arch,Cedar Wash Arch,37.6605437,-111.5423929,5620.0,LANDABLE,g,BLM land,BLM,0.0,,37.660544,-111.542393,5620.0,,,GNIS,1437249,,
AR0063,arch,Centennial Arch,39.1441667,-108.8486111,5467.0,NO-LAND,a,Wilderness,BLM,2.5,42.0,39.175256,-108.813024,4534.0,,"FAA AC 91-36D: pilots asked to stay >= 2,000 ft AGL over NPS, wilderness and refuges",GNIS,1678989,,
AR0064,arch,Chinese Arch,41.6282596,-112.4933023,4827.0,NO-GO,,National Park Service,NPS,2.83,59.0,41.652749,-112.439603,4356.0,,"FAA AC 91-36D: pilots asked to stay >= 2,000 ft AGL over NPS, wilderness and refuges",GNIS,1679092,,
AR0065,arch,Chiricahua Natural Bridge,32.0211111,-109.3552778,5872.0,NO-LAND,a,Wilderness,NPS,4.97,345.0,32.101174,-109.381111,5942.0,,"FAA AC 91-36D: pilots asked to stay >= 2,000 ft AGL over NPS, wilderness and refuges",GNIS,1678957,,
AR0066,arch,Cicuye Arch,35.5716667,-105.6016667,7341.0,OTHER,,Private,PVT,5.94,162.0,35.477583,-105.563305,6714.0,,,GNIS,2632198,,
AR0067,arch,City of Rocks Arch,32.5936111,-107.9741667,5294.0,CALL FIRST,e,State land - state land office permission,ST,1.04,129.0,32.582629,-107.958232,5190.0,,,GNIS,1679018,,
AR0068,arch,Clara Bernheimer Natural Bridge,36.8841667,-110.03,5941.0,NO-LAND,c,Tribal land - tribal permission required,BIA,16.78,15.0,37.154803,-109.93994,3972.0,,,GNIS,2570170,,
AR0069,arch,Cleft Arch,37.9861111,-109.6916667,5856.0,NO-GO,,National Park Service,NPS,0.87,102.0,37.983111,-109.67376,6525.0,,"FAA AC 91-36D: pilots asked to stay >= 2,000 ft AGL over NPS, wilderness and refuges",GNIS,1450301,,
AR0070,arch,Cliff Arch,37.4197127,-111.0076562,3908.0,NO-GO,,National Park Service,NPS,1.33,199.0,37.398655,-111.016758,4645.0,,"FAA AC 91-36D: pilots asked to stay >= 2,000 ft AGL over NPS, wilderness and refuges",GNIS,1426716,,
AR0071,arch,Cliff Arch,38.7474797,-109.560675,4972.0,NO-GO,,National Park Service,NPS,2.52,72.0,38.760587,-109.50966,4908.0,,"FAA AC 91-36D: pilots asked to stay >= 2,000 ft AGL over NPS, wilderness and refuges",GNIS,1435316,,
AR0072,arch,Cloister Arch,38.7438889,-109.56,4754.0,NO-GO,,National Park Service,NPS,2.45,118.0,38.724401,-109.514017,4917.0,,"FAA AC 91-36D: pilots asked to stay >= 2,000 ft AGL over NPS, wilderness and refuges",GNIS,1435321,,
AR0073,arch,Clover Canyon Bridge,38.7699791,-109.5723421,5040.0,NO-GO,,National Park Service,NPS,1.53,360.0,38.795543,-109.572353,4794.0,,"FAA AC 91-36D: pilots asked to stay >= 2,000 ft AGL over NPS, wilderness and refuges",GNIS,1679089,,
AR0074,arch,Cobra Arch,37.020818,-111.8957309,4635.0,NO-LAND,a,Wilderness,BLM,0.87,8.0,37.035149,-111.89324,4987.0,,"FAA AC 91-36D: pilots asked to stay >= 2,000 ft AGL over NPS, wilderness and refuges",GNIS,1437252,,
AR0075,arch,Coke Oven Arch,38.79,-109.6075,5446.0,NO-GO,,National Park Service,NPS,1.28,20.0,38.810096,-109.5984,4798.0,,"FAA AC 91-36D: pilots asked to stay >= 2,000 ft AGL over NPS, wilderness and refuges",GNIS,1435331,,
AR0076,arch,Conflagration Arch,33.3694444,-113.6658333,1962.0,LANDABLE,g,BLM land,BLM,0.0,,33.369444,-113.665833,1962.0,,,GNIS,2628314,,
AR0077,arch,Conglomerate Arch,36.3005556,-112.8780556,2750.0,NO-GO,,National Park Service,NPS,6.68,360.0,36.41198,-112.878065,5773.0,,"FAA AC 91-36D: pilots asked to stay >= 2,000 ft AGL over NPS, wilderness and refuges | Inside Grand Canyon NP: Grand Canyon SFRA rules apply (14 CFR 93 Subpart U)",GNIS,2611545,,
AR0078,arch,Corona Arch,38.579943,-109.619887,4340.0,LANDABLE,g,BLM land,BLM,0.0,,38.579943,-109.619887,4340.0,,,GNIS,1429787,,
AR0079,arch,Cove Arch,38.6941473,-109.5426186,5349.0,NO-GO,,National Park Service,NPS,1.59,79.0,38.699033,-109.509376,4608.0,,"FAA AC 91-36D: pilots asked to stay >= 2,000 ft AGL over NPS, wilderness and refuges",GNIS,1426985,,
AR0080,arch,Cowboy Arch,35.1472222,-114.3525,3521.0,NO-LAND,a,Wilderness,BLM,0.25,186.0,35.143047,-114.353036,3349.0,,"FAA AC 91-36D: pilots asked to stay >= 2,000 ft AGL over NPS, wilderness and refuges",GNIS,2611543,,
AR0081,arch,Cox Canyon Arch,36.9977798,-107.9092328,6334.0,LANDABLE,g,BLM land,BLM,0.0,,36.99778,-107.909233,6334.0,,,GNIS,1679024,,
AR0082,arch,Coyote Arch,35.7869444,-108.5594444,6228.0,NO-LAND,c,Tribal land - tribal permission required,BIA,7.7,172.0,35.659682,-108.537604,7560.0,,,GNIS,2632189,,
AR0083,arch,Coyote Natural Bridge,37.4161015,-111.0276567,4105.0,NO-GO,,National Park Service,NPS,1.05,180.0,37.39865,-111.027643,4700.0,,"FAA AC 91-36D: pilots asked to stay >= 2,000 ft AGL over NPS, wilderness and refuges",GNIS,1427051,,
AR0084,arch,Crow Canyon Arch,36.8197222,-107.7580556,6285.0,LANDABLE,g,BLM land,BLM,0.0,,36.819722,-107.758056,6285.0,,,GNIS,2651455,,
AR0085,arch,Crown Arch,39.1322222,-108.8980556,5490.0,NO-LAND,a,Wilderness,BLM,3.73,156.0,39.07554,-108.865326,6282.0,,"FAA AC 91-36D: pilots asked to stay >= 2,000 ft AGL over NPS, wilderness and refuges",GNIS,2677703,,
AR0086,arch,Crystal Arch,38.7947003,-109.6017871,5193.0,NO-GO,,National Park Service,NPS,0.94,10.0,38.810096,-109.5984,4798.0,,"FAA AC 91-36D: pilots asked to stay >= 2,000 ft AGL over NPS, wilderness and refuges",GNIS,1435376,,
AR0087,arch,Culvert Arch,39.0338889,-108.645,5780.0,NO-GO,,National Park Service,NPS,1.09,90.0,39.033867,-108.621634,4900.0,,"FAA AC 91-36D: pilots asked to stay >= 2,000 ft AGL over NPS, wilderness and refuges",GNIS,2677710,,
AR0088,arch,Cutter Lake Arch,36.6919444,-107.6830556,5980.0,OTHER,,Bureau of Reclamation,USBR,0.19,344.0,36.695065,-107.68414,6387.0,,,GNIS,2651456,,
AR0089,arch,Dannys Arch,36.9908333,-112.0052778,5631.0,NO-LAND,a,Wilderness,BLM,1.35,272.0,36.991509,-112.033314,5071.0,,"FAA AC 91-36D: pilots asked to stay >= 2,000 ft AGL over NPS, wilderness and refuges",GNIS,2581888,,
AR0090,arch,Delicate Arch,38.7427585,-109.4940075,4603.0,NO-GO,,National Park Service,NPS,0.28,149.0,38.738828,-109.49097,4628.0,,"FAA AC 91-36D: pilots asked to stay >= 2,000 ft AGL over NPS, wilderness and refuges",GNIS,1427330,,
AR0091,arch,Devils Bridge,34.8976374,-111.807498,4888.0,NO-LAND,a,Wilderness,USFS,23.58,250.0,34.759235,-112.25436,5499.0,,"FAA AC 91-36D: pilots asked to stay >= 2,000 ft AGL over NPS, wilderness and refuges",GNIS,28435,,
AR0092,arch,Diagenetic Arch,36.9677778,-111.2083333,3762.0,NO-LAND,c,Tribal land - tribal permission required,BIA,12.49,324.0,37.135678,-111.362596,4613.0,,,GNIS,1678971,,
AR0093,arch,Diamond Fork Arch,40.0799565,-111.402405,5396.0,CALL FIRST,f,USFS - check forest orders,USFS,5.96,173.0,39.981357,-111.386648,6597.0,,,GNIS,1679056,,
AR0094,arch,Dolores River Arch,38.2041667,-108.9147222,5549.0,NO-LAND,b,Wilderness Study Area,BLM,0.76,76.0,38.20723,-108.899188,5890.0,,,GNIS,2677656,,
AR0095,arch,Donut Arch,36.92,-110.0805556,5440.0,NO-LAND,c,Tribal land - tribal permission required,BIA,15.61,26.0,37.154951,-109.940393,3977.0,,,GNIS,1678968,,
AR0096,arch,Double Arch,38.6916474,-109.5406741,5260.0,NO-GO,,National Park Service,NPS,1.54,73.0,38.699033,-109.509376,4608.0,,"FAA AC 91-36D: pilots asked to stay >= 2,000 ft AGL over NPS, wilderness and refuges",GNIS,1427455,,
AR0097,arch,Double O Arch,38.7994221,-109.6201207,5483.0,NO-GO,,National Park Service,NPS,1.08,8.0,38.81725,-109.616955,4883.0,,"FAA AC 91-36D: pilots asked to stay >= 2,000 ft AGL over NPS, wilderness and refuges",GNIS,1427456,,
AR0098,arch,Druid Arch,38.0883207,-109.8331807,5657.0,NO-GO,,National Park Service,NPS,1.61,180.0,38.061474,-109.833221,6096.0,,"FAA AC 91-36D: pilots asked to stay >= 2,000 ft AGL over NPS, wilderness and refuges",GNIS,1437245,,
AR0099,arch,Dutchman Arch,38.8724728,-110.7876639,6998.0,LANDABLE,g,BLM land,BLM,0.0,,38.872473,-110.787664,6998.0,,,GNIS,1435474,,
AR0100,arch,Eagle Canyon Arch,38.8485837,-110.8334979,6748.0,LANDABLE,g,BLM land,BLM,0.0,,38.848584,-110.833498,6748.0,,,GNIS,1679059,,
AR0101,arch,Eagles Eye,39.5369444,-106.3980556,8722.0,OTHER,,Private,PVT,12.25,166.0,39.338891,-106.333613,10258.0,,,GNIS,2677694,,
AR0102,arch,Eagletail Arch,33.3866667,-113.28,1852.0,NO-LAND,a,Wilderness,BLM,1.05,173.0,33.36929,-113.27753,1470.0,,"FAA AC 91-36D: pilots asked to stay >= 2,000 ft AGL over NPS, wilderness and refuges",GNIS,2628320,,
AR0103,arch,Ear of the Wind,36.9086124,-110.0817916,5486.0,NO-LAND,c,Tribal land - tribal permission required,BIA,16.25,25.0,37.154951,-109.940393,3977.0,,,GNIS,1678970,,
AR0104,arch,East Rock Creek Canyon Arch,37.3677778,-108.8113889,6073.0,NO-LAND,d,BLM National Monument / NCA,BLM,1.35,175.0,37.345314,-108.808984,5631.0,,,GNIS,2677662,,
AR0105,arch,Eggshell Arch,36.681665,-110.790974,6013.0,NO-LAND,c,Tribal land - tribal permission required,BIA,34.01,338.0,37.207998,-111.055435,6469.0,,,GNIS,4359,,
AR0106,arch,Ela Natural Bridge,39.0016667,-108.8294444,6688.0,OTHER,,Private,PVT,0.21,100.0,39.001051,-108.824982,6753.0,,,GNIS,1678983,,
AR0107,arch,Elephant Arch,38.6891474,-109.5409519,5177.0,NO-GO,,National Park Service,NPS,1.6,68.0,38.699033,-109.509376,4608.0,,"FAA AC 91-36D: pilots asked to stay >= 2,000 ft AGL over NPS, wilderness and refuges",GNIS,1435502,,
AR0108,arch,Elephant Rock,33.8972222,-110.9330556,6786.0,NO-LAND,a,Wilderness,USFS,27.22,169.0,33.450983,-110.829887,3220.0,,"FAA AC 91-36D: pilots asked to stay >= 2,000 ft AGL over NPS, wilderness and refuges",GNIS,1678946,,
AR0109,arch,Elephant Rock,36.6547222,-109.1513889,6265.0,NO-LAND,c,Tribal land - tribal permission required,BIA,30.22,79.0,36.752666,-108.536892,5342.0,,,GNIS,2576165,,
AR0110,arch,Elephant Rock Arch,39.1186111,-104.8908333,7385.0,OTHER,,Private,PVT,12.12,217.0,38.956682,-105.046246,8553.0,,,GNIS,1678977,,
AR0111,arch,Elephant Trunk,32.3127778,-110.7933333,3134.0,NO-LAND,a,Wilderness,USFS,5.56,151.0,32.23154,-110.740218,2702.0,,"FAA AC 91-36D: pilots asked to stay >= 2,000 ft AGL over NPS, wilderness and refuges",GNIS,1678947,,
AR0112,arch,Escalante Natural Bridge,37.7724884,-111.4446137,5390.0,NO-LAND,b,Wilderness Study Area,BLM,1.15,218.0,37.757298,-111.459519,6284.0,,,GNIS,1454428,,
AR0113,arch,Escarpment Arch,40.305,-108.12,7072.0,LANDABLE,g,BLM land,BLM,0.0,,40.305,-108.12,7072.0,,,GNIS,2677654,,
AR0114,arch,Eye of Needle,38.5107912,-113.5958055,6552.0,LANDABLE,g,BLM land,BLM,0.0,,38.510791,-113.595806,6552.0,,,GNIS,1427864,,
AR0115,arch,Eye of the Dove,36.8841667,-110.0547222,5849.0,NO-LAND,c,Tribal land - tribal permission required,BIA,17.13,19.0,37.154803,-109.93994,3972.0,,,GNIS,2570171,,
AR0116,arch,Eye of the Moon,34.9227778,-107.6152778,6321.0,NO-LAND,c,Tribal land - tribal permission required,BIA,5.86,122.0,34.870989,-107.514544,6207.0,,,GNIS,2632192,,
AR0117,arch,Eye of the Rabbit,36.9108333,-110.1497222,5644.0,NO-LAND,c,Tribal land - tribal permission required,BIA,17.75,34.0,37.154951,-109.940393,3977.0,,,GNIS,1678961,,
AR0118,arch,Eye of the Whale Arch,38.7130352,-109.6037306,4952.0,NO-GO,,National Park Service,NPS,1.47,270.0,38.712983,-109.635054,4721.0,,"FAA AC 91-36D: pilots asked to stay >= 2,000 ft AGL over NPS, wilderness and refuges",GNIS,1435517,,
AR0119,arch,Fay Canyon Arch,34.909462,-111.86085,4972.0,NO-LAND,a,Wilderness,USFS,21.42,245.0,34.759235,-112.25436,5499.0,,"FAA AC 91-36D: pilots asked to stay >= 2,000 ft AGL over NPS, wilderness and refuges",GNIS,28964,,
AR0120,arch,Fernholes Natural Bridge,36.8580556,-111.1161111,4139.0,NO-LAND,c,Tribal land - tribal permission required,BIA,20.21,280.0,36.917859,-111.529415,3998.0,,,GNIS,2581893,,
AR0121,arch,Finger Arch,39.1274817,-108.8448258,5693.0,NO-LAND,a,Wilderness,BLM,2.39,161.0,39.089816,-108.828182,6591.0,,"FAA AC 91-36D: pilots asked to stay >= 2,000 ft AGL over NPS, wilderness and refuges",GNIS,1678984,,
AR0122,arch,Fisheye Arch,38.0066553,-109.7279018,6032.0,NO-GO,,National Park Service,NPS,1.58,172.0,37.980592,-109.723535,7026.0,,"FAA AC 91-36D: pilots asked to stay >= 2,000 ft AGL over NPS, wilderness and refuges",GNIS,1450357,,
AR0123,arch,Flanigan Arch,37.6341441,-112.9271672,7658.0,OTHER,,Private,PVT,0.89,357.0,37.648902,-112.928113,8275.0,,,GNIS,1448408,,
AR0124,arch,Flatiron Arch,38.6666473,-109.5840075,4408.0,NO-GO,,National Park Service,NPS,2.72,298.0,38.688063,-109.634982,4455.0,,"FAA AC 91-36D: pilots asked to stay >= 2,000 ft AGL over NPS, wilderness and refuges",GNIS,1435536,,
AR0125,arch,Football Arch,38.6999801,-109.584008,4940.0,NO-GO,,National Park Service,NPS,2.4,270.0,38.699856,-109.635006,4599.0,,"FAA AC 91-36D: pilots asked to stay >= 2,000 ft AGL over NPS, wilderness and refuges",GNIS,1435541,,
AR0126,arch,Forbidden Arch,36.958453,-109.881709,5009.0,NO-LAND,c,Tribal land - tribal permission required,BIA,11.29,6.0,37.14573,-109.856016,4078.0,,,GNIS,8513,,
AR0127,arch,Fortress Arch,38.0572104,-109.7379009,5504.0,NO-GO,,National Park Service,NPS,2.64,90.0,38.057254,-109.682218,5599.0,,"FAA AC 91-36D: pilots asked to stay >= 2,000 ft AGL over NPS, wilderness and refuges",GNIS,1450359,,
AR0128,arch,Four Level Arch,36.9105556,-110.1486111,5692.0,NO-LAND,c,Tribal land - tribal permission required,BIA,17.74,34.0,37.154951,-109.940393,3977.0,,,GNIS,1678964,,
AR0129,arch,Full Moon Arch,36.9119444,-110.1380556,5566.0,NO-LAND,c,Tribal land - tribal permission required,BIA,17.38,33.0,37.154951,-109.940393,3977.0,,,GNIS,1678965,,
AR0130,arch,Funnel Arch,38.521094,-109.5992836,4369.0,LANDABLE,g,BLM land,BLM,0.0,,38.521094,-109.599284,4369.0,,,GNIS,1679072,,
AR0131,arch,Gemini Bridges,38.5858145,-109.7076187,5078.0,LANDABLE,g,BLM land,BLM,0.0,,38.585814,-109.707619,5078.0,,,GNIS,1454622,,
AR0132,arch,Genevieves Arch,36.91,-109.9294444,5397.0,NO-LAND,c,Tribal land - tribal permission required,BIA,14.48,9.0,37.148705,-109.882868,4054.0,,,GNIS,1678943,,
AR0133,arch,Gobernador Canyon Arch,36.7852778,-107.6686111,5924.0,LANDABLE,g,BLM land,BLM,0.0,,36.785278,-107.668611,5924.0,,,GNIS,2651457,,
AR0134,arch,Gold Bar Arch,38.599148,-109.6395628,4858.0,LANDABLE,g,BLM land,BLM,0.0,,38.599148,-109.639563,4858.0,,,GNIS,1435585,,
AR0136,arch,Gothic Arch,38.8333109,-109.5840096,4579.0,LANDABLE,g,BLM land,BLM,0.0,,38.833311,-109.58401,4579.0,,,GNIS,1435596,,
AR0135,arch,Gothic Arch,38.0883214,-109.7362338,5324.0,NO-GO,,National Park Service,NPS,2.56,90.0,38.08837,-109.682257,5448.0,,"FAA AC 91-36D: pilots asked to stay >= 2,000 ft AGL over NPS, wilderness and refuges",GNIS,1435597,,
AR0137,arch,Goulding Arch,37.0091676,-110.2134633,5511.0,OTHER,,Private,PVT,15.7,56.0,37.157105,-109.943681,3974.0,,,GNIS,1679068,,
AR0138,arch,Grosvenor Arch,37.4566526,-111.8315671,6382.0,LANDABLE,g,BLM land,BLM,0.0,,37.456653,-111.831567,6382.0,,,GNIS,1428417,,
AR0139,arch,Guillotine Arch,38.2872083,-109.8081768,3991.0,NO-GO,,National Park Service,NPS,1.36,73.0,38.293713,-109.780559,3920.0,,"FAA AC 91-36D: pilots asked to stay >= 2,000 ft AGL over NPS, wilderness and refuges",GNIS,1679083,,
AR0140,arch,Gunnery Arch,32.5794444,-113.6172222,1030.0,NO-GO,,Air Force,USAF,10.3,319.0,32.708824,-113.751218,553.0,,DoD land: check restricted / military airspace,GNIS,2628315,,
AR0141,arch,Gunsight Natural Bridge,38.0202665,-109.7112347,6100.0,NO-GO,,National Park Service,NPS,1.38,90.0,38.02027,-109.682197,6425.0,,"FAA AC 91-36D: pilots asked to stay >= 2,000 ft AGL over NPS, wilderness and refuges",GNIS,1679078,,
AR0142,arch,Hall Bridge,38.5138719,-109.5576165,4513.0,LANDABLE,g,BLM land,BLM,0.0,,38.513872,-109.557616,4513.0,,,GNIS,1679075,,
AR0143,arch,Hand Hold Arch,38.015267,-109.6656787,5434.0,NO-GO,,National Park Service,NPS,0.08,90.0,38.015267,-109.663923,5415.0,,"FAA AC 91-36D: pilots asked to stay >= 2,000 ft AGL over NPS, wilderness and refuges",GNIS,1450438,,
AR0144,arch,Harmonica Arch,39.1911111,-105.3947222,8835.0,NO-LAND,a,Wilderness,USFS,12.31,261.0,39.158488,-105.655225,9408.0,,"FAA AC 91-36D: pilots asked to stay >= 2,000 ft AGL over NPS, wilderness and refuges",GNIS,2677683,,
AR0145,arch,Hartman Natural Bridge,36.1952622,-111.9198862,6072.0,NO-GO,,National Park Service,NPS,21.58,239.0,36.006514,-112.297951,6166.0,,"FAA AC 91-36D: pilots asked to stay >= 2,000 ft AGL over NPS, wilderness and refuges | Inside Grand Canyon NP: Grand Canyon SFRA rules apply (14 CFR 93 Subpart U)",GNIS,42962,,
AR0146,arch,Hawkeye Natural Bridge,37.1127733,-110.7462494,4718.0,NO-LAND,c,Tribal land - tribal permission required,BIA,10.19,31.0,37.258878,-110.637476,4347.0,,,GNIS,1428592,,
AR0147,arch,Hell Hole,32.9119444,-110.4575,3332.0,NO-LAND,a,Wilderness,BLM,0.58,315.0,32.918776,-110.465669,3719.0,,"FAA AC 91-36D: pilots asked to stay >= 2,000 ft AGL over NPS, wilderness and refuges",GNIS,2629408,,
AR0148,arch,Hewitt Canyon Natural Arch,33.3458333,-111.2191667,2597.0,CALL FIRST,f,USFS - check forest orders,USFS,3.22,231.0,33.312132,-111.26911,2304.0,,,GNIS,2629407,,
AR0149,arch,Hickman Natural Bridge,38.2913688,-111.2346135,5707.0,NO-GO,,National Park Service,NPS,2.63,213.0,38.254613,-111.264919,6413.0,,"FAA AC 91-36D: pilots asked to stay >= 2,000 ft AGL over NPS, wilderness and refuges",GNIS,1454441,,
AR0150,arch,Hidden Bridge,36.9102778,-110.0733333,5324.0,NO-LAND,c,Tribal land - tribal permission required,BIA,15.99,23.0,37.154951,-109.940393,3977.0,,,GNIS,1678967,,
AR0151,arch,Hole in Rock,36.570269,-111.4109829,5985.0,NO-LAND,c,Tribal land - tribal permission required,BIA,18.2,313.0,36.777666,-111.686501,3744.0,,,GNIS,20804,,
AR0152,arch,Hole in the Bridge Arch,39.1463889,-108.8522222,5451.0,NO-LAND,a,Wilderness,BLM,2.52,47.0,39.175256,-108.813024,4534.0,,"FAA AC 91-36D: pilots asked to stay >= 2,000 ft AGL over NPS, wilderness and refuges",GNIS,1678990,,
AR0153,arch,Hole in the Mountain,40.9471452,-115.1233832,10990.0,NO-LAND,a,Wilderness,USFS,7.52,28.0,41.057322,-115.044482,6359.0,,"FAA AC 91-36D: pilots asked to stay >= 2,000 ft AGL over NPS, wilderness and refuges",GNIS,860010,,
AR0156,arch,Hole in the Rock,40.9424492,-110.1595985,8949.0,CALL FIRST,f,USFS - check forest orders,USFS,12.44,75.0,40.99755,-109.895636,7816.0,,,GNIS,1428766,,
AR0155,arch,Hole in the Rock,36.9383187,-111.8493384,5915.0,NO-LAND,d,BLM National Monument / NCA,BLM,3.8,8.0,37.001144,-111.838923,5200.0,,Within 15 nm of Grand Canyon NP: check the Grand Canyon SFRA on the Grand Canyon VFR chart,GNIS,5881,,
AR0154,arch,Hole in the Rock,33.4563889,-111.9452778,1341.0,OTHER,,Undetermined,UND,1.81,131.0,33.436729,-111.917934,1160.0,,,GNIS,23929,,
AR0157,arch,Hole-in-the-Fin Arch,38.7461111,-109.5636111,4812.0,NO-GO,,National Park Service,NPS,2.67,119.0,38.724401,-109.514017,4917.0,,"FAA AC 91-36D: pilots asked to stay >= 2,000 ft AGL over NPS, wilderness and refuges",GNIS,1435685,,
AR0158,arch,Hole-in-the-Rock,38.3905406,-109.454004,5092.0,OTHER,,Private,PVT,0.06,0.0,38.391477,-109.454001,5135.0,,,GNIS,1428773,,
AR0159,arch,Hole-in-the-Wall,38.6405364,-109.6076185,4177.0,NO-GO,,National Park Service,NPS,1.36,252.0,38.633482,-109.635086,4791.0,,"FAA AC 91-36D: pilots asked to stay >= 2,000 ft AGL over NPS, wilderness and refuges",GNIS,1435686,,
AR0160,arch,Honeymoon Arch,36.8886111,-110.1766667,5468.0,NO-LAND,c,Tribal land - tribal permission required,BIA,19.58,35.0,37.156155,-109.942555,3971.0,,,GNIS,1678966,,
AR0161,arch,Hoola Hey Arch,36.8691667,-110.0408333,5558.0,NO-LAND,c,Tribal land - tribal permission required,BIA,17.79,16.0,37.154803,-109.93994,3972.0,,,GNIS,2576164,,
AR0162,arch,Hope Arch,36.2022222,-109.6888889,5798.0,NO-LAND,c,Tribal land - tribal permission required,BIA,46.01,137.0,35.639601,-109.046365,6973.0,,,GNIS,1678955,,
AR0163,arch,Horizon Arch,37.7405444,-111.6607317,6918.0,LANDABLE,g,BLM land,BLM,0.0,,37.740544,-111.660732,6918.0,,,GNIS,1679060,,
AR0164,arch,Horsehoof Arch,38.0991537,-109.879293,5595.0,NO-GO,,National Park Service,NPS,2.28,176.0,38.061293,-109.875624,5702.0,,"FAA AC 91-36D: pilots asked to stay >= 2,000 ft AGL over NPS, wilderness and refuges",GNIS,1679085,,
AR0165,arch,Hualapai Arch,35.1430556,-114.3491667,3600.0,NO-LAND,a,Wilderness,BLM,0.13,244.0,35.14208,-114.351577,3312.0,,"FAA AC 91-36D: pilots asked to stay >= 2,000 ft AGL over NPS, wilderness and refuges",GNIS,2611544,,
AR0166,arch,Hunter Arch,38.5058164,-109.5931723,4501.0,LANDABLE,g,BLM land,BLM,0.0,,38.505816,-109.593172,4501.0,,,GNIS,1679073,,
AR0167,arch,Huntress Arch,38.6063708,-109.5381731,4319.0,LANDABLE,g,BLM land,BLM,0.0,,38.606371,-109.538173,4319.0,,,GNIS,1437279,,
AR0168,arch,Indian Foot,37.5972162,-110.034577,5889.0,NO-GO,,National Park Service,NPS,0.35,209.0,37.592099,-110.03818,6010.0,,"FAA AC 91-36D: pilots asked to stay >= 2,000 ft AGL over NPS, wilderness and refuges",GNIS,1441998,,
AR0170,arch,Indian Head Arch,38.8133333,-109.6325,5304.0,NO-GO,,National Park Service,NPS,0.67,360.0,38.824492,-109.632508,4981.0,,"FAA AC 91-36D: pilots asked to stay >= 2,000 ft AGL over NPS, wilderness and refuges",GNIS,1435736,,
AR0169,arch,Indian Head Arch,34.9390648,-111.7525368,5236.0,NO-LAND,a,Wilderness,USFS,26.74,85.0,34.974799,-111.212067,6165.0,,"FAA AC 91-36D: pilots asked to stay >= 2,000 ft AGL over NPS, wilderness and refuges",GNIS,1678950,,
AR0171,arch,Itois Eyes,31.7638889,-111.5766667,6072.0,NO-LAND,a,Wilderness,BLM,1.0,245.0,31.756917,-111.594447,5247.0,,"FAA AC 91-36D: pilots asked to stay >= 2,000 ft AGL over NPS, wilderness and refuges",GNIS,2629410,,
AR0172,arch,Jacks Arch,38.635258,-109.6917859,5162.0,LANDABLE,g,BLM land,BLM,0.0,,38.635258,-109.691786,5162.0,,,GNIS,1679090,,
AR0173,arch,Jacob Hamblin Arch,37.4188792,-111.0432127,4152.0,NO-GO,,National Park Service,NPS,1.21,180.0,37.398645,-111.043207,4701.0,,"FAA AC 91-36D: pilots asked to stay >= 2,000 ft AGL over NPS, wilderness and refuges",GNIS,1429112,,
AR0174,arch,Jett Arch,36.962215,-111.1687597,4198.0,NO-LAND,c,Tribal land - tribal permission required,BIA,13.95,318.0,37.135678,-111.362596,4613.0,,,GNIS,24263,,
AR0175,arch,Jewel Tibbetts Arch,38.6127578,-109.8490109,5025.0,LANDABLE,g,BLM land,BLM,0.0,,38.612758,-109.849011,5025.0,,,GNIS,1797403,,
AR0176,arch,Jicarilla Bridge,36.1077778,-112.3133333,6486.0,NO-GO,,National Park Service,NPS,6.06,180.0,36.006571,-112.31388,6105.0,,"FAA AC 91-36D: pilots asked to stay >= 2,000 ft AGL over NPS, wilderness and refuges | Inside Grand Canyon NP: Grand Canyon SFRA rules apply (14 CFR 93 Subpart U)",GNIS,2581885,,
AR0177,arch,Joannes Arch,36.9908333,-112.0055556,5642.0,NO-LAND,a,Wilderness,BLM,1.33,272.0,36.991509,-112.033314,5071.0,,"FAA AC 91-36D: pilots asked to stay >= 2,000 ft AGL over NPS, wilderness and refuges",GNIS,2581887,,
AR0178,arch,Juanita Arch,38.5741667,-108.8936111,5188.0,LANDABLE,g,BLM land,BLM,0.0,,38.574167,-108.893611,5188.0,,,GNIS,185548,,
AR0179,arch,Kachina Bridge,37.6000542,-110.0309944,5760.0,NO-GO,,National Park Service,NPS,0.37,341.0,37.605909,-110.033542,6092.0,,"FAA AC 91-36D: pilots asked to stay >= 2,000 ft AGL over NPS, wilderness and refuges",GNIS,1455883,,
AR0180,arch,Keyhole Arch,37.0419373,-111.1037604,4874.0,NO-LAND,c,Tribal land - tribal permission required,BIA,9.95,0.0,37.208054,-111.103661,6142.0,,,GNIS,1450408,,
AR0181,arch,Keyhole Natural Bridge,36.3799826,-112.5810209,3648.0,NO-GO,,National Park Service,NPS,7.87,284.0,36.411903,-112.738568,5635.0,,"FAA AC 91-36D: pilots asked to stay >= 2,000 ft AGL over NPS, wilderness and refuges | Inside Grand Canyon NP: Grand Canyon SFRA rules apply (14 CFR 93 Subpart U)",GNIS,6676,,
AR0182,arch,Keystone Arch,37.6397168,-109.798742,6816.0,NO-LAND,d,BLM National Monument / NCA,USFS,3.42,234.0,37.606557,-109.85706,7550.0,,,GNIS,1448545,,
AR0183,arch,Keystone Bridge,34.9344444,-109.7536111,5564.0,NO-GO,,National Park Service,NPS,5.27,292.0,34.967812,-109.852511,5282.0,,"FAA AC 91-36D: pilots asked to stay >= 2,000 ft AGL over NPS, wilderness and refuges",GNIS,1678953,,
AR0184,arch,Kirk Arch,37.9916551,-109.7606804,6389.0,NO-GO,,National Park Service,NPS,0.91,320.0,38.00323,-109.773097,5944.0,,"FAA AC 91-36D: pilots asked to stay >= 2,000 ft AGL over NPS, wilderness and refuges",GNIS,1450411,,
AR0185,arch,Kissing Camels,38.8788889,-104.8805556,6592.0,OTHER,,Local government,LG,3.12,231.0,38.846116,-104.932167,8092.0,,,GNIS,1678978,,
AR0186,arch,Kissing Cows,38.1127647,-109.8715147,5272.0,NO-GO,,National Park Service,NPS,3.08,180.0,38.061295,-109.871483,5775.0,,"FAA AC 91-36D: pilots asked to stay >= 2,000 ft AGL over NPS, wilderness and refuges",GNIS,1679084,,
AR0187,arch,Kolb Arch,36.2844283,-111.9687785,6950.0,NO-GO,,National Park Service,NPS,23.09,224.0,36.006514,-112.297951,6166.0,,"FAA AC 91-36D: pilots asked to stay >= 2,000 ft AGL over NPS, wilderness and refuges | Inside Grand Canyon NP: Grand Canyon SFRA rules apply (14 CFR 93 Subpart U)",GNIS,20849,,
AR0188,arch,Kolob Arch,37.4235911,-113.1577256,5841.0,NO-LAND,a,Wilderness,NPS,1.83,19.0,37.452525,-113.145367,7490.0,,"FAA AC 91-36D: pilots asked to stay >= 2,000 ft AGL over NPS, wilderness and refuges",GNIS,1429390,,
AR0189,arch,La Gorce Arch,37.308325,-110.9368187,3674.0,NO-GO,,National Park Service,NPS,3.88,260.0,37.29717,-111.016736,4265.0,,"FAA AC 91-36D: pilots asked to stay >= 2,000 ft AGL over NPS, wilderness and refuges",GNIS,1454344,,
AR0190,arch,La Ventana,37.8119444,-106.3761111,8954.0,CALL FIRST,f,USFS - check forest orders,USFS,2.45,7.0,37.852586,-106.369828,8781.0,,,GNIS,190248,,
AR0191,arch,La Ventana Natural Arch,34.8691667,-107.8891667,7118.0,NO-LAND,a,Wilderness,BLM,5.67,342.0,34.9593,-107.924291,6852.0,,"FAA AC 91-36D: pilots asked to stay >= 2,000 ft AGL over NPS, wilderness and refuges",GNIS,1679025,,
AR0192,arch,Lamanite Arch,37.9599865,-111.2765558,6800.0,NO-LAND,b,Wilderness Study Area,BLM,1.05,57.0,37.969586,-111.258039,6504.0,,,GNIS,1451279,,
AR0193,arch,Landscape Arch,38.7905337,-109.6067871,5296.0,NO-GO,,National Park Service,NPS,1.24,19.0,38.810096,-109.5984,4798.0,,"FAA AC 91-36D: pilots asked to stay >= 2,000 ft AGL over NPS, wilderness and refuges",GNIS,1429470,,
AR0194,arch,Lexington Arch,38.8441158,-114.2083253,8404.0,NO-GO,,National Park Service,NPS,0.08,90.0,38.844116,-114.206649,8086.0,,"FAA AC 91-36D: pilots asked to stay >= 2,000 ft AGL over NPS, wilderness and refuges",GNIS,849188,,
AR0195,arch,Liberty Bell Arch,35.975,-114.7244444,1493.0,NO-GO,,National Park Service,NPS,7.44,273.0,35.982166,-114.876904,2809.0,,"FAA AC 91-36D: pilots asked to stay >= 2,000 ft AGL over NPS, wilderness and refuges",GNIS,2611541,,
AR0196,arch,Little Bridge,38.749424,-109.5617861,5019.0,NO-GO,,National Park Service,NPS,2.48,45.0,38.778788,-109.524535,4634.0,,"FAA AC 91-36D: pilots asked to stay >= 2,000 ft AGL over NPS, wilderness and refuges",GNIS,1435870,,
AR0197,arch,Little Delicate Arch,36.8147222,-107.8141667,6191.0,LANDABLE,g,BLM land,BLM,0.0,,36.814722,-107.814167,6191.0,,,GNIS,2651453,,
AR0198,arch,Little Needles Eye,32.2073112,-107.595025,4958.0,OTHER,,Private,PVT,0.07,277.0,32.207452,-107.596343,4967.0,,,GNIS,1679026,,
AR0199,arch,Long Arch,38.0041557,-109.6940125,6023.0,NO-GO,,National Park Service,NPS,1.0,34.0,38.017913,-109.682196,6350.0,,"FAA AC 91-36D: pilots asked to stay >= 2,000 ft AGL over NPS, wilderness and refuges",GNIS,1679077,,
AR0200,arch,Looking Glass Rock,38.2752644,-109.4051136,6220.0,LANDABLE,g,BLM land,BLM,0.0,,38.275264,-109.405114,6220.0,,,GNIS,1429928,,
AR0201,arch,Lopez Arch,38.2413762,-109.3742796,5914.0,LANDABLE,g,BLM land,BLM,0.0,,38.241376,-109.37428,5914.0,,,GNIS,1435896,,
AR0202,arch,Magic Theater Arch,38.5280384,-109.5895614,4335.0,LANDABLE,g,BLM land,BLM,0.0,,38.528038,-109.589561,4335.0,,,GNIS,1437280,,
AR0203,arch,Mano Arch,37.586377,-111.4137779,5306.0,NO-LAND,b,Wilderness Study Area,BLM,0.08,127.0,37.585567,-111.412427,5336.0,,,GNIS,1679063,,
AR0204,arch,Margaret Arch,36.5480525,-110.9562558,6807.0,NO-LAND,c,Tribal land - tribal permission required,BIA,35.43,309.0,36.917859,-111.529415,3998.0,,,GNIS,24229,,
AR0205,arch,Maverick Bridge,37.7635997,-111.407668,5335.0,NO-LAND,b,Wilderness Study Area,BLM,1.35,157.0,37.742938,-111.396359,5916.0,,,GNIS,1454472,,
AR0206,arch,Mesa Arch,38.3878595,-109.8636644,6122.0,NO-GO,,National Park Service,NPS,5.57,51.0,38.445936,-109.771397,4414.0,,"FAA AC 91-36D: pilots asked to stay >= 2,000 ft AGL over NPS, wilderness and refuges",GNIS,1434923,,
AR0207,arch,Metate Arch,37.5866548,-111.4140556,5302.0,NO-LAND,b,Wilderness Study Area,BLM,0.1,119.0,37.585837,-111.412214,5330.0,,,GNIS,1435934,,
AR0208,arch,Mikes Arch,36.8441667,-110.9619444,4632.0,NO-LAND,c,Tribal land - tribal permission required,BIA,22.26,348.0,37.207998,-111.055435,6469.0,,,GNIS,2581895,,
AR0209,arch,Miners Arch,34.1641667,-113.8555556,1457.0,LANDABLE,g,BLM land,BLM,0.0,,34.164167,-113.855556,1457.0,,,GNIS,8510,,
AR0210,arch,Moccasin Arch,36.9136111,-110.0761111,5334.0,NO-LAND,c,Tribal land - tribal permission required,BIA,15.86,24.0,37.154951,-109.940393,3977.0,,,GNIS,1678969,,
AR0211,arch,Morning Glory Arch,38.5935933,-109.5087283,4363.0,LANDABLE,g,BLM land,BLM,0.0,,38.593593,-109.508728,4363.0,,,GNIS,1435990,,
AR0212,arch,Muffin Arch,38.1610965,-109.9979064,5304.0,NO-GO,,National Park Service,NPS,6.22,164.0,38.061282,-109.962223,5685.0,,"FAA AC 91-36D: pilots asked to stay >= 2,000 ft AGL over NPS, wilderness and refuges",GNIS,1455089,,
AR0213,arch,Murl Emery Arch,35.7269303,-114.8191459,3364.0,LANDABLE,g,BLM land,BLM,0.0,,35.72693,-114.819146,3364.0,,,GNIS,1679028,,
AR0214,arch,Musselman Arch,38.4358173,-109.7695633,4447.0,NO-GO,,National Park Service,NPS,0.59,48.0,38.442441,-109.760199,3929.0,,"FAA AC 91-36D: pilots asked to stay >= 2,000 ft AGL over NPS, wilderness and refuges",GNIS,1434919,,
AR0215,arch,Nachi Kulik,31.600473,-111.7084507,3023.0,NO-LAND,c,Tribal land - tribal permission required,BIA,5.69,43.0,31.669615,-111.632188,4350.0,,,GNIS,8474,,
AR0256,arch,Natural Arch,38.2616512,-110.1604097,6200.0,NO-GO,,National Park Service,NPS,0.93,270.0,38.261644,-110.180126,6473.0,,"FAA AC 91-36D: pilots asked to stay >= 2,000 ft AGL over NPS, wilderness and refuges",GNIS,1434926,,
AR0255,arch,Natural Arch,38.0099884,-109.7409574,5921.0,NO-GO,,National Park Service,NPS,1.58,255.0,38.003345,-109.773097,5934.0,,"FAA AC 91-36D: pilots asked to stay >= 2,000 ft AGL over NPS, wilderness and refuges",GNIS,1450439,,
AR0249,arch,Natural Arch,36.7627778,-110.1408333,5572.0,NO-LAND,c,Tribal land - tribal permission required,BIA,25.4,22.0,37.154803,-109.93994,3972.0,,,GNIS,8511,,
AR0246,arch,Natural Arch,35.8763759,-113.3196537,2112.0,NO-GO,,National Park Service,NPS,23.08,188.0,35.494418,-113.381399,5302.0,,"FAA AC 91-36D: pilots asked to stay >= 2,000 ft AGL over NPS, wilderness and refuges | Inside Grand Canyon NP: Grand Canyon SFRA rules apply (14 CFR 93 Subpart U)",GNIS,23100,,
AR0251,arch,Natural Arch,36.8847222,-110.0958333,6038.0,NO-LAND,c,Tribal land - tribal permission required,BIA,17.83,25.0,37.154951,-109.940393,3977.0,,,GNIS,2570173,,
AR0254,arch,Natural Arch,36.9758333,-109.8761111,5114.0,NO-LAND,c,Tribal land - tribal permission required,BIA,10.23,5.0,37.14573,-109.856016,4078.0,,,GNIS,2571086,,
AR0253,arch,Natural Arch,36.9711111,-109.8780556,5123.0,NO-LAND,c,Tribal land - tribal permission required,BIA,10.52,6.0,37.14573,-109.856016,4078.0,,,GNIS,2571087,,
AR0252,arch,Natural Arch,36.9152778,-109.9202778,5323.0,NO-LAND,c,Tribal land - tribal permission required,BIA,14.1,7.0,37.148705,-109.882868,4054.0,,,GNIS,2571088,,
AR0250,arch,Natural Arch,36.8819444,-110.2366667,5613.0,NO-LAND,c,Tribal land - tribal permission required,BIA,21.67,41.0,37.156155,-109.942555,3971.0,,,GNIS,2571090,,
AR0248,arch,Natural Arch,36.6877778,-110.8333333,5474.0,NO-LAND,c,Tribal land - tribal permission required,BIA,32.95,341.0,37.207998,-111.055435,6469.0,,,GNIS,2581896,,
AR0247,arch,Natural Arch,36.0844444,-112.09,4854.0,NO-GO,,National Park Service,NPS,11.14,245.0,36.006514,-112.297951,6166.0,,"FAA AC 91-36D: pilots asked to stay >= 2,000 ft AGL over NPS, wilderness and refuges | Inside Grand Canyon NP: Grand Canyon SFRA rules apply (14 CFR 93 Subpart U)",GNIS,2585952,,
AR0223,arch,Natural Arch,33.2636111,-114.3122222,2474.0,NO-GO,,Army,ARMY,2.18,90.0,33.263621,-114.268796,1574.0,,DoD land: check restricted / military airspace,GNIS,2628284,,
AR0227,arch,Natural Arch,33.3,-114.3102778,2180.0,NO-GO,,Army,ARMY,2.13,90.0,33.300005,-114.268001,1919.0,,DoD land: check restricted / military airspace,GNIS,2628285,,
AR0232,arch,Natural Arch,33.3925,-113.6472222,1854.0,LANDABLE,g,BLM land,BLM,0.0,,33.3925,-113.647222,1854.0,,,GNIS,2628286,,
AR0242,arch,Natural Arch,33.6794444,-113.5541667,2591.0,LANDABLE,g,BLM land,BLM,0.0,,33.679444,-113.554167,2591.0,,,GNIS,2628288,,
AR0243,arch,Natural Arch,33.6863889,-113.545,2076.0,LANDABLE,g,BLM land,BLM,0.0,,33.686389,-113.545,2076.0,,,GNIS,2628290,,
AR0239,arch,Natural Arch,33.5127778,-113.5061111,1863.0,LANDABLE,g,BLM land,BLM,0.0,,33.512778,-113.506111,1863.0,,,GNIS,2628293,,
AR0240,arch,Natural Arch,33.515,-113.4772222,1723.0,NO-LAND,a,Wilderness,BLM,0.25,230.0,33.512275,-113.481123,1572.0,,"FAA AC 91-36D: pilots asked to stay >= 2,000 ft AGL over NPS, wilderness and refuges",GNIS,2628295,,
AR0238,arch,Natural Arch,33.4633333,-113.41,2014.0,NO-LAND,a,Wilderness,BLM,1.55,28.0,33.486254,-113.395647,1780.0,,"FAA AC 91-36D: pilots asked to stay >= 2,000 ft AGL over NPS, wilderness and refuges",GNIS,2628297,,
AR0237,arch,Natural Arch,33.4502778,-113.3677778,2336.0,NO-LAND,a,Wilderness,BLM,0.96,54.0,33.459677,-113.352357,1588.0,,"FAA AC 91-36D: pilots asked to stay >= 2,000 ft AGL over NPS, wilderness and refuges",GNIS,2628298,,
AR0234,arch,Natural Arch,33.4025,-113.3408333,1922.0,NO-LAND,a,Wilderness,BLM,2.44,25.0,33.439503,-113.320358,1704.0,,"FAA AC 91-36D: pilots asked to stay >= 2,000 ft AGL over NPS, wilderness and refuges",GNIS,2628299,,
AR0219,arch,Natural Arch,32.9794444,-114.3188889,1003.0,NO-GO,,Army,ARMY,3.94,40.0,33.029961,-114.2688,929.0,,DoD land: check restricted / military airspace,GNIS,2628300,,
AR0224,arch,Natural Arch,33.2675,-114.2075,1986.0,NO-LAND,a,Wilderness,FWS,0.5,270.0,33.267496,-114.217413,1611.0,,"FAA AC 91-36D: pilots asked to stay >= 2,000 ft AGL over NPS, wilderness and refuges",GNIS,2628301,,
AR0225,arch,Natural Arch,33.2902778,-114.1986111,1829.0,NO-LAND,a,Wilderness,FWS,0.09,305.0,33.291142,-114.200094,1630.0,,"FAA AC 91-36D: pilots asked to stay >= 2,000 ft AGL over NPS, wilderness and refuges",GNIS,2628302,,
AR0216,arch,Natural Arch,32.9680556,-114.1558333,1290.0,NO-LAND,a,Wilderness,FWS,5.43,313.0,33.030064,-114.234478,1056.0,,"FAA AC 91-36D: pilots asked to stay >= 2,000 ft AGL over NPS, wilderness and refuges",GNIS,2628303,,
AR0220,arch,Natural Arch,32.9827778,-114.1158333,1457.0,NO-LAND,a,Wilderness,FWS,6.62,295.0,33.030064,-114.234478,1056.0,,"FAA AC 91-36D: pilots asked to stay >= 2,000 ft AGL over NPS, wilderness and refuges",GNIS,2628304,,
AR0221,arch,Natural Arch,32.9830556,-114.1063889,1457.0,NO-GO,,Fish & Wildlife Service refuge,FWS,7.05,294.0,33.030064,-114.234478,1056.0,,"FAA AC 91-36D: pilots asked to stay >= 2,000 ft AGL over NPS, wilderness and refuges",GNIS,2628305,,
AR0217,arch,Natural Arch,32.9769444,-114.1047222,1660.0,NO-LAND,a,Wilderness,FWS,7.28,296.0,33.030064,-114.234478,1056.0,,"FAA AC 91-36D: pilots asked to stay >= 2,000 ft AGL over NPS, wilderness and refuges",GNIS,2628306,,
AR0230,arch,Natural Arch,33.3780556,-114.0891667,3069.0,NO-LAND,a,Wilderness,FWS,3.81,270.0,33.378071,-114.165031,1547.0,,"FAA AC 91-36D: pilots asked to stay >= 2,000 ft AGL over NPS, wilderness and refuges",GNIS,2628307,,
AR0231,arch,Natural Arch,33.3847222,-114.0822222,2985.0,NO-LAND,a,Wilderness,FWS,4.16,270.0,33.384741,-114.165028,1539.0,,"FAA AC 91-36D: pilots asked to stay >= 2,000 ft AGL over NPS, wilderness and refuges",GNIS,2628308,,
AR0218,arch,Natural Arch,32.9788889,-114.0669444,1805.0,NO-LAND,a,Wilderness,FWS,8.99,290.0,33.030064,-114.234478,1056.0,,"FAA AC 91-36D: pilots asked to stay >= 2,000 ft AGL over NPS, wilderness and refuges",GNIS,2628309,,
AR0235,arch,Natural Arch,33.4138889,-114.0386111,2948.0,NO-LAND,a,Wilderness,FWS,6.35,270.0,33.413915,-114.165011,1489.0,,"FAA AC 91-36D: pilots asked to stay >= 2,000 ft AGL over NPS, wilderness and refuges",GNIS,2628310,,
AR0236,arch,Natural Arch,33.4283333,-114.0175,2660.0,NO-LAND,a,Wilderness,FWS,7.41,270.0,33.428319,-114.165011,1460.0,,"FAA AC 91-36D: pilots asked to stay >= 2,000 ft AGL over NPS, wilderness and refuges",GNIS,2628311,,
AR0228,arch,Natural Arch,33.3008333,-114.0072222,2394.0,NO-LAND,a,Wilderness,FWS,8.8,295.0,33.363721,-114.165537,1566.0,,"FAA AC 91-36D: pilots asked to stay >= 2,000 ft AGL over NPS, wilderness and refuges",GNIS,2628312,,
AR0226,arch,Natural Arch,33.2980556,-113.9705556,2261.0,NO-GO,,Fish & Wildlife Service refuge,FWS,10.56,292.0,33.363721,-114.165537,1566.0,,"FAA AC 91-36D: pilots asked to stay >= 2,000 ft AGL over NPS, wilderness and refuges",GNIS,2628313,,
AR0222,arch,Natural Arch,33.2325,-113.3338889,1611.0,LANDABLE,g,BLM land,BLM,0.0,,33.2325,-113.333889,1611.0,,,GNIS,2628316,,
AR0229,arch,Natural Arch,33.3777778,-113.3172222,1927.0,NO-LAND,a,Wilderness,BLM,2.06,104.0,33.36929,-113.27753,1470.0,,"FAA AC 91-36D: pilots asked to stay >= 2,000 ft AGL over NPS, wilderness and refuges",GNIS,2628318,,
AR0233,arch,Natural Arch,33.4008333,-113.3033333,2791.0,NO-LAND,a,Wilderness,BLM,2.29,146.0,33.36929,-113.27753,1470.0,,"FAA AC 91-36D: pilots asked to stay >= 2,000 ft AGL over NPS, wilderness and refuges",GNIS,2628319,,
AR0245,arch,Natural Arch,33.8819444,-113.1708333,2456.0,LANDABLE,g,BLM land,BLM,0.0,,33.881944,-113.170833,2456.0,,,GNIS,2628321,,
AR0244,arch,Natural Arch,33.8575,-112.7422222,2185.0,LANDABLE,g,BLM land,BLM,0.0,,33.8575,-112.742222,2185.0,,,GNIS,2628324,,
AR0241,arch,Natural Arch,33.6122222,-112.9061111,1646.0,LANDABLE,g,BLM land,BLM,0.0,,33.612222,-112.906111,1646.0,,,GNIS,2628325,,
AR0257,arch,Natural Arch,39.0332754,-114.9391832,8460.0,LANDABLE,g,BLM land,BLM,0.0,,39.033275,-114.939183,8460.0,,,GNIS,860717,,
AR0258,arch,Natural Arch,39.2282728,-114.9080743,6805.0,LANDABLE,g,BLM land,BLM,0.0,,39.228273,-114.908074,6805.0,,,GNIS,860718,,
AR0264,arch,Natural Bridge,39.7858333,-107.0133333,6544.0,OTHER,,Private,PVT,0.06,0.0,39.786823,-107.013333,6629.0,,,GNIS,2674679,,
AR0262,arch,Natural Bridge,37.6011095,-109.5090112,5897.0,LANDABLE,g,BLM land,BLM,0.0,,37.60111,-109.509011,5897.0,,,GNIS,1436024,,
AR0263,arch,Natural Bridge,37.9833221,-109.7284579,6562.0,NO-GO,,National Park Service,NPS,0.28,129.0,37.980444,-109.723903,7016.0,,"FAA AC 91-36D: pilots asked to stay >= 2,000 ft AGL over NPS, wilderness and refuges",GNIS,1448725,,
AR0260,arch,Natural Bridge,34.095637,-104.9791555,5088.0,OTHER,,Private,PVT,0.09,272.0,34.095682,-104.980998,5102.0,,,GNIS,892380,,
AR0259,arch,Natural Bridge,32.2533333,-104.7194444,4717.0,CALL FIRST,f,USFS - check forest orders,USFS,0.88,9.0,32.267846,-104.716662,5214.0,,,GNIS,2632196,,
AR0261,arch,Natural Bridge,36.3122222,-112.3511111,5198.0,NO-GO,,National Park Service,NPS,18.33,177.0,36.006581,-112.333582,6116.0,,"FAA AC 91-36D: pilots asked to stay >= 2,000 ft AGL over NPS, wilderness and refuges | Inside Grand Canyon NP: Grand Canyon SFRA rules apply (14 CFR 93 Subpart U)",GNIS,2647698,,
AR0266,arch,Navajo Arch,38.7919224,-109.6090094,5488.0,NO-GO,,National Park Service,NPS,1.2,25.0,38.810096,-109.5984,4798.0,,"FAA AC 91-36D: pilots asked to stay >= 2,000 ft AGL over NPS, wilderness and refuges",GNIS,1430646,,
AR0265,arch,Navajo Arch,36.9425,-111.3216667,3768.0,NO-LAND,c,Tribal land - tribal permission required,BIA,9.99,270.0,36.942447,-111.529423,4023.0,,,GNIS,2581889,,
AR0267,arch,Needles Eye,32.1262025,-107.613636,6896.0,NO-LAND,b,Wilderness Study Area,BLM,0.65,12.0,32.136874,-107.611022,5603.0,,,GNIS,898394,,
AR0269,arch,Needles Eye,33.42,-108.8230556,5821.0,CALL FIRST,f,USFS - check forest orders,USFS,16.97,177.0,33.137009,-108.80595,5296.0,,,GNIS,1679021,,
AR0268,arch,Needles Eye,33.2803115,-114.5627312,2395.0,NO-GO,,Army,ARMY,0.92,308.0,33.289841,-114.577118,906.0,,DoD land: check restricted / military airspace,GNIS,8556,,
AR0270,arch,Nels Johnson Bridge,38.2905556,-111.2313889,5639.0,NO-GO,,National Park Service,NPS,2.67,216.0,38.254613,-111.264919,6413.0,,"FAA AC 91-36D: pilots asked to stay >= 2,000 ft AGL over NPS, wilderness and refuges",GNIS,2729591,,
AR0271,arch,Nevills Arch,37.4519437,-109.7729056,5470.0,NO-LAND,b,Wilderness Study Area,BLM,2.33,76.0,37.461434,-109.725693,5395.0,,,GNIS,1430695,,
AR0272,arch,No Name Bridge,39.5563889,-107.2972222,6131.0,LANDABLE,g,BLM land,BLM,0.0,,39.556389,-107.297222,6131.0,,,GNIS,2677695,,
AR0273,arch,North Window,38.6862808,-109.5328698,5348.0,NO-GO,,National Park Service,NPS,1.34,55.0,38.699033,-109.509376,4608.0,,"FAA AC 91-36D: pilots asked to stay >= 2,000 ft AGL over NPS, wilderness and refuges",GNIS,1436051,,
AR0274,arch,Obscure Arch,38.9408084,-110.7651633,6918.0,NO-LAND,a,Wilderness,BLM,0.46,141.0,38.934891,-110.75904,6158.0,,"FAA AC 91-36D: pilots asked to stay >= 2,000 ft AGL over NPS, wilderness and refuges",GNIS,2062947,,
AR0275,arch,Old Settler Natural Bridge,37.2219381,-110.7840319,4139.0,NO-GO,,National Park Service,NPS,6.54,42.0,37.302386,-110.691825,4546.0,,"FAA AC 91-36D: pilots asked to stay >= 2,000 ft AGL over NPS, wilderness and refuges",GNIS,1679067,,
AR0276,arch,Onyx Bridge,35.1086111,-109.7922222,5536.0,NO-LAND,a,Wilderness,NPS,5.25,215.0,35.036882,-109.853605,5374.0,,"FAA AC 91-36D: pilots asked to stay >= 2,000 ft AGL over NPS, wilderness and refuges",GNIS,8999,,
AR0277,arch,Osceola Arch,39.1327218,-114.3947235,6936.0,LANDABLE,g,BLM land,BLM,0.0,,39.132722,-114.394724,6936.0,,,GNIS,849147,,
AR0278,arch,Ottingers Triple Arch,38.6149809,-109.6617854,5106.0,LANDABLE,g,BLM land,BLM,0.0,,38.614981,-109.661785,5106.0,,,GNIS,1679071,,
AR0279,arch,Outcrop Arch,36.7902778,-107.895,6368.0,LANDABLE,g,BLM land,BLM,0.0,,36.790278,-107.895,6368.0,,,GNIS,2651273,,
AR0280,arch,Outlaw Arch,40.5097222,-108.9230556,5390.0,NO-GO,,National Park Service,NPS,3.58,58.0,40.54135,-108.856763,6866.0,,"FAA AC 91-36D: pilots asked to stay >= 2,000 ft AGL over NPS, wilderness and refuges",GNIS,2677652,,
AR0281,arch,Oval Canyon Natural Bridge,38.8012904,-109.616077,5211.0,NO-GO,,National Park Service,NPS,0.96,360.0,38.817253,-109.616198,4857.0,,"FAA AC 91-36D: pilots asked to stay >= 2,000 ft AGL over NPS, wilderness and refuges",GNIS,1436078,,
AR0282,arch,Owachomo Bridge,37.5814191,-110.0149441,5892.0,NO-GO,,National Park Service,NPS,0.51,243.0,37.577602,-110.024508,6044.0,,"FAA AC 91-36D: pilots asked to stay >= 2,000 ft AGL over NPS, wilderness and refuges",GNIS,1455898,,
AR0283,arch,Owl Bridge,37.0916615,-110.8812548,4528.0,NO-LAND,c,Tribal land - tribal permission required,BIA,10.88,310.0,37.207998,-111.055435,6469.0,,,GNIS,1454494,,
AR0284,arch,Owl Head,33.4422554,-113.9160458,2491.0,NO-LAND,a,Wilderness,FWS,7.47,29.0,33.55148,-113.843999,1706.0,,"FAA AC 91-36D: pilots asked to stay >= 2,000 ft AGL over NPS, wilderness and refuges",GNIS,9047,,
AR0285,arch,Parallel Arch,38.787199,-109.6873436,5094.0,NO-GO,,National Park Service,NPS,0.34,270.0,38.787214,-109.694649,5035.0,,"FAA AC 91-36D: pilots asked to stay >= 2,000 ft AGL over NPS, wilderness and refuges",GNIS,1436096,,
AR0286,arch,Partition Arch,38.7919224,-109.6076205,5339.0,NO-GO,,National Park Service,NPS,1.17,22.0,38.810096,-109.5984,4798.0,,"FAA AC 91-36D: pilots asked to stay >= 2,000 ft AGL over NPS, wilderness and refuges",GNIS,1431123,,
AR0287,arch,Paul Bunyans Potty,38.1199879,-109.7373443,5301.0,NO-GO,,National Park Service,NPS,1.52,74.0,38.126863,-109.706503,5422.0,,"FAA AC 91-36D: pilots asked to stay >= 2,000 ft AGL over NPS, wilderness and refuges",GNIS,1450461,,
AR0288,arch,Pemada Canyon Arch,36.7888889,-107.8291667,6318.0,LANDABLE,g,BLM land,BLM,0.0,,36.788889,-107.829167,6318.0,,,GNIS,2651458,,
AR0289,arch,Phipps Arch,37.7563776,-111.410168,5531.0,NO-LAND,b,Wilderness Study Area,BLM,1.04,141.0,37.742938,-111.396359,5916.0,,,GNIS,1431209,,
AR0290,arch,Phoenix Arch,35.9080556,-106.3294444,7754.0,CALL FIRST,f,USFS - check forest orders,USFS,7.71,33.0,36.015908,-106.243261,7238.0,,,GNIS,2632194,,
AR0291,arch,Piano Leg Arch,38.7999777,-109.617343,5140.0,NO-GO,,National Park Service,NPS,1.04,1.0,38.81725,-109.616955,4883.0,,"FAA AC 91-36D: pilots asked to stay >= 2,000 ft AGL over NPS, wilderness and refuges",GNIS,1436124,,
AR0292,arch,Picture Rock Window,34.6263889,-114.425,892.0,NO-LAND,a,Wilderness,FWS,1.9,90.0,34.626429,-114.386631,941.0,,"FAA AC 91-36D: pilots asked to stay >= 2,000 ft AGL over NPS, wilderness and refuges",GNIS,2611547,,
AR0293,arch,Picture Window,37.6183333,-103.6091667,4453.0,CALL FIRST,f,USFS - check forest orders,USFS,10.49,194.0,37.448596,-103.663119,4832.0,,,GNIS,2677698,,
AR0294,arch,Picturesque Windows,37.054429,-111.8729525,4498.0,NO-LAND,a,Wilderness,BLM,0.02,11.0,37.054794,-111.87286,4474.0,,"FAA AC 91-36D: pilots asked to stay >= 2,000 ft AGL over NPS, wilderness and refuges",GNIS,1436126,,
AR0295,arch,Pierced Rock,35.0972222,-108.7247222,6919.0,NO-LAND,c,Tribal land - tribal permission required,BIA,11.1,191.0,34.915151,-108.766044,7220.0,,,GNIS,1679020,,
AR0296,arch,Pigs Eye,38.8738803,-104.8810877,6537.0,OTHER,,Local government,LG,2.92,235.0,38.846116,-104.932167,8092.0,,,GNIS,1678981,,
AR0298,arch,Pine Tree Arch,38.7874783,-109.5984537,5180.0,NO-GO,,National Park Service,NPS,1.0,61.0,38.795541,-109.579886,4907.0,,"FAA AC 91-36D: pilots asked to stay >= 2,000 ft AGL over NPS, wilderness and refuges",GNIS,1431278,,
AR0297,arch,Pine Tree Arch,36.9027778,-110.1691667,5611.0,NO-LAND,c,Tribal land - tribal permission required,BIA,18.68,36.0,37.156155,-109.942555,3971.0,,,GNIS,8512,,
AR0299,arch,Pinto Arch,38.5824817,-109.6267846,4584.0,LANDABLE,g,BLM land,BLM,0.0,,38.582482,-109.626785,4584.0,,,GNIS,1431303,,
AR0300,arch,Popawi,35.9739118,-106.2230813,6960.0,NO-LAND,c,Tribal land - tribal permission required,BIA,1.97,33.0,36.001489,-106.20089,6708.0,,,GNIS,1679027,,
AR0301,arch,Pothole Arch,38.7006211,-109.5557395,5275.0,NO-GO,,National Park Service,NPS,2.18,90.0,38.700648,-109.509378,4686.0,,"FAA AC 91-36D: pilots asked to stay >= 2,000 ft AGL over NPS, wilderness and refuges",GNIS,1436167,,
AR0302,arch,Pritchett Natural Bridge,38.5060943,-109.5592831,4802.0,LANDABLE,g,BLM land,BLM,0.0,,38.506094,-109.559283,4802.0,,,GNIS,1431476,,
AR0303,arch,Promise Rock Arch,37.54804,-112.0321327,5815.0,CALL FIRST,e,State land - state land office permission,ST,0.31,254.0,37.546598,-112.03827,5795.0,,,GNIS,1679093,,
AR0304,arch,Protractor Arch,39.1155556,-108.8925,5713.0,NO-LAND,a,Wilderness,BLM,2.71,152.0,39.07554,-108.865326,6282.0,,"FAA AC 91-36D: pilots asked to stay >= 2,000 ft AGL over NPS, wilderness and refuges",GNIS,2677706,,
AR0305,arch,Queens Arch,37.7611022,-109.8417993,7467.0,NO-LAND,a,Wilderness,USFS,5.26,248.0,37.728146,-109.944191,7812.0,,"FAA AC 91-36D: pilots asked to stay >= 2,000 ft AGL over NPS, wilderness and refuges",GNIS,1449865,,
AR0306,arch,Queue Jughandle Arch,38.749424,-109.5617861,5019.0,NO-GO,,National Park Service,NPS,2.48,45.0,38.778788,-109.524535,4634.0,,"FAA AC 91-36D: pilots asked to stay >= 2,000 ft AGL over NPS, wilderness and refuges",GNIS,1436189,,
AR0307,arch,Quick Arch,36.9830513,-110.9373653,5597.0,NO-LAND,c,Tribal land - tribal permission required,BIA,14.62,337.0,37.207998,-111.055435,6469.0,,,GNIS,1678952,,
AR0308,arch,Rainbow Bridge,37.0774943,-110.9643136,3777.0,NO-GO,,National Park Service,NPS,8.96,331.0,37.207998,-111.055435,6469.0,,"FAA AC 91-36D: pilots asked to stay >= 2,000 ft AGL over NPS, wilderness and refuges",GNIS,1454500,,
AR0309,arch,Ramanote Canyon Natural Arch,31.4413889,-111.1375,5432.0,CALL FIRST,f,USFS - check forest orders,USFS,7.28,294.0,31.49167,-111.266679,4098.0,,,GNIS,2629412,,
AR0310,arch,Red Lake Natural Bridge,35.9283333,-109.0233333,7268.0,NO-LAND,c,Tribal land - tribal permission required,BIA,16.46,177.0,35.654032,-109.005595,7014.0,,,GNIS,2632187,,
AR0311,arch,Reserve Natural Bridge,33.7391667,-108.775,5892.0,CALL FIRST,f,USFS - check forest orders,USFS,18.37,61.0,33.887214,-108.453213,7575.0,,,GNIS,2632188,,
AR0312,arch,Rhodas Arch,37.6591667,-107.0008333,9977.0,CALL FIRST,f,USFS - check forest orders,USFS,16.29,85.0,37.682381,-106.660092,8278.0,,,GNIS,2677660,,
AR0313,arch,Ribbon Arch,38.6947029,-109.539563,5510.0,NO-GO,,National Park Service,NPS,1.44,80.0,38.699033,-109.509376,4608.0,,"FAA AC 91-36D: pilots asked to stay >= 2,000 ft AGL over NPS, wilderness and refuges",GNIS,1431771,,
AR0314,arch,Rifle Arch,39.6288889,-107.8105556,6612.0,LANDABLE,g,BLM land,BLM,0.0,,39.628889,-107.810556,6612.0,,,GNIS,2677696,,
AR0315,arch,Ring Arch,38.6485916,-109.6240077,4407.0,NO-GO,,National Park Service,NPS,0.78,251.0,38.64442,-109.639664,4646.0,,"FAA AC 91-36D: pilots asked to stay >= 2,000 ft AGL over NPS, wilderness and refuges",GNIS,1450481,,
AR0316,arch,Rock Window,36.6222231,-109.5609414,5433.0,NO-LAND,c,Tribal land - tribal permission required,BIA,34.44,336.0,37.14573,-109.856016,4078.0,,,GNIS,10439,,
AR0317,arch,Rocky Arch,32.3758333,-110.7041667,6860.0,CALL FIRST,f,USFS - check forest orders,USFS,8.82,191.0,32.231528,-110.738547,2704.0,,,GNIS,1678949,,
AR0321,arch,Royal Arch,39.9819444,-105.2913889,6910.0,OTHER,,Local government,LG,2.61,189.0,39.938886,-105.29993,6537.0,,,GNIS,1678986,,
AR0318,arch,Royal Arch,33.3986111,-113.6633333,1689.0,LANDABLE,g,BLM land,BLM,0.0,,33.398611,-113.663333,1689.0,,,GNIS,10568,,
AR0320,arch,Royal Arch,36.606945,-109.2431578,6725.0,NO-LAND,c,Tribal land - tribal permission required,BIA,35.19,75.0,36.752666,-108.536892,5342.0,,,GNIS,1678956,,
AR0319,arch,Royal Arch,36.1911111,-112.4533333,3148.0,NO-GO,,National Park Service,NPS,12.5,152.0,36.006581,-112.333582,6116.0,,"FAA AC 91-36D: pilots asked to stay >= 2,000 ft AGL over NPS, wilderness and refuges | Inside Grand Canyon NP: Grand Canyon SFRA rules apply (14 CFR 93 Subpart U)",GNIS,2581884,,
AR0322,arch,Ruin Arch,36.8719444,-110.1016667,5953.0,NO-LAND,c,Tribal land - tribal permission required,BIA,18.65,25.0,37.154951,-109.940393,3977.0,,,GNIS,2571084,,
AR0323,arch,Saint Charles Arch,37.9813889,-105.0005556,7615.0,CALL FIRST,f,USFS - check forest orders,USFS,1.61,44.0,38.0008,-104.977114,7426.0,,,GNIS,1678979,,
AR0324,arch,Sam Pollock Arch,37.3138726,-111.9435145,5539.0,NO-LAND,b,Wilderness Study Area,BLM,2.5,114.0,37.297156,-111.895655,5000.0,,,GNIS,1450486,,
AR0325,arch,Sand Canyon Arch,40.4838889,-108.9975,5754.0,NO-GO,,National Park Service,NPS,2.24,180.0,40.446594,-108.997424,7647.0,,"FAA AC 91-36D: pilots asked to stay >= 2,000 ft AGL over NPS, wilderness and refuges",GNIS,2677653,,
AR0326,arch,Sand Dune Arch,38.7627569,-109.581231,5226.0,NO-GO,,National Park Service,NPS,1.97,2.0,38.795541,-109.579886,4907.0,,"FAA AC 91-36D: pilots asked to stay >= 2,000 ft AGL over NPS, wilderness and refuges",GNIS,1450489,,
AR0327,arch,Sandstone Bluffs Arch,34.9516667,-107.8347222,6797.0,NO-GO,,National Park Service,NPS,2.56,61.0,34.972677,-107.789527,6838.0,,"FAA AC 91-36D: pilots asked to stay >= 2,000 ft AGL over NPS, wilderness and refuges",GNIS,2632190,,
AR0328,arch,Schmidt Arch,38.6676152,-109.5914008,4565.0,NO-GO,,National Park Service,NPS,2.39,301.0,38.688063,-109.634982,4455.0,,"FAA AC 91-36D: pilots asked to stay >= 2,000 ft AGL over NPS, wilderness and refuges",GNIS,1436326,,
AR0329,arch,Serenity Natural Bridge,37.6985995,-111.6237853,6207.0,NO-LAND,b,Wilderness Study Area,BLM,0.02,270.0,37.698599,-111.62417,6127.0,,,GNIS,1679055,,
AR0330,arch,Shadow Box Arch,38.7999777,-109.617343,5140.0,NO-GO,,National Park Service,NPS,1.04,1.0,38.81725,-109.616955,4883.0,,"FAA AC 91-36D: pilots asked to stay >= 2,000 ft AGL over NPS, wilderness and refuges",GNIS,1436337,,
AR0331,arch,Shaw Arch,37.3658305,-110.1892945,4636.0,NO-LAND,b,Wilderness Study Area,BLM,0.63,270.0,37.365828,-110.202529,4915.0,,,GNIS,1425628,,
AR0332,arch,Shivwits Arch,36.9652778,-113.7147222,3329.0,NO-LAND,a,Wilderness,BLM,0.01,108.0,36.965249,-113.714615,3320.0,,"FAA AC 91-36D: pilots asked to stay >= 2,000 ft AGL over NPS, wilderness and refuges",GNIS,2611542,,
AR0333,arch,Siamese Twins,38.8697222,-104.8886111,6389.0,OTHER,,Local government,LG,2.48,235.0,38.846116,-104.932167,8092.0,,,GNIS,1678980,,
AR0334,arch,Sipapu Bridge,37.6249934,-110.0173552,6025.0,LANDABLE,g,BLM land,BLM,0.0,,37.624993,-110.017355,6025.0,,,GNIS,1432493,,
AR0335,arch,Sitting Lizard Arch,36.6333333,-111.18,5598.0,NO-LAND,c,Tribal land - tribal permission required,BIA,23.97,315.0,36.917859,-111.529415,3998.0,,,GNIS,2581891,,
AR0336,arch,Skeleton Arch,36.8861111,-109.9713889,5430.0,NO-LAND,c,Tribal land - tribal permission required,BIA,16.15,6.0,37.154237,-109.93635,3974.0,,,GNIS,1678958,,
AR0337,arch,Skylight Arch,37.0169306,-111.5979416,4268.0,NO-GO,,National Park Service,NPS,0.94,191.0,37.001444,-111.601615,4079.0,,"FAA AC 91-36D: pilots asked to stay >= 2,000 ft AGL over NPS, wilderness and refuges | Within 15 nm of Grand Canyon NP: check the Grand Canyon SFRA on the Grand Canyon VFR chart",GNIS,1436369,,
AR0338,arch,Skyline Arch,38.7744231,-109.5901201,5204.0,NO-GO,,National Park Service,NPS,1.35,21.0,38.795541,-109.579886,4907.0,,"FAA AC 91-36D: pilots asked to stay >= 2,000 ft AGL over NPS, wilderness and refuges",GNIS,1432527,,
AR0339,arch,Slickensides Arch,38.7061111,-109.7272222,5082.0,LANDABLE,g,BLM land,BLM,0.0,,38.706111,-109.727222,5082.0,,,GNIS,1450499,,
AR0340,arch,Slit Rock,31.8222955,-112.6118137,2244.0,NO-GO,,National Park Service,NPS,23.41,345.0,32.200584,-112.727442,2442.0,,"FAA AC 91-36D: pilots asked to stay >= 2,000 ft AGL over NPS, wilderness and refuges",GNIS,11444,,
AR0341,arch,Snake Bridge,36.4186136,-109.017596,6779.0,NO-LAND,c,Tribal land - tribal permission required,BIA,30.66,49.0,36.752666,-108.536892,5342.0,,,GNIS,1679023,,
AR0342,arch,Soda Dam,35.7914129,-106.6864246,6336.0,CALL FIRST,f,USFS - check forest orders,USFS,10.35,279.0,35.818927,-106.895771,7487.0,,,GNIS,911188,,
AR0343,arch,South Window,38.6849715,-109.5322131,5306.0,NO-GO,,National Park Service,NPS,1.35,72.0,38.69178,-109.504762,4564.0,,"FAA AC 91-36D: pilots asked to stay >= 2,000 ft AGL over NPS, wilderness and refuges",GNIS,1430877,,
AR0344,arch,Spiderweb Arch,36.885,-110.0930556,5936.0,NO-LAND,c,Tribal land - tribal permission required,BIA,17.76,24.0,37.154951,-109.940393,3977.0,,,GNIS,1678959,,
AR0345,arch,Square Arch,37.6191445,-112.8368868,9438.0,NO-GO,,National Park Service,NPS,4.67,293.0,37.648931,-112.927403,8331.0,,"FAA AC 91-36D: pilots asked to stay >= 2,000 ft AGL over NPS, wilderness and refuges",GNIS,1679061,,
AR0346,arch,Square House Natural Arch,36.8919444,-110.1902778,5475.0,NO-LAND,c,Tribal land - tribal permission required,BIA,19.81,37.0,37.156155,-109.942555,3971.0,,,GNIS,2571159,,
AR0347,arch,Standing Cow Arch,36.7563889,-110.2961111,6034.0,NO-LAND,c,Tribal land - tribal permission required,BIA,29.38,35.0,37.156155,-109.942555,3971.0,,,GNIS,1678944,,
AR0348,arch,Starlight Arch,37.2563716,-111.9985161,6129.0,NO-LAND,b,Wilderness Study Area,BLM,1.66,140.0,37.235161,-111.976095,4841.0,,,GNIS,1455979,,
AR0349,arch,Stevens Arch,37.4338794,-110.9793218,4181.0,NO-GO,,National Park Service,NPS,2.77,220.0,37.398655,-111.016758,4645.0,,"FAA AC 91-36D: pilots asked to stay >= 2,000 ft AGL over NPS, wilderness and refuges",GNIS,1454611,,
AR0350,arch,Stimper Arch,37.5077749,-109.9445749,5869.0,NO-LAND,b,Wilderness Study Area,BLM,0.7,0.0,37.519439,-109.944547,6506.0,,,GNIS,1449071,,
AR0351,arch,Stout Arch,36.8888889,-110.1752778,5569.0,NO-LAND,c,Tribal land - tribal permission required,BIA,19.53,35.0,37.156155,-109.942555,3971.0,,,GNIS,1678962,,
AR0353,arch,Sunrise Arch,36.9094444,-109.9272222,5341.0,NO-LAND,c,Tribal land - tribal permission required,BIA,14.49,8.0,37.148705,-109.882868,4054.0,,,GNIS,2571089,,
AR0352,arch,Sunrise Arch,33.5480556,-111.5388889,1826.0,CALL FIRST,f,USFS - check forest orders,USFS,5.11,164.0,33.465901,-111.511495,2084.0,,,GNIS,2629404,,
AR0354,arch,Suns Eye,36.9155556,-110.0816667,5526.0,NO-LAND,c,Tribal land - tribal permission required,BIA,15.87,25.0,37.154951,-109.940393,3977.0,,,GNIS,11955,,
AR0355,arch,Sunset Natural Arch,37.3758238,-111.0484901,4549.0,LANDABLE,g,BLM land,BLM,0.0,,37.375824,-111.04849,4549.0,,,GNIS,1433079,,
AR0356,arch,Sunset Natural Bridge,37.3472131,-111.0207115,4163.0,NO-GO,,National Park Service,NPS,0.48,360.0,37.355168,-111.020715,4191.0,,"FAA AC 91-36D: pilots asked to stay >= 2,000 ft AGL over NPS, wilderness and refuges",GNIS,1436454,,
AR0357,arch,Surprise Arch,38.749424,-109.5617861,5019.0,NO-GO,,National Park Service,NPS,2.48,45.0,38.778788,-109.524535,4634.0,,"FAA AC 91-36D: pilots asked to stay >= 2,000 ft AGL over NPS, wilderness and refuges",GNIS,1436458,,
AR0358,arch,Swaseys Arch,38.9327527,-110.8132197,6192.0,NO-LAND,a,Wilderness,BLM,0.05,255.0,38.932538,-110.814279,6102.0,,"FAA AC 91-36D: pilots asked to stay >= 2,000 ft AGL over NPS, wilderness and refuges",GNIS,1679058,,
AR0359,arch,Swinnerton Bridge,36.86855,-110.12267,5980.0,NO-LAND,c,Tribal land - tribal permission required,BIA,19.27,27.0,37.154951,-109.940393,3977.0,,,GNIS,1678960,,
AR0360,arch,Tapestry Arch,38.7764036,-109.5842577,5193.0,NO-GO,,National Park Service,NPS,1.17,10.0,38.795541,-109.579886,4907.0,,"FAA AC 91-36D: pilots asked to stay >= 2,000 ft AGL over NPS, wilderness and refuges",GNIS,1436466,,
AR0361,arch,Teakettle Rock,36.0475,-106.6888889,8681.0,CALL FIRST,f,USFS - check forest orders,USFS,8.42,18.0,36.181204,-106.635389,6983.0,,,GNIS,911567,,
AR0362,arch,Texas Arch,32.0522222,-110.0947222,4987.0,OTHER,,Private,PVT,0.12,0.0,32.05415,-110.094713,5085.0,,,GNIS,2629416,,
AR0363,arch,The Alcove,39.7507976,-110.2193216,6069.0,LANDABLE,g,BLM land,BLM,0.0,,39.750798,-110.219322,6069.0,,,GNIS,1433252,,
AR0364,arch,The Arch,37.9219075,-114.1108122,6477.0,LANDABLE,g,BLM land,BLM,0.0,,37.921908,-114.110812,6477.0,,,GNIS,844231,,
AR0365,arch,The Bridge of Sighs,36.4569503,-111.8378644,3202.0,NO-GO,,National Park Service,NPS,20.46,20.0,36.776783,-111.689699,3771.0,,"FAA AC 91-36D: pilots asked to stay >= 2,000 ft AGL over NPS, wilderness and refuges | Inside Grand Canyon NP: Grand Canyon SFRA rules apply (14 CFR 93 Subpart U)",GNIS,2500812,,
AR0366,arch,The Eagles Beak,33.8916667,-113.1691667,2713.0,CALL FIRST,e,State land - state land office permission,ST,0.37,270.0,33.891678,-113.176567,2633.0,,,GNIS,2628322,,
AR0367,arch,The Eagles Eye,33.5944754,-113.9038255,2430.0,LANDABLE,g,BLM land,BLM,0.0,,33.594475,-113.903826,2430.0,,,GNIS,12316,,
AR0368,arch,The Great Eye,35.9330556,-108.9355556,7432.0,NO-LAND,c,Tribal land - tribal permission required,BIA,16.55,177.0,35.657189,-108.917083,6924.0,,,GNIS,1679022,,
AR0369,arch,The Hondu,38.6724762,-111.0159978,6639.0,NO-LAND,a,Wilderness,BLM,0.39,66.0,38.675132,-111.00838,5142.0,,"FAA AC 91-36D: pilots asked to stay >= 2,000 ft AGL over NPS, wilderness and refuges",GNIS,1433339,,
AR0370,arch,The Jug Handle,38.5460934,-109.6481732,3955.0,LANDABLE,g,BLM land,BLM,0.0,,38.546093,-109.648173,3955.0,,,GNIS,1433349,,
AR0371,arch,The Keyhole,40.4230556,-105.1625,5335.0,OTHER,,Private,PVT,11.59,199.0,40.240146,-105.244077,5910.0,,,GNIS,177690,,
AR0372,arch,The Mummy,39.7791308,-110.1726535,5707.0,LANDABLE,g,BLM land,BLM,0.0,,39.779131,-110.172654,5707.0,,,GNIS,1433368,,
AR0373,arch,The Portal,31.8786111,-109.1727778,5977.0,CALL FIRST,f,USFS - check forest orders,USFS,3.37,356.0,31.934716,-109.177583,5338.0,,,GNIS,2629415,,
AR0374,arch,The Shoe,37.5861055,-110.0170768,6073.0,NO-GO,,National Park Service,NPS,0.57,270.0,37.586106,-110.029062,6049.0,,"FAA AC 91-36D: pilots asked to stay >= 2,000 ft AGL over NPS, wilderness and refuges",GNIS,1433425,,
AR0375,arch,The Spectacles,36.9186111,-110.1413889,5565.0,NO-LAND,c,Tribal land - tribal permission required,BIA,17.14,34.0,37.154951,-109.940393,3977.0,,,GNIS,1678963,,
AR0377,arch,The Window,36.1083333,-109.3961111,6153.0,NO-GO,,National Park Service,NPS,32.86,149.0,35.639601,-109.046365,6973.0,,"FAA AC 91-36D: pilots asked to stay >= 2,000 ft AGL over NPS, wilderness and refuges",GNIS,12384,,
AR0376,arch,The Window,32.3456191,-112.2398607,2724.0,NO-LAND,c,Tribal land - tribal permission required,BIA,17.54,284.0,32.418203,-112.574215,2950.0,,,GNIS,1678948,,
AR0378,arch,The Wine Glass,38.4294286,-109.6120614,5551.0,LANDABLE,g,BLM land,BLM,0.0,,38.429429,-109.612061,5551.0,,,GNIS,1679080,,
AR0379,arch,Thieves Cache Arch,38.2135967,-109.9295702,4761.0,NO-GO,,National Park Service,NPS,6.65,90.0,38.213426,-109.788992,4816.0,,"FAA AC 91-36D: pilots asked to stay >= 2,000 ft AGL over NPS, wilderness and refuges",GNIS,1679081,,
AR0380,arch,Three Turkey Natural Bridge,36.0175,-109.3958333,6560.0,NO-LAND,c,Tribal land - tribal permission required,BIA,28.34,143.0,35.639601,-109.046365,6973.0,,,GNIS,2571249,,
AR0381,arch,Tibbett Arch,38.1563743,-110.0056845,5339.0,NO-GO,,National Park Service,NPS,6.06,160.0,38.061282,-109.962223,5685.0,,"FAA AC 91-36D: pilots asked to stay >= 2,000 ft AGL over NPS, wilderness and refuges",GNIS,1454999,,
AR0382,arch,Tonto Natural Bridge,34.3205869,-111.4565291,4535.0,OTHER,,Undetermined,UND,32.69,265.0,34.267931,-112.111025,3453.0,,,GNIS,35383,,
AR0383,arch,Top Story Window,38.8049775,-109.6201208,5313.0,NO-GO,,National Park Service,NPS,0.75,11.0,38.81725,-109.616955,4883.0,,"FAA AC 91-36D: pilots asked to stay >= 2,000 ft AGL over NPS, wilderness and refuges",GNIS,1679088,,
AR0384,arch,Tower Arch,38.7899768,-109.6870659,5269.0,NO-GO,,National Park Service,NPS,0.36,270.0,38.789974,-109.694647,5118.0,,"FAA AC 91-36D: pilots asked to stay >= 2,000 ft AGL over NPS, wilderness and refuges",GNIS,1433609,,
AR0386,arch,Trail Arch,39.1572222,-108.8572222,4838.0,NO-LAND,a,Wilderness,BLM,2.33,62.0,39.175256,-108.813024,4534.0,,"FAA AC 91-36D: pilots asked to stay >= 2,000 ft AGL over NPS, wilderness and refuges",GNIS,2677700,,
AR0385,arch,Trail Arch,38.1141546,-109.7548447,5077.0,NO-GO,,National Park Service,NPS,2.41,72.0,38.126863,-109.706503,5422.0,,"FAA AC 91-36D: pilots asked to stay >= 2,000 ft AGL over NPS, wilderness and refuges",GNIS,1679087,,
AR0387,arch,Trap Arch,39.1405556,-108.8444444,5598.0,NO-LAND,a,Wilderness,BLM,2.55,35.0,39.175256,-108.813024,4534.0,,"FAA AC 91-36D: pilots asked to stay >= 2,000 ft AGL over NPS, wilderness and refuges",GNIS,2677707,,
AR0388,arch,Triple Arch,37.2622151,-110.8312575,4396.0,NO-GO,,National Park Service,NPS,7.1,70.0,37.302386,-110.691825,4546.0,,"FAA AC 91-36D: pilots asked to stay >= 2,000 ft AGL over NPS, wilderness and refuges",GNIS,1436523,,
AR0389,arch,Triple Eye,33.4986465,-113.4368646,2375.0,NO-LAND,a,Wilderness,BLM,0.8,46.0,33.508031,-113.425381,1764.0,,"FAA AC 91-36D: pilots asked to stay >= 2,000 ft AGL over NPS, wilderness and refuges",GNIS,24223,,
AR0390,arch,Tsai Skizzi,36.8055556,-111.0947222,5677.0,NO-LAND,c,Tribal land - tribal permission required,BIA,21.99,288.0,36.917859,-111.529415,3998.0,,,GNIS,2581894,,
AR0391,arch,Tse Nizh’oni-Stellar Arch,37.998912,-109.843165,6806.0,CALL FIRST,e,State land - state land office permission,ST,0.53,257.0,37.996879,-109.854102,6746.0,,,GNIS,2829927,,
AR0392,arch,Tuba Arch,36.0872222,-111.2944444,4589.0,NO-LAND,c,Tribal land - tribal permission required,BIA,20.7,184.0,35.742488,-111.322515,4198.0,,,GNIS,2581890,,
AR0393,arch,Tubloc Arch,39.1311111,-108.8963889,5491.0,NO-LAND,a,Wilderness,BLM,3.63,156.0,39.07554,-108.865326,6282.0,,"FAA AC 91-36D: pilots asked to stay >= 2,000 ft AGL over NPS, wilderness and refuges",GNIS,2677704,,
AR0394,arch,Tunnel Arch,38.7849784,-109.596787,5253.0,NO-GO,,National Park Service,NPS,1.01,51.0,38.795541,-109.579886,4907.0,,"FAA AC 91-36D: pilots asked to stay >= 2,000 ft AGL over NPS, wilderness and refuges",GNIS,1433697,,
AR0395,arch,Turban Head Arch,38.7999777,-109.617343,5140.0,NO-GO,,National Park Service,NPS,1.04,1.0,38.81725,-109.616955,4883.0,,"FAA AC 91-36D: pilots asked to stay >= 2,000 ft AGL over NPS, wilderness and refuges",GNIS,1436528,,
AR0396,arch,Turret Arch,38.6843594,-109.53496,5275.0,NO-GO,,National Park Service,NPS,1.49,73.0,38.69178,-109.504762,4564.0,,"FAA AC 91-36D: pilots asked to stay >= 2,000 ft AGL over NPS, wilderness and refuges",GNIS,1433712,,
AR0397,arch,Twilight Arch,37.13972,-110.96028,3650.0,NO-GO,,National Park Service,NPS,6.13,312.0,37.207998,-111.055435,6469.0,,"FAA AC 91-36D: pilots asked to stay >= 2,000 ft AGL over NPS, wilderness and refuges",GNIS,2071342,,
AR0398,arch,Twin Arch,38.749424,-109.5617861,5019.0,NO-GO,,National Park Service,NPS,2.48,45.0,38.778788,-109.524535,4634.0,,"FAA AC 91-36D: pilots asked to stay >= 2,000 ft AGL over NPS, wilderness and refuges",GNIS,1436531,,
AR0399,arch,Twin Peaks Window,37.3272222,-104.9133333,8372.0,OTHER,,Private,PVT,6.02,64.0,37.371032,-104.800156,7865.0,,,GNIS,2677699,,
AR0400,arch,Twisted Doughnut Arch,38.7438694,-109.5020632,4771.0,NO-GO,,National Park Service,NPS,0.6,120.0,38.738828,-109.49097,4628.0,,"FAA AC 91-36D: pilots asked to stay >= 2,000 ft AGL over NPS, wilderness and refuges",GNIS,1436541,,
AR0401,arch,Two Bridges,37.6202608,-112.1543608,7312.0,NO-GO,,National Park Service,NPS,1.42,121.0,37.608049,-112.128864,6959.0,,"FAA AC 91-36D: pilots asked to stay >= 2,000 ft AGL over NPS, wilderness and refuges",GNIS,1449121,,
AR0402,arch,Two Feathers Arch,39.1361111,-108.8941667,5489.0,NO-LAND,a,Wilderness,BLM,3.87,160.0,39.07554,-108.865326,6282.0,,"FAA AC 91-36D: pilots asked to stay >= 2,000 ft AGL over NPS, wilderness and refuges",GNIS,2677705,,
AR0403,arch,Updraft Arch,38.6008151,-109.5592843,4599.0,LANDABLE,g,BLM land,BLM,0.0,,38.600815,-109.559284,4599.0,,,GNIS,1436553,,
AR0404,arch,Uranium Arch,38.6760903,-109.7065089,5214.0,LANDABLE,g,BLM land,BLM,0.0,,38.67609,-109.706509,5214.0,,,GNIS,1436561,,
AR0405,arch,Vermillion Arch,36.8077778,-112.0569444,6110.0,NO-LAND,d,BLM National Monument / NCA,BLM,5.71,4.0,36.902928,-112.049129,5556.0,,,GNIS,2581886,,
AR0406,arch,Vreeland Arch,36.8825,-110.0694444,5667.0,NO-LAND,c,Tribal land - tribal permission required,BIA,17.46,21.0,37.154803,-109.93994,3972.0,,,GNIS,1678942,,
AR0407,arch,Vultee Arch,34.9415594,-111.7688064,5400.0,NO-LAND,a,Wilderness,USFS,26.35,246.0,34.759235,-112.25436,5499.0,,"FAA AC 91-36D: pilots asked to stay >= 2,000 ft AGL over NPS, wilderness and refuges",GNIS,35793,,
AR0408,arch,Vulture Arch,33.845,-112.6944444,2243.0,LANDABLE,g,BLM land,BLM,0.0,,33.845,-112.694444,2243.0,,,GNIS,2628326,,
AR0409,arch,Wahweap Window,37.0294316,-111.4965496,3710.0,NO-GO,,National Park Service,NPS,4.04,217.0,36.975876,-111.547522,4264.0,,"FAA AC 91-36D: pilots asked to stay >= 2,000 ft AGL over NPS, wilderness and refuges | Within 15 nm of Grand Canyon NP: check the Grand Canyon SFRA on the Grand Canyon VFR chart",GNIS,1436581,,
AR0410,arch,Walker Creek Arch,36.9105556,-109.5875,5246.0,NO-LAND,c,Tribal land - tribal permission required,BIA,18.15,339.0,37.192865,-109.724501,4223.0,,,GNIS,1678945,,
AR0411,arch,Washer Woman,38.3899843,-109.8381767,5361.0,NO-GO,,National Park Service,NPS,4.6,43.0,38.445936,-109.771397,4414.0,,"FAA AC 91-36D: pilots asked to stay >= 2,000 ft AGL over NPS, wilderness and refuges",GNIS,1434921,,
AR0412,arch,Webbing Arch,38.749424,-109.5617861,5019.0,NO-GO,,National Park Service,NPS,2.48,45.0,38.778788,-109.524535,4634.0,,"FAA AC 91-36D: pilots asked to stay >= 2,000 ft AGL over NPS, wilderness and refuges",GNIS,1436597,,
AR0413,arch,Wedding Ring Arch,37.9777667,-109.7329025,6537.0,NO-GO,,National Park Service,NPS,0.41,80.0,37.978911,-109.724367,7154.0,,"FAA AC 91-36D: pilots asked to stay >= 2,000 ft AGL over NPS, wilderness and refuges",GNIS,1450545,,
AR0414,arch,West Pollock Arch,39.1358333,-108.8241667,5632.0,NO-LAND,a,Wilderness,BLM,2.42,12.0,39.175256,-108.813024,4534.0,,"FAA AC 91-36D: pilots asked to stay >= 2,000 ft AGL over NPS, wilderness and refuges",GNIS,2677708,,
AR0415,arch,White Crag Natural Bridge,37.0549951,-110.9043102,6417.0,NO-LAND,c,Tribal land - tribal permission required,BIA,11.69,322.0,37.207998,-111.055435,6469.0,,,GNIS,1679065,,
AR0416,arch,White Craig Arch,36.5519444,-111.0172222,6654.0,NO-LAND,c,Tribal land - tribal permission required,BIA,33.03,312.0,36.917859,-111.529415,3998.0,,,GNIS,1678951,,
AR0417,arch,White Mesa Arch,36.4738848,-110.9751455,6448.0,NO-LAND,c,Tribal land - tribal permission required,BIA,37.72,315.0,36.917859,-111.529415,3998.0,,,GNIS,13640,,
AR0418,arch,Whitetail Arch,32.005,-109.2741667,5912.0,CALL FIRST,f,USFS - check forest orders,USFS,1.53,68.0,32.014426,-109.246266,5370.0,,,GNIS,2629414,,
AR0419,arch,Whitmore Arch,38.1383189,-110.0451303,5188.0,NO-GO,,National Park Service,NPS,5.34,162.0,38.053654,-110.010351,5611.0,,"FAA AC 91-36D: pilots asked to stay >= 2,000 ft AGL over NPS, wilderness and refuges",GNIS,1434940,,
AR0420,arch,Will Minor Arch,39.1347042,-108.9073281,5450.0,NO-LAND,a,Wilderness,BLM,4.05,151.0,39.07554,-108.865326,6282.0,,"FAA AC 91-36D: pilots asked to stay >= 2,000 ft AGL over NPS, wilderness and refuges",GNIS,198179,,
AR0421,arch,Wilson Arch,38.272487,-109.3712241,6147.0,LANDABLE,g,BLM land,BLM,0.0,,38.272487,-109.371224,6147.0,,,GNIS,1450554,,
AR0422,arch,Window Arch,38.5183163,-109.5576166,4705.0,NO-LAND,b,Wilderness Study Area,BLM,0.15,181.0,38.515786,-109.557697,4431.0,,,GNIS,1679074,,
AR0432,arch,Window Rock,39.1055556,-108.7258333,5464.0,NO-GO,,National Park Service,NPS,1.18,77.0,39.109888,-108.701185,4720.0,,"FAA AC 91-36D: pilots asked to stay >= 2,000 ft AGL over NPS, wilderness and refuges",GNIS,174556,,
AR0431,arch,Window Rock,37.6194444,-103.6061111,4432.0,CALL FIRST,f,USFS - check forest orders,USFS,10.59,195.0,37.448596,-103.663119,4832.0,,,GNIS,2677697,,
AR0426,arch,Window Rock,36.1263889,-106.2188889,6423.0,CALL FIRST,f,USFS - check forest orders,USFS,2.76,93.0,36.1237,-106.162214,5813.0,,,GNIS,2632197,,
AR0425,arch,Window Rock,35.6827952,-109.0489817,7066.0,NO-LAND,c,Tribal land - tribal permission required,BIA,2.59,177.0,35.639601,-109.046365,6973.0,,,GNIS,13902,,
AR0427,arch,Window Rock,36.2791683,-109.6895551,5643.0,NO-LAND,c,Tribal land - tribal permission required,BIA,49.5,141.0,35.639601,-109.046365,6973.0,,,GNIS,13903,,
AR0429,arch,Window Rock,36.4966675,-109.5581631,5754.0,NO-LAND,c,Tribal land - tribal permission required,BIA,41.46,340.0,37.14573,-109.856016,4078.0,,,GNIS,13904,,
AR0430,arch,Window Rock,36.8911124,-109.572333,5026.0,NO-LAND,c,Tribal land - tribal permission required,BIA,19.5,338.0,37.192865,-109.724501,4223.0,,,GNIS,13906,,
AR0428,arch,Window Rock,36.3883345,-109.6851103,5582.0,NO-LAND,c,Tribal land - tribal permission required,BIA,46.13,350.0,37.14573,-109.856016,4078.0,,,GNIS,13907,,
AR0423,arch,Window Rock,32.3772222,-110.8580556,6902.0,NO-LAND,a,Wilderness,USFS,9.23,311.0,32.47821,-110.995359,3316.0,,"FAA AC 91-36D: pilots asked to stay >= 2,000 ft AGL over NPS, wilderness and refuges",GNIS,36305,,
AR0424,arch,Window Rock,35.45,-110.4544444,6023.0,NO-LAND,c,Tribal land - tribal permission required,BIA,17.21,167.0,35.170035,-110.375855,5433.0,,,GNIS,2571429,,
AR0433,arch,Window Rock Tower,39.1413703,-108.8292696,5499.0,NO-LAND,a,Wilderness,BLM,2.17,20.0,39.175256,-108.813024,4534.0,,"FAA AC 91-36D: pilots asked to stay >= 2,000 ft AGL over NPS, wilderness and refuges",GNIS,1678988,,
AR0434,arch,Window Wind Arch,37.3597117,-111.194326,7139.0,NO-LAND,b,Wilderness Study Area,BLM,0.91,49.0,37.369678,-111.18007,5973.0,,,GNIS,1436657,,
AR0435,arch,Windows of Pollock Canyon,39.1205556,-108.8147222,5656.0,NO-LAND,a,Wilderness,BLM,1.89,193.0,39.089815,-108.823533,6508.0,,"FAA AC 91-36D: pilots asked to stay >= 2,000 ft AGL over NPS, wilderness and refuges",GNIS,2677709,,
AR0436,arch,Wisdom Tooth,37.0158333,-102.7647222,4352.0,CALL FIRST,f,USFS - check forest orders,USFS,0.42,330.0,37.021861,-102.769115,4439.0,,,GNIS,2677661,,
AR0437,arch,Wooden Shoe,38.1399876,-109.7765115,5260.0,NO-GO,,National Park Service,NPS,2.77,15.0,38.184746,-109.761554,4959.0,,"FAA AC 91-36D: pilots asked to stay >= 2,000 ft AGL over NPS, wilderness and refuges",GNIS,1434960,,
AR0438,arch,Woodpecker Arch,35.0408333,-108.3577778,7391.0,NO-GO,,National Park Service,NPS,6.99,134.0,34.959244,-108.256511,7419.0,,"FAA AC 91-36D: pilots asked to stay >= 2,000 ft AGL over NPS, wilderness and refuges",GNIS,1679019,,
AR0439,arch,Woolsey Arch,37.2372122,-111.1923788,4209.0,NO-LAND,b,Wilderness Study Area,BLM,1.15,308.0,37.249144,-111.211187,5511.0,,,GNIS,1450557,,
AR0440,arch,Wrather Arch,36.9647222,-111.7794444,4133.0,NO-LAND,a,Wilderness,BLM,2.45,23.0,37.002377,-111.759323,5072.0,,"FAA AC 91-36D: pilots asked to stay >= 2,000 ft AGL over NPS, wilderness and refuges | Within 15 nm of Grand Canyon NP: check the Grand Canyon SFRA on the Grand Canyon VFR chart",GNIS,14014,,
AR0441,arch,Zane Grey Arch,37.3805468,-110.9159848,3828.0,NO-GO,,National Park Service,NPS,4.82,270.0,37.380536,-111.016748,4541.0,,"FAA AC 91-36D: pilots asked to stay >= 2,000 ft AGL over NPS, wilderness and refuges",GNIS,1679070,,
GL0001,glacier,"""Niwot Glacier""",40.0306169,-105.64530347175555,12371.0,OTHER,,Private,PVT,6.43,69.0,40.068644,-105.514855,9215.0,,,OSM,,way/40039324,
GL0002,glacier,Andrews Glacier,40.28866315,-105.68401739605875,11704.0,NO-LAND,a,Wilderness,NPS,6.82,63.0,40.340738,-105.551916,9030.0,,"FAA AC 91-36D: pilots asked to stay >= 2,000 ft AGL over NPS, wilderness and refuges",GNIS+OSM,177848,relation/5969419,
GL0003,glacier,Arapaho Glacier,40.0230313,-105.64898360892192,12514.0,OTHER,,Private,PVT,6.76,66.0,40.068644,-105.514855,9215.0,,,GNIS+OSM,178461,way/320423166,
GL0004,glacier,Arikaree Glacier,40.04896805,-105.64173322563416,12467.0,CALL FIRST,f,USFS - check forest orders,USFS,5.96,79.0,40.068644,-105.514855,9215.0,,,GNIS+OSM,2519196,way/807314854,
GL0005,glacier,Chaotic Glacier,40.2965968,-105.68601736546833,11494.0,NO-LAND,a,Wilderness,NPS,6.7,67.0,40.340738,-105.551916,9030.0,,"FAA AC 91-36D: pilots asked to stay >= 2,000 ft AGL over NPS, wilderness and refuges",OSM,,way/810292474,
GL0006,glacier,Fair Glacier,40.05979955,-105.657126575,11693.0,NO-LAND,a,Wilderness,USFS,6.58,85.0,40.068644,-105.514855,9215.0,,"FAA AC 91-36D: pilots asked to stay >= 2,000 ft AGL over NPS, wilderness and refuges",GNIS+OSM,178448,way/652842434,
GL0007,glacier,Isabelle Glacier,40.06233614999999,-105.64627921315974,12273.0,NO-LAND,a,Wilderness,USFS,6.07,86.0,40.068644,-105.514855,9215.0,,"FAA AC 91-36D: pilots asked to stay >= 2,000 ft AGL over NPS, wilderness and refuges",GNIS+OSM,178462,way/371825424,
GL0008,glacier,Mills Glacier,40.2553473,-105.60992538126919,12459.0,NO-LAND,a,Wilderness,NPS,5.5,33.0,40.332441,-105.544808,9507.0,,"FAA AC 91-36D: pilots asked to stay >= 2,000 ft AGL over NPS, wilderness and refuges",GNIS+OSM,177934,way/694323906,
GL0009,glacier,Moomaw Glacier,40.2121247,-105.66946768355403,12186.0,NO-LAND,a,Wilderness,NPS,9.21,38.0,40.332441,-105.544808,9507.0,,"FAA AC 91-36D: pilots asked to stay >= 2,000 ft AGL over NPS, wilderness and refuges",GNIS+OSM,205000,way/40039325,
GL0010,glacier,Navajo Glacier,40.0546988,-105.64715468622603,12878.0,NO-LAND,a,Wilderness,USFS,6.15,82.0,40.068644,-105.514855,9215.0,,"FAA AC 91-36D: pilots asked to stay >= 2,000 ft AGL over NPS, wilderness and refuges",GNIS+OSM,2519197,way/586002586,
GL0011,glacier,Peck Glacier,40.06538395,-105.66563759931243,11637.0,NO-LAND,a,Wilderness,USFS,6.95,88.0,40.068644,-105.514855,9215.0,,"FAA AC 91-36D: pilots asked to stay >= 2,000 ft AGL over NPS, wilderness and refuges",GNIS+OSM,178449,way/40039225,
GL0012,glacier,Ptarmigan Glacier,40.31245055,-105.69964377134238,11756.0,NO-LAND,a,Wilderness,NPS,6.99,76.0,40.340738,-105.551916,9030.0,,"FAA AC 91-36D: pilots asked to stay >= 2,000 ft AGL over NPS, wilderness and refuges",OSM,,way/40124547,
GL0013,glacier,Rowe Glacier,40.487285099999994,-105.64692390784617,13089.0,NO-LAND,a,Wilderness,NPS,9.27,152.0,40.350777,-105.552046,8688.0,,"FAA AC 91-36D: pilots asked to stay >= 2,000 ft AGL over NPS, wilderness and refuges",GNIS+OSM,177614,way/809230966,
GL0014,glacier,Saint Marys Glacier,39.83714945,-105.64923247065455,11146.0,CALL FIRST,f,USFS - check forest orders,USFS,5.23,99.0,39.824144,-105.537251,8934.0,,,GNIS+OSM,181377,way/175382199,
GL0015,glacier,Saint Vrain Glaciers,40.163742299999996,-105.66796251992488,12094.0,NO-LAND,a,Wilderness,USFS,8.96,237.0,40.082664,-105.831451,8601.0,,"FAA AC 91-36D: pilots asked to stay >= 2,000 ft AGL over NPS, wilderness and refuges",GNIS+OSM,178159,relation/12671572,
GL0016,glacier,Skyscraper Glacier,39.95592475,-105.68759537353313,12011.0,NO-LAND,a,Wilderness,USFS,6.78,295.0,40.002784,-105.821444,8408.0,,"FAA AC 91-36D: pilots asked to stay >= 2,000 ft AGL over NPS, wilderness and refuges",OSM,,way/1429623814,
GL0017,glacier,Sprague Glacier,40.34236775,-105.73350892232078,11943.0,NO-LAND,a,Wilderness,NPS,8.33,90.0,40.341122,-105.551988,8959.0,,"FAA AC 91-36D: pilots asked to stay >= 2,000 ft AGL over NPS, wilderness and refuges",GNIS+OSM,177803,relation/11157824,
GL0018,glacier,Taylor Glacier,40.27175645,-105.67766604392787,11728.0,NO-LAND,a,Wilderness,NPS,7.09,58.0,40.334253,-105.546491,9524.0,,"FAA AC 91-36D: pilots asked to stay >= 2,000 ft AGL over NPS, wilderness and refuges",GNIS+OSM,177861,way/40198913,
GL0019,glacier,The Dove,40.259102,-105.61824808635899,13097.0,NO-LAND,a,Wilderness,NPS,5.54,37.0,40.332441,-105.544808,9507.0,,"FAA AC 91-36D: pilots asked to stay >= 2,000 ft AGL over NPS, wilderness and refuges",GNIS+OSM,177932,way/694323902,
GL0020,glacier,Timpanogos Glacier,40.38980445,-111.64033693021418,10563.0,NO-LAND,a,Wilderness,USFS,7.36,69.0,40.43417,-111.490657,5499.0,,"FAA AC 91-36D: pilots asked to stay >= 2,000 ft AGL over NPS, wilderness and refuges",OSM,,way/608988510,
GL0021,glacier,Tyndall Glacier,40.30528605000001,-105.68875808583678,11948.0,NO-LAND,a,Wilderness,NPS,6.63,71.0,40.340738,-105.551916,9030.0,,"FAA AC 91-36D: pilots asked to stay >= 2,000 ft AGL over NPS, wilderness and refuges",GNIS+OSM,177837,relation/18983340,
GL0022,glacier,Wheeler Peak Glacier,38.9890436,-114.30890925775101,11113.0,NO-GO,,National Park Service,NPS,1.77,229.0,38.969525,-114.337432,9378.0,,"FAA AC 91-36D: pilots asked to stay >= 2,000 ft AGL over NPS, wilderness and refuges",OSM,,way/731218172,
HD0001,hoodoo,Adam and Eve,38.6991472,-109.5484521,5123.0,NO-GO,,National Park Service,NPS,1.84,90.0,38.69917,-109.509376,4604.0,,"FAA AC 91-36D: pilots asked to stay >= 2,000 ft AGL over NPS, wilderness and refuges",GNIS,1435046,,
HD0002,hoodoo,Adobe Rock,40.6604995,-112.2885589,4292.0,OTHER,,Private,PVT,0.78,92.0,40.659998,-112.271475,4366.0,,,GNIS,1425051,,
HD0003,hoodoo,Airport Tower,38.3930401,-109.8087315,5360.0,NO-GO,,National Park Service,NPS,3.63,29.0,38.445936,-109.771397,4414.0,,"FAA AC 91-36D: pilots asked to stay >= 2,000 ft AGL over NPS, wilderness and refuges",GNIS,1434920,,
HD0004,hoodoo,Alhambra Rock,37.1408348,-109.9051224,4850.0,NO-LAND,c,Tribal land - tribal permission required,BIA,0.84,26.0,37.153464,-109.897448,4040.0,,,GNIS,1425074,,
HD0005,hoodoo,Alley Oop and Dinny,37.6083164,-112.160472,7672.0,NO-GO,,National Park Service,NPS,1.51,91.0,37.608049,-112.128864,6959.0,,"FAA AC 91-36D: pilots asked to stay >= 2,000 ft AGL over NPS, wilderness and refuges",GNIS,1448062,,
HD0006,hoodoo,Anvil Rock,37.0091667,-110.2920764,5009.0,NO-LAND,c,Tribal land - tribal permission required,BIA,18.43,360.0,37.316774,-110.292948,4193.0,,,GNIS,1425156,,
HD0007,hoodoo,Arapahoe Rock,40.3494123,-108.8334447,7530.0,OTHER,,Private,PVT,0.27,180.0,40.344991,-108.83345,7555.0,,,GNIS,170935,,
HD0008,hoodoo,Arthurs Rock,40.5683158,-105.1880381,6753.0,OTHER,,Local government,LG,6.96,6.0,40.68376,-105.171544,5389.0,,,GNIS,177404,,
HD0009,hoodoo,Artists Fingers,39.0706493,-108.7205933,5788.0,NO-GO,,National Park Service,NPS,1.41,224.0,39.053567,-108.741447,6491.0,,"FAA AC 91-36D: pilots asked to stay >= 2,000 ft AGL over NPS, wilderness and refuges",GNIS,174527,,
HD0010,hoodoo,Atlatl Rock,36.4233086,-114.5505396,2218.0,CALL FIRST,e,State land - state land office permission,ST,1.34,204.0,36.402831,-114.561803,2690.0,,,GNIS,848495,,
HD0011,hoodoo,Atomic Rock,37.5855499,-110.0390212,6012.0,LANDABLE,g,BLM land,BLM,0.0,,37.58555,-110.039021,6012.0,,,GNIS,1435073,,
HD0015,hoodoo,Balanced Rock,38.8647132,-104.8971987,6330.0,OTHER,,Local government,LG,1.98,236.0,38.846116,-104.932167,8092.0,,,GNIS,193456,,
HD0016,hoodoo,Balanced Rock,39.1077592,-108.7339883,5451.0,NO-GO,,National Park Service,NPS,1.52,59.0,39.120702,-108.705977,4558.0,,"FAA AC 91-36D: pilots asked to stay >= 2,000 ft AGL over NPS, wilderness and refuges",GNIS,196449,,
HD0014,hoodoo,Balanced Rock,38.6999803,-109.5645634,5023.0,NO-GO,,National Park Service,NPS,2.59,67.0,38.717156,-109.514005,4322.0,,"FAA AC 91-36D: pilots asked to stay >= 2,000 ft AGL over NPS, wilderness and refuges",GNIS,1425247,,
HD0017,hoodoo,Balanced Rock,39.381358,-110.6165467,5356.0,LANDABLE,g,BLM land,BLM,0.0,,39.381358,-110.616547,5356.0,,,GNIS,1425248,,
HD0013,hoodoo,Balanced Rock,37.1455472,-111.1187639,4562.0,NO-GO,,National Park Service,NPS,3.75,0.0,37.208067,-111.11864,6416.0,,"FAA AC 91-36D: pilots asked to stay >= 2,000 ft AGL over NPS, wilderness and refuges",GNIS,1435078,,
HD0012,hoodoo,Balanced Rock,36.0213834,-111.1920837,5517.0,NO-LAND,c,Tribal land - tribal permission required,BIA,17.88,201.0,35.742488,-111.322515,4198.0,,,GNIS,975,,
HD0018,hoodoo,Ball Rock,39.1027029,-118.0231786,5927.0,NO-GO,,Department of Defense,DOD,0.23,59.0,39.104725,-118.018884,5664.0,,DoD land: check restricted / military airspace,GNIS,838588,,
HD0019,hoodoo,Barnum Rock,32.4022973,-110.694535,7527.0,CALL FIRST,f,USFS - check forest orders,USFS,10.47,192.0,32.231528,-110.738547,2704.0,,,GNIS,26003,,
HD0020,hoodoo,Battleship Rock,37.243051,-108.4917556,7474.0,NO-GO,,National Park Service,NPS,2.72,332.0,37.283287,-108.518228,7136.0,,"FAA AC 91-36D: pilots asked to stay >= 2,000 ft AGL over NPS, wilderness and refuges",GNIS,179247,,
HD0021,hoodoo,Beacon Rock,36.1213685,-114.6660936,1081.0,OTHER,,Undetermined,UND,4.98,348.0,36.202817,-114.687028,1732.0,,,GNIS,838660,,
HD0022,hoodoo,Beehive,33.4586432,-114.044383,2058.0,NO-GO,,Fish & Wildlife Service refuge,FWS,5.56,360.0,33.55154,-114.044588,2038.0,,"FAA AC 91-36D: pilots asked to stay >= 2,000 ft AGL over NPS, wilderness and refuges",GNIS,1194,,
HD0023,hoodoo,Beehive Rock,36.9355437,-111.4879362,4077.0,NO-GO,,National Park Service,NPS,2.0,270.0,36.935533,-111.52942,3774.0,,"FAA AC 91-36D: pilots asked to stay >= 2,000 ft AGL over NPS, wilderness and refuges | Within 15 nm of Grand Canyon NP: check the Grand Canyon SFRA on the Grand Canyon VFR chart",GNIS,1197,,
HD0025,hoodoo,Bell Rock,40.482471,-107.7064589,6534.0,OTHER,,Private,PVT,0.49,237.0,40.478078,-107.715391,6553.0,,,GNIS,171315,,
HD0024,hoodoo,Bell Rock,33.6317212,-109.1886867,7246.0,CALL FIRST,f,USFS - check forest orders,USFS,26.38,18.0,34.051621,-109.029507,7667.0,,,GNIS,25427,,
HD0026,hoodoo,Bergen Rock,39.2952682,-105.0413749,8155.0,CALL FIRST,f,USFS - check forest orders,USFS,15.89,309.0,39.461795,-105.30718,8369.0,,,GNIS,183583,,
HD0027,hoodoo,Bernalillo Plug,35.361149,-106.5372488,5247.0,NO-LAND,c,Tribal land - tribal permission required,BIA,2.05,119.0,35.344521,-106.500777,5228.0,,,GNIS,902709,,
HD0028,hoodoo,Big Indian Rock,38.1572121,-109.2395557,6212.0,LANDABLE,g,BLM land,BLM,0.0,,38.157212,-109.239556,6212.0,,,GNIS,1425518,,
HD0029,hoodoo,Big Rock,40.8546679,-111.8168797,6213.0,CALL FIRST,f,USFS - check forest orders,USFS,3.8,53.0,40.892832,-111.750152,7065.0,,,GNIS,1425539,,
HD0030,hoodoo,Big Rocks,38.3585911,-111.6321285,7083.0,LANDABLE,g,BLM land,BLM,0.0,,38.358591,-111.632128,7083.0,,,GNIS,1437867,,
HD0031,hoodoo,Bishops Nose,34.6844765,-110.086784,5519.0,OTHER,,Private,PVT,0.84,269.0,34.684124,-110.103837,5571.0,,,GNIS,1445,,
HD0032,hoodoo,Black Pinnacle,36.2522257,-109.1573219,7792.0,NO-LAND,c,Tribal land - tribal permission required,BIA,36.59,168.0,35.654032,-109.005595,7014.0,,,GNIS,1576,,
HD0033,hoodoo,Black Point,37.2355376,-112.3571438,6294.0,LANDABLE,g,BLM land,BLM,0.0,,37.235538,-112.357144,6294.0,,,GNIS,1425699,,
HD0038,hoodoo,Black Rock,39.8807763,-113.2733113,4388.0,LANDABLE,g,BLM land,BLM,0.0,,39.880776,-113.273311,4388.0,,,GNIS,1425710,,
HD0036,hoodoo,Black Rock,37.2310932,-112.3596438,6111.0,LANDABLE,g,BLM land,BLM,0.0,,37.231093,-112.359644,6111.0,,,GNIS,1450255,,
HD0034,hoodoo,Black Rock,36.0008231,-111.6365373,5767.0,NO-LAND,c,Tribal land - tribal permission required,BIA,20.86,146.0,35.713548,-111.394798,4766.0,,Within 15 nm of Grand Canyon NP: check the Grand Canyon SFRA on the Grand Canyon VFR chart,GNIS,1587,,
HD0035,hoodoo,Black Rock,36.7313844,-111.1668114,5223.0,NO-LAND,c,Tribal land - tribal permission required,BIA,20.74,303.0,36.917859,-111.529415,3998.0,,,GNIS,20664,,
HD0037,hoodoo,Black Rock,38.0749305,-117.633708,4806.0,LANDABLE,g,BLM land,BLM,0.0,,38.07493,-117.633708,4806.0,,,GNIS,838877,,
HD0039,hoodoo,Black Rock Standing,36.7372216,-110.2217975,5788.0,NO-LAND,c,Tribal land - tribal permission required,BIA,28.46,28.0,37.154951,-109.940393,3977.0,,,GNIS,1613,,
HD0040,hoodoo,Black Rocks,39.1513711,-108.9962204,4378.0,NO-LAND,a,Wilderness,BLM,2.58,264.0,39.147133,-109.051264,4797.0,,"FAA AC 91-36D: pilots asked to stay >= 2,000 ft AGL over NPS, wilderness and refuges",GNIS,174369,,
HD0041,hoodoo,Blaine Rock,38.4422143,-107.0903271,8400.0,LANDABLE,g,BLM land,BLM,0.0,,38.442214,-107.090327,8400.0,,,GNIS,188219,,
HD0042,hoodoo,Bonnie Rock,36.7988935,-107.8417296,6313.0,LANDABLE,g,BLM land,BLM,0.0,,36.798894,-107.84173,6313.0,,,GNIS,900090,,
HD0043,hoodoo,Bottle Rock,39.0449831,-108.853437,6361.0,OTHER,,Private,PVT,0.18,270.0,39.044977,-108.85728,6352.0,,,GNIS,174508,,
HD0044,hoodoo,Boxcar Rock,36.1194224,-114.7824869,1179.0,NO-GO,,National Park Service,NPS,2.46,346.0,36.159275,-114.794338,1548.0,,"FAA AC 91-36D: pilots asked to stay >= 2,000 ft AGL over NPS, wilderness and refuges",GNIS,839035,,
HD0045,hoodoo,Brachiopod Rock,41.7707659,-111.6549382,5365.0,CALL FIRST,f,USFS - check forest orders,USFS,11.52,98.0,41.743334,-111.401017,7151.0,,,GNIS,1448174,,
HD0046,hoodoo,Buccaneer Rock,38.6905363,-109.5403963,5168.0,NO-GO,,National Park Service,NPS,1.54,71.0,38.699033,-109.509376,4608.0,,"FAA AC 91-36D: pilots asked to stay >= 2,000 ft AGL over NPS, wilderness and refuges",GNIS,1435203,,
HD0047,hoodoo,Bull Rock,40.9749857,-105.4922138,8093.0,OTHER,,Private,PVT,8.51,128.0,40.886701,-105.345585,6420.0,,,GNIS,170115,,
HD0048,hoodoo,Butte Rock,38.3319347,-107.5033927,9807.0,OTHER,,Private,PVT,0.43,182.0,38.324702,-107.503776,9734.0,,,GNIS,188286,,
HD0049,hoodoo,Button Rock,40.2605405,-105.3708264,7887.0,CALL FIRST,f,USFS - check forest orders,USFS,1.88,128.0,40.241099,-105.338711,6622.0,,,GNIS,178036,,
HD0050,hoodoo,Cabin Rock,40.2749844,-105.5311108,9179.0,OTHER,,Private,PVT,2.79,26.0,40.316994,-105.50488,8820.0,,,GNIS,196580,,
HD0051,hoodoo,Camel Rock,35.8247494,-105.9791889,6321.0,NO-LAND,c,Tribal land - tribal permission required,BIA,3.18,243.0,35.800618,-106.037335,6624.0,,,GNIS,904308,,
HD0052,hoodoo,Candlestick Tower,38.3810948,-109.9317906,5727.0,NO-GO,,National Park Service,NPS,5.89,360.0,38.479418,-109.931826,4712.0,,"FAA AC 91-36D: pilots asked to stay >= 2,000 ft AGL over NPS, wilderness and refuges",GNIS,1434912,,
HD0053,hoodoo,Cap Rock,40.975541,-105.4524898,7901.0,OTHER,,Private,PVT,7.21,138.0,40.886701,-105.345585,6420.0,,,GNIS,170116,,
HD0054,hoodoo,Capitol Dome,38.28905,-111.21791,6122.0,NO-GO,,National Park Service,NPS,3.03,227.0,38.254613,-111.264919,6413.0,,"FAA AC 91-36D: pilots asked to stay >= 2,000 ft AGL over NPS, wilderness and refuges",GNIS,2831477,,
HD0055,hoodoo,Captain Pomin Rock,39.0957414,-119.9235167,7461.0,CALL FIRST,f,USFS - check forest orders,USFS,6.73,79.0,39.117563,-119.782122,5020.0,,,GNIS,859152,,
HD0056,hoodoo,Captains Rock,39.6352662,-105.4949975,8675.0,OTHER,,Private,PVT,4.76,151.0,39.566099,-105.444726,10238.0,,,GNIS,182038,,
HD0057,hoodoo,Carmel and Wiseman,37.6177607,-112.1654723,7548.0,NO-GO,,National Park Service,NPS,1.84,108.0,37.608049,-112.128864,6959.0,,"FAA AC 91-36D: pilots asked to stay >= 2,000 ft AGL over NPS, wilderness and refuges",GNIS,1448220,,
HD0058,hoodoo,Casa Colorado Rock,38.1786001,-109.3137238,6383.0,LANDABLE,g,BLM land,BLM,0.0,,38.1786,-109.313724,6383.0,,,GNIS,1426368,,
HD0077,hoodoo,Castle Rock,40.4724652,-108.8887256,5455.0,OTHER,,Private,PVT,2.64,180.0,40.428381,-108.888788,6707.0,,,GNIS,170780,,
HD0076,hoodoo,Castle Rock,39.9791534,-105.4574961,7852.0,OTHER,,Private,PVT,3.65,36.0,40.028361,-105.410811,8007.0,,,GNIS,181155,,
HD0075,hoodoo,Castle Rock,39.9474864,-105.3486038,7505.0,OTHER,,Local government,LG,2.09,104.0,39.939003,-105.304648,6746.0,,,GNIS,181196,,
HD0074,hoodoo,Castle Rock,39.8077655,-105.5138861,8573.0,LANDABLE,g,BLM land,BLM,0.0,,39.807766,-105.513886,8573.0,,,GNIS,181490,,
HD0073,hoodoo,Castle Rock,39.7555429,-105.2105438,6303.0,OTHER,,Private,PVT,4.8,261.0,39.743564,-105.313077,6827.0,,,GNIS,181618,,
HD0065,hoodoo,Castle Rock,37.4972254,-107.1867154,9206.0,CALL FIRST,f,USFS - check forest orders,USFS,13.08,154.0,37.301774,-107.064949,7843.0,,,GNIS,184120,,
HD0070,hoodoo,Castle Rock,38.6416566,-107.4658902,11033.0,CALL FIRST,f,USFS - check forest orders,USFS,2.45,280.0,38.649054,-107.517094,8037.0,,,GNIS,186740,,
HD0068,hoodoo,Castle Rock,38.3094338,-107.6331145,11454.0,OTHER,,Private,PVT,0.07,357.0,38.310557,-107.633177,11285.0,,,GNIS,188254,,
HD0066,hoodoo,Castle Rock,38.1605553,-106.2833606,8122.0,OTHER,,Private,PVT,0.04,359.0,38.161207,-106.283372,8061.0,,,GNIS,190072,,
HD0069,hoodoo,Castle Rock,38.4147214,-105.1458213,5487.0,OTHER,,Private,PVT,3.54,356.0,38.473639,-105.151323,5726.0,,,GNIS,192023,,
HD0064,hoodoo,Castle Rock,37.0155434,-111.4557146,4300.0,NO-GO,,National Park Service,NPS,5.01,242.0,36.975876,-111.547522,4264.0,,"FAA AC 91-36D: pilots asked to stay >= 2,000 ft AGL over NPS, wilderness and refuges | Within 15 nm of Grand Canyon NP: check the Grand Canyon SFRA on the Grand Canyon VFR chart",GNIS,1426390,,
HD0071,hoodoo,Castle Rock,38.651373,-109.3678942,6349.0,LANDABLE,g,BLM land,BLM,0.0,,38.651373,-109.367894,6349.0,,,GNIS,1439518,,
HD0063,hoodoo,Castle Rock,36.8761388,-105.1025014,8166.0,OTHER,,Private,PVT,20.5,34.0,37.160732,-104.865922,7087.0,,,GNIS,887269,,
HD0060,hoodoo,Castle Rock,34.1169746,-112.47906,4609.0,CALL FIRST,e,State land - state land office permission,ST,0.14,270.0,34.116974,-112.481799,4416.0,,,GNIS,2541,,
HD0061,hoodoo,Castle Rock,34.5647327,-114.3930131,472.0,NO-GO,,Fish & Wildlife Service refuge,FWS,0.62,31.0,34.573544,-114.386623,551.0,,"FAA AC 91-36D: pilots asked to stay >= 2,000 ft AGL over NPS, wilderness and refuges",GNIS,2542,,
HD0062,hoodoo,Castle Rock,35.2436079,-114.1268973,4547.0,LANDABLE,g,BLM land,BLM,0.0,,35.243608,-114.126897,4547.0,,,GNIS,2543,,
HD0059,hoodoo,Castle Rock,33.6653317,-109.213132,8713.0,CALL FIRST,f,USFS - check forest orders,USFS,24.89,22.0,34.051621,-109.029507,7667.0,,,GNIS,27349,,
HD0067,hoodoo,Castle Rock,38.2991011,-116.8636814,6738.0,CALL FIRST,f,USFS - check forest orders,USFS,2.28,270.0,38.29884,-116.911959,6486.0,,,GNIS,859172,,
HD0072,hoodoo,Castle Rock,38.9899081,-119.9093468,7761.0,CALL FIRST,f,USFS - check forest orders,USFS,8.85,62.0,39.059532,-119.742515,4714.0,,,GNIS,859173,,
HD0079,hoodoo,Castle Rocks,39.1569266,-109.0362218,4539.0,NO-LAND,d,BLM National Monument / NCA,BLM,0.74,270.0,39.156879,-109.05207,4773.0,,,GNIS,174357,,
HD0078,hoodoo,Castle Rocks,37.568069,-104.7560975,6522.0,OTHER,,Private,PVT,1.77,215.0,37.543952,-104.777563,6696.0,,,GNIS,194373,,
HD0080,hoodoo,Cat Rocks,38.4555504,-106.5019744,9161.0,CALL FIRST,f,USFS - check forest orders,USFS,1.16,269.0,38.45529,-106.526575,8530.0,,,GNIS,189677,,
HD0087,hoodoo,Cathedral Rock,37.835556,-106.6025403,10480.0,CALL FIRST,f,USFS - check forest orders,USFS,8.36,169.0,37.698579,-106.569221,8280.0,,,GNIS,189599,,
HD0088,hoodoo,Cathedral Rock,39.0294367,-104.90137,7331.0,NO-GO,,Department of Defense,DOD,8.06,237.0,38.956682,-105.046246,8553.0,,DoD land: check restricted / military airspace,GNIS,193261,,
HD0086,hoodoo,Cathedral Rock,37.6088827,-110.0229105,5886.0,NO-GO,,National Park Service,NPS,0.29,278.0,37.609526,-110.028997,6145.0,,"FAA AC 91-36D: pilots asked to stay >= 2,000 ft AGL over NPS, wilderness and refuges",GNIS,1426411,,
HD0084,hoodoo,Cathedral Rock,36.4822574,-105.054449,7820.0,OTHER,,Private,PVT,13.38,197.0,36.268217,-105.13353,8923.0,,,GNIS,887291,,
HD0082,hoodoo,Cathedral Rock,35.0633348,-114.4521831,2829.0,LANDABLE,g,BLM land,BLM,0.0,,35.063335,-114.452183,2829.0,,,GNIS,2566,,
HD0085,hoodoo,Cathedral Rock,36.8283207,-111.639606,3626.0,NO-GO,,National Park Service,NPS,0.71,225.0,36.819969,-111.650126,3713.0,,"FAA AC 91-36D: pilots asked to stay >= 2,000 ft AGL over NPS, wilderness and refuges | Within 15 nm of Grand Canyon NP: check the Grand Canyon SFRA on the Grand Canyon VFR chart",GNIS,2567,,
HD0081,hoodoo,Cathedral Rock,32.3859083,-110.8434281,7812.0,NO-LAND,a,Wilderness,USFS,9.49,306.0,32.47821,-110.995359,3316.0,,"FAA AC 91-36D: pilots asked to stay >= 2,000 ft AGL over NPS, wilderness and refuges",GNIS,27367,,
HD0083,hoodoo,Cathedral Rock,36.25413,-115.649184,8248.0,CALL FIRST,f,USFS - check forest orders,USFS,6.01,218.0,36.174883,-115.724973,5806.0,,,GNIS,859176,,
HD0089,hoodoo,Cathedral in the Desert,37.2875528,-110.9136775,4050.0,NO-GO,,National Park Service,NPS,4.93,270.0,37.287514,-111.016731,4250.0,,"FAA AC 91-36D: pilots asked to stay >= 2,000 ft AGL over NPS, wilderness and refuges",GNIS,1426409,,
HD0090,hoodoo,Cave Rock,39.046297,-119.9490713,6239.0,OTHER,,Undetermined,UND,8.65,70.0,39.095843,-119.775228,4852.0,,,GNIS,859186,,
HD0091,hoodoo,Chair Rocks,39.4074891,-105.2363811,7878.0,CALL FIRST,f,USFS - check forest orders,USFS,4.63,315.0,39.461795,-105.30718,8369.0,,,GNIS,183340,,
HD0092,hoodoo,Chapatalito,35.3464289,-105.9811323,6237.0,OTHER,,Private,PVT,1.66,360.0,35.374125,-105.981174,5943.0,,,GNIS,887436,,
HD0107,hoodoo,Chimney Rock,39.4799777,-108.3014744,7737.0,OTHER,,Private,PVT,0.05,270.0,39.479976,-108.302469,7631.0,,,GNIS,174208,,
HD0098,hoodoo,Chimney Rock,37.07805,-108.7187061,6079.0,NO-LAND,c,Tribal land - tribal permission required,BIA,12.65,26.0,37.268427,-108.604837,6347.0,,,GNIS,179318,,
HD0108,hoodoo,Chimney Rock,39.5063776,-105.4141631,8805.0,CALL FIRST,e,State land - state land office permission,ST,3.65,348.0,39.565841,-105.431093,9643.0,,,GNIS,182527,,
HD0103,hoodoo,Chimney Rock,38.1466593,-107.5706149,10938.0,NO-LAND,a,Wilderness,USFS,2.8,270.0,38.146844,-107.6298,8362.0,,"FAA AC 91-36D: pilots asked to stay >= 2,000 ft AGL over NPS, wilderness and refuges",GNIS,188451,,
HD0102,hoodoo,Chimney Rock,38.0347181,-106.6830946,10111.0,CALL FIRST,f,USFS - check forest orders,USFS,5.58,344.0,38.124037,-106.715978,9728.0,,,GNIS,190171,,
HD0104,hoodoo,Chimney Rock,38.1869298,-109.9751275,5435.0,NO-GO,,National Park Service,NPS,7.56,175.0,38.061282,-109.962223,5685.0,,"FAA AC 91-36D: pilots asked to stay >= 2,000 ft AGL over NPS, wilderness and refuges",GNIS,1426327,,
HD0099,hoodoo,Chimney Rock,37.1524849,-111.7590598,4522.0,NO-LAND,b,Wilderness Study Area,BLM,0.91,359.0,37.16773,-111.759365,4601.0,,,GNIS,1426584,,
HD0100,hoodoo,Chimney Rock,37.4124899,-111.1076585,4671.0,LANDABLE,g,BLM land,BLM,0.0,,37.41249,-111.107658,4671.0,,,GNIS,1426585,,
HD0101,hoodoo,Chimney Rock,37.5244294,-111.9679628,5997.0,CALL FIRST,e,State land - state land office permission,ST,0.12,91.0,37.524409,-111.965422,6007.0,,,GNIS,1426586,,
HD0105,hoodoo,Chimney Rock,38.8824734,-110.8140531,7339.0,NO-LAND,a,Wilderness,BLM,0.2,121.0,38.880756,-110.810336,6978.0,,"FAA AC 91-36D: pilots asked to stay >= 2,000 ft AGL over NPS, wilderness and refuges",GNIS,1426587,,
HD0109,hoodoo,Chimney Rock,39.8927172,-113.8994418,8582.0,NO-LAND,b,Wilderness Study Area,BLM,1.96,103.0,39.88522,-113.85808,7862.0,,,GNIS,1426588,,
HD0110,hoodoo,Chimney Rock,41.5577116,-112.009113,5640.0,CALL FIRST,f,USFS - check forest orders,USFS,9.85,276.0,41.573594,-112.226685,4241.0,,,GNIS,1439687,,
HD0106,hoodoo,Chimney Rock,39.2008,-110.5608,6455.0,CALL FIRST,e,State land - state land office permission,ST,0.33,270.0,39.200806,-110.567978,6117.0,,,GNIS,2413969,,
HD0097,hoodoo,Chimney Rock,36.8563872,-108.5728643,5528.0,NO-LAND,c,Tribal land - tribal permission required,BIA,3.25,130.0,36.821499,-108.521129,5319.0,,,GNIS,887532,,
HD0095,hoodoo,Chimney Rock,35.1211536,-107.1761518,6489.0,NO-LAND,c,Tribal land - tribal permission required,BIA,2.84,350.0,35.167899,-107.186171,6334.0,,,GNIS,887533,,
HD0094,hoodoo,Chimney Rock,34.5330771,-113.0257453,2598.0,CALL FIRST,e,State land - state land office permission,ST,3.24,214.0,34.488279,-113.062331,2349.0,,,GNIS,2844,,
HD0096,hoodoo,Chimney Rock,36.8347069,-113.1582765,4793.0,LANDABLE,g,BLM land,BLM,0.0,,36.834707,-113.158276,4793.0,,,GNIS,2845,,
HD0093,hoodoo,Chimney Rock,32.3334074,-110.6075845,3933.0,CALL FIRST,f,USFS - check forest orders,USFS,8.55,72.0,32.376819,-110.447338,3015.0,,,GNIS,27590,,
HD0111,hoodoo,Chimney Rocks,39.1197053,-107.6003347,9313.0,CALL FIRST,f,USFS - check forest orders,USFS,9.17,314.0,39.225707,-107.742017,8104.0,,,GNIS,175473,,
HD0112,hoodoo,Chimneys of Treasure Mountain,39.0322118,-107.1164364,11944.0,CALL FIRST,f,USFS - check forest orders,USFS,7.62,151.0,38.920633,-107.03851,9030.0,,,GNIS,175573,,
HD0113,hoodoo,China Town,41.1118894,-111.377141,7793.0,OTHER,,Private,PVT,6.33,205.0,41.015837,-111.435058,6902.0,,,GNIS,1426594,,
HD0114,hoodoo,Chocolate Drops,38.2227626,-109.997072,5094.0,NO-GO,,National Park Service,NPS,8.84,282.0,38.25301,-110.180121,6528.0,,"FAA AC 91-36D: pilots asked to stay >= 2,000 ft AGL over NPS, wilderness and refuges",GNIS,1434945,,
HD0116,hoodoo,Church Rock,38.0738797,-109.3451152,6199.0,OTHER,,Private,PVT,0.81,96.0,38.072394,-109.328135,6032.0,,,GNIS,1426630,,
HD0115,hoodoo,Church Rock,36.7344445,-110.1187371,5581.0,NO-LAND,c,Tribal land - tribal permission required,BIA,26.62,19.0,37.154803,-109.93994,3972.0,,,GNIS,2914,,
HD0117,hoodoo,Cleopatras Needle,35.9616775,-108.9853713,7310.0,NO-LAND,c,Tribal land - tribal permission required,BIA,18.44,181.0,35.653959,-108.98983,7115.0,,,GNIS,887681,,
HD0118,hoodoo,Coke Ovens,39.0755374,-108.7223212,5910.0,NO-GO,,National Park Service,NPS,1.59,214.0,39.053567,-108.741447,6491.0,,"FAA AC 91-36D: pilots asked to stay >= 2,000 ft AGL over NPS, wilderness and refuges",GNIS,174529,,
HD0119,hoodoo,Coliseum,37.6380387,-112.1365826,7401.0,NO-GO,,National Park Service,NPS,1.27,102.0,37.633554,-112.110558,7261.0,,"FAA AC 91-36D: pilots asked to stay >= 2,000 ft AGL over NPS, wilderness and refuges",GNIS,1448293,,
HD0120,hoodoo,Cone Hill,35.6739129,-107.4711609,6479.0,NO-LAND,c,Tribal land - tribal permission required,BIA,0.13,65.0,35.67485,-107.468747,6491.0,,,GNIS,887780,,
HD0121,hoodoo,Corner Rock,36.3860988,-111.6418214,6077.0,NO-LAND,c,Tribal land - tribal permission required,BIA,23.52,354.0,36.776783,-111.689699,3771.0,,Within 15 nm of Grand Canyon NP: check the Grand Canyon SFRA on the Grand Canyon VFR chart,GNIS,3267,,
HD0122,hoodoo,Cornwalls Nose,37.4066721,-106.4880929,11528.0,CALL FIRST,f,USFS - check forest orders,USFS,7.78,103.0,37.377105,-106.329672,9156.0,,,GNIS,190645,,
HD0123,hoodoo,Council Rocks,31.9092514,-110.0328486,5021.0,CALL FIRST,f,USFS - check forest orders,USFS,6.2,292.0,31.948699,-110.145206,4174.0,,,GNIS,3420,,
HD0124,hoodoo,Court Rock,37.7932977,-114.3880447,4796.0,OTHER,,Private,PVT,0.44,56.0,37.797429,-114.380435,4789.0,,,GNIS,839790,,
HD0125,hoodoo,Courthouse Rock,37.4733493,-103.5977245,4713.0,OTHER,,Private,PVT,3.46,245.0,37.448596,-103.663119,4832.0,,,GNIS,196102,,
HD0126,hoodoo,Courthouse Towers,38.6316477,-109.6023407,4784.0,NO-GO,,National Park Service,NPS,1.1,207.0,38.615214,-109.612892,4066.0,,"FAA AC 91-36D: pilots asked to stay >= 2,000 ft AGL over NPS, wilderness and refuges",GNIS,1426983,,
HD0127,hoodoo,Cowboy Hat,37.2827766,-110.1145705,4851.0,NO-LAND,c,Tribal land - tribal permission required,BIA,1.6,43.0,37.302351,-110.091782,5438.0,,,GNIS,1427018,,
HD0128,hoodoo,Coyote Joe Rock,35.1564074,-110.2373477,5203.0,OTHER,,Private,PVT,0.46,180.0,35.148721,-110.23738,5201.0,,,GNIS,3479,,
HD0129,hoodoo,Creation Rock,39.6661111,-105.2063889,6603.0,OTHER,,Private,PVT,6.64,312.0,39.73999,-105.313114,6518.0,,,GNIS,182143,,
HD0130,hoodoo,Curecanti Needle,38.448879,-107.414224,7536.0,LANDABLE,g,BLM land,BLM,0.0,,38.448879,-107.414224,7536.0,,,GNIS,188179,,
HD0131,hoodoo,Dance Hall Rock,37.3572124,-111.1001575,4684.0,LANDABLE,g,BLM land,BLM,0.0,,37.357212,-111.100158,4684.0,,,GNIS,1427198,,
HD0132,hoodoo,Dancing Rocks,36.6630566,-109.587331,5500.0,NO-LAND,c,Tribal land - tribal permission required,BIA,31.68,336.0,37.14573,-109.856016,4078.0,,,GNIS,3688,,
HD0133,hoodoo,Dark Angel,38.8016442,-109.6265097,5508.0,NO-GO,,National Park Service,NPS,1.04,26.0,38.81725,-109.616955,4883.0,,"FAA AC 91-36D: pilots asked to stay >= 2,000 ft AGL over NPS, wilderness and refuges",GNIS,1427213,,
HD0134,hoodoo,Deadmans Rock,34.9411561,-107.6086613,6651.0,NO-LAND,c,Tribal land - tribal permission required,BIA,6.26,132.0,34.870989,-107.514544,6207.0,,,GNIS,888248,,
HD0135,hoodoo,Determination Towers,38.6827564,-109.750954,4966.0,LANDABLE,g,BLM land,BLM,0.0,,38.682756,-109.750954,4966.0,,,GNIS,1437243,,
HD0136,hoodoo,Devil Rock,38.1769051,-114.0558108,7346.0,NO-LAND,a,Wilderness,BLM,0.9,215.0,38.164571,-114.0667,7512.0,,"FAA AC 91-36D: pilots asked to stay >= 2,000 ft AGL over NPS, wilderness and refuges",GNIS,840022,,
HD0137,hoodoo,Devils Castle,40.5657847,-111.6146439,10822.0,OTHER,,Private,PVT,3.72,59.0,40.597902,-111.54511,9339.0,,,GNIS,1440423,,
HD0138,hoodoo,Devils Golf Ball,38.6985916,-109.5476187,5235.0,NO-GO,,National Park Service,NPS,1.8,89.0,38.699033,-109.509376,4608.0,,"FAA AC 91-36D: pilots asked to stay >= 2,000 ft AGL over NPS, wilderness and refuges",GNIS,1435419,,
HD0139,hoodoo,Devils Kitchen,39.0255378,-108.6317624,5276.0,NO-GO,,National Park Service,NPS,0.47,90.0,39.025558,-108.62164,5154.0,,"FAA AC 91-36D: pilots asked to stay >= 2,000 ft AGL over NPS, wilderness and refuges",GNIS,174523,,
HD0140,hoodoo,Devils Knob,38.0636113,-106.176691,8781.0,LANDABLE,g,BLM land,BLM,0.0,,38.063611,-106.176691,8781.0,,,GNIS,190216,,
HD0141,hoodoo,Devils Monument,38.9524755,-110.8115529,6528.0,NO-LAND,a,Wilderness,BLM,0.77,223.0,38.943003,-110.822762,6042.0,,"FAA AC 91-36D: pilots asked to stay >= 2,000 ft AGL over NPS, wilderness and refuges",GNIS,1427375,,
HD0142,hoodoo,Devils Playground,40.1055212,-109.2273427,5191.0,LANDABLE,g,BLM land,BLM,0.0,,40.105521,-109.227343,5191.0,,,GNIS,1427376,,
HD0143,hoodoo,Devils Rocking Chair,37.6364005,-103.194932,4730.0,OTHER,,Private,PVT,5.63,54.0,37.690918,-103.098722,4326.0,,,GNIS,195898,,
HD0144,hoodoo,Devils Rockpile,39.0847108,-107.0719912,10698.0,NO-LAND,a,Wilderness,USFS,8.08,28.0,39.203242,-106.989556,8325.0,,"FAA AC 91-36D: pilots asked to stay >= 2,000 ft AGL over NPS, wilderness and refuges",GNIS,175567,,
HD0147,hoodoo,Devils Thumb,39.9524861,-105.2899907,7696.0,OTHER,,Local government,LG,0.94,209.0,39.938886,-105.29993,6537.0,,,GNIS,181181,,
HD0146,hoodoo,Devils Thumb,38.8149832,-108.0839595,5758.0,NO-LAND,b,Wilderness Study Area,BLM,0.13,16.0,38.817126,-108.083163,5770.0,,,GNIS,185383,,
HD0145,hoodoo,Devils Thumb,36.2807958,-115.6947413,11007.0,NO-LAND,a,Wilderness,USFS,4.99,269.0,36.278772,-115.797548,6180.0,,"FAA AC 91-36D: pilots asked to stay >= 2,000 ft AGL over NPS, wilderness and refuges",GNIS,862476,,
HD0148,hoodoo,Diaz Spire,31.9706234,-112.6715397,3767.0,NO-LAND,a,Wilderness,NPS,14.06,348.0,32.200584,-112.727442,2442.0,,"FAA AC 91-36D: pilots asked to stay >= 2,000 ft AGL over NPS, wilderness and refuges",GNIS,3937,,
HD0149,hoodoo,Dirty Devil,37.2560976,-111.5554433,5076.0,LANDABLE,g,BLM land,BLM,0.0,,37.256098,-111.555443,5076.0,,,GNIS,1427407,,
HD0150,hoodoo,Dog Head,38.8386018,-105.2602653,8634.0,OTHER,,Private,PVT,3.27,180.0,38.784078,-105.260194,8622.0,,,GNIS,191412,,
HD0152,hoodoo,Dome Rock,38.8349903,-105.2283196,9037.0,OTHER,,Local government,LG,2.46,117.0,38.816232,-105.181647,9580.0,,,GNIS,191223,,
HD0151,hoodoo,Dome Rock,38.0655613,-105.059713,8667.0,CALL FIRST,f,USFS - check forest orders,USFS,3.75,61.0,38.095783,-104.990309,6517.0,,,GNIS,192376,,
HD0153,hoodoo,Dragons Egg Rock,40.2410959,-105.603336,12162.0,NO-LAND,a,Wilderness,NPS,6.1,26.0,40.332441,-105.544808,9507.0,,"FAA AC 91-36D: pilots asked to stay >= 2,000 ft AGL over NPS, wilderness and refuges",GNIS,178232,,
HD0154,hoodoo,Dripping Rock,37.1883445,-105.894743,7711.0,OTHER,,Private,PVT,1.58,65.0,37.19927,-105.864843,7667.0,,,GNIS,192993,,
HD0155,hoodoo,Duck Rock,39.956357,-109.147892,5278.0,OTHER,,Private,PVT,0.01,180.0,39.956125,-109.147892,5278.0,,,GNIS,1435464,,
HD0156,hoodoo,Duck-on-the-Rock,38.6833142,-109.535674,5223.0,NO-GO,,National Park Service,NPS,1.54,71.0,38.69178,-109.504762,4564.0,,"FAA AC 91-36D: pilots asked to stay >= 2,000 ft AGL over NPS, wilderness and refuges",GNIS,1435463,,
HD0165,hoodoo,Eagle Rock,40.5716351,-108.0628611,6533.0,LANDABLE,g,BLM land,BLM,0.0,,40.571635,-108.062861,6533.0,,,GNIS,170706,,
HD0164,hoodoo,Eagle Rock,40.4116502,-105.4677737,8402.0,OTHER,,Private,PVT,5.19,225.0,40.35077,-105.548183,8396.0,,,GNIS,177635,,
HD0162,hoodoo,Eagle Rock,39.3919337,-105.1652677,6373.0,CALL FIRST,f,USFS - check forest orders,USFS,7.81,302.0,39.461795,-105.30718,8369.0,,,GNIS,183335,,
HD0161,hoodoo,Eagle Rock,37.134464,-104.4052608,6618.0,OTHER,,Private,PVT,8.83,325.0,37.254424,-104.51214,6497.0,,,GNIS,194745,,
HD0159,hoodoo,Eagle Rock,36.6650291,-104.4938774,6127.0,OTHER,,Private,PVT,14.49,73.0,36.733478,-104.205814,6967.0,,,GNIS,902240,,
HD0160,hoodoo,Eagle Rock,36.710582,-105.5608393,8925.0,CALL FIRST,f,USFS - check forest orders,USFS,2.9,300.0,36.734835,-105.612863,7704.0,,,GNIS,905941,,
HD0157,hoodoo,Eagle Rock,34.0139216,-112.3485002,2535.0,OTHER,,Private,PVT,0.57,266.0,34.013207,-112.359953,2436.0,,,GNIS,4244,,
HD0158,hoodoo,Eagle Rock,35.3411192,-111.9862734,8088.0,CALL FIRST,f,USFS - check forest orders,USFS,24.5,255.0,35.237243,-112.468721,5274.0,,,GNIS,28726,,
HD0163,hoodoo,Eagle Rock,39.7449112,-119.0323853,4060.0,OTHER,,Bureau of Reclamation,USBR,1.33,180.0,39.722644,-119.032378,4324.0,,,GNIS,840243,,
HD0166,hoodoo,Eagles Beak,40.2122074,-105.6641715,12023.0,NO-LAND,a,Wilderness,NPS,9.06,37.0,40.332441,-105.544808,9507.0,,"FAA AC 91-36D: pilots asked to stay >= 2,000 ft AGL over NPS, wilderness and refuges",GNIS,178189,,
HD0167,hoodoo,Ear Rock,35.9641799,-108.5884154,5854.0,NO-LAND,c,Tribal land - tribal permission required,BIA,15.45,86.0,35.980386,-108.271902,5997.0,,,GNIS,888628,,
HD0168,hoodoo,East Chimney,40.9524846,-103.3779874,4771.0,OTHER,,Private,PVT,28.02,167.0,40.497749,-103.236767,4138.0,,,GNIS,171023,,
HD0170,hoodoo,Echo Rock,39.9819303,-105.2822128,6127.0,OTHER,,Unclassified (private / other),OTHFE,2.71,198.0,39.938886,-105.29993,6537.0,,,GNIS,181224,,
HD0169,hoodoo,Echo Rock,38.8961027,-104.8833106,6695.0,OTHER,,Private,PVT,3.75,222.0,38.84966,-104.936852,7462.0,,,GNIS,193320,,
HD0171,hoodoo,Eightmile Rock,38.2747083,-109.5687277,6410.0,LANDABLE,g,BLM land,BLM,0.0,,38.274708,-109.568728,6410.0,,,GNIS,1427762,,
HD0172,hoodoo,Elephant Feet,36.3311041,-110.9248667,5498.0,NO-LAND,c,Tribal land - tribal permission required,BIA,40.23,209.0,35.742488,-111.322515,4198.0,,,GNIS,4401,,
HD0173,hoodoo,Elephant Head Rock,40.5749022,-118.9887828,6234.0,LANDABLE,g,BLM land,BLM,0.0,,40.574902,-118.988783,6234.0,,,GNIS,850286,,
HD0177,hoodoo,Elephant Rock,38.8849953,-106.1516851,8110.0,CALL FIRST,f,USFS - check forest orders,USFS,0.14,271.0,38.885048,-106.154609,8115.0,,,GNIS,189266,,
HD0174,hoodoo,Elephant Rock,36.719473,-105.4644494,10226.0,CALL FIRST,f,USFS - check forest orders,USFS,6.96,285.0,36.749397,-105.60394,7610.0,,,GNIS,906114,,
HD0175,hoodoo,Elephant Rock,36.7228018,-103.1179889,4863.0,OTHER,,Private,PVT,3.79,340.0,36.782288,-103.144676,5010.0,,,GNIS,906115,,
HD0176,hoodoo,Elephant Rock,38.4868787,-117.0225798,6811.0,CALL FIRST,f,USFS - check forest orders,USFS,0.08,179.0,38.485544,-117.022563,6791.0,,,GNIS,862626,,
HD0178,hoodoo,Elephants Foot,36.7877635,-112.8304825,4963.0,CALL FIRST,e,State land - state land office permission,ST,3.75,271.0,36.788449,-112.908309,5286.0,,,GNIS,4402,,
HD0179,hoodoo,Elephants Tooth,35.0247249,-114.3713473,3490.0,OTHER,,Private,PVT,0.21,28.0,35.027886,-114.369306,3445.0,,,GNIS,4403,,
HD0180,hoodoo,Elk Tooth,40.1677633,-105.6544487,12813.0,NO-LAND,a,Wilderness,NPS,8.75,133.0,40.068644,-105.514855,9215.0,,"FAA AC 91-36D: pilots asked to stay >= 2,000 ft AGL over NPS, wilderness and refuges",GNIS,204995,,
HD0181,hoodoo,Eskiminzin Fort Rock,32.9711766,-110.624823,3226.0,NO-LAND,c,Tribal land - tribal permission required,BIA,2.39,166.0,32.932517,-110.613343,4277.0,,,GNIS,4483,,
HD0182,hoodoo,Face Rock,36.1100053,-109.3551032,6292.0,NO-GO,,National Park Service,NPS,31.95,152.0,35.639601,-109.046365,6973.0,,"FAA AC 91-36D: pilots asked to stay >= 2,000 ft AGL over NPS, wilderness and refuges",GNIS,4530,,
HD0183,hoodoo,Fairy Castle,37.614983,-112.1574165,7689.0,NO-GO,,National Park Service,NPS,1.42,107.0,37.608049,-112.128864,6959.0,,"FAA AC 91-36D: pilots asked to stay >= 2,000 ft AGL over NPS, wilderness and refuges",GNIS,1440986,,
HD0184,hoodoo,Fan Top Tree,37.5719569,-103.1110409,4821.0,OTHER,,Private,PVT,1.84,112.0,37.560411,-103.0752,4726.0,,,GNIS,196034,,
HD0185,hoodoo,Female Rock,36.5236119,-109.3351035,6017.0,NO-LAND,c,Tribal land - tribal permission required,BIA,40.92,70.0,36.752666,-108.536892,5342.0,,,GNIS,21620,,
HD0186,hoodoo,Fiery Furnace,38.7508128,-109.567064,4934.0,NO-GO,,National Park Service,NPS,2.61,50.0,38.778788,-109.524535,4634.0,,"FAA AC 91-36D: pilots asked to stay >= 2,000 ft AGL over NPS, wilderness and refuges",GNIS,1427920,,
HD0190,hoodoo,Finger Rock,40.1258176,-106.8906018,7980.0,OTHER,,Private,PVT,0.27,107.0,40.124447,-106.884927,8066.0,,,GNIS,173056,,
HD0187,hoodoo,Finger Rock,32.3653525,-110.8948176,6386.0,NO-LAND,a,Wilderness,USFS,7.65,287.0,32.403524,-111.038411,2600.0,,"FAA AC 91-36D: pilots asked to stay >= 2,000 ft AGL over NPS, wilderness and refuges",GNIS,28995,,
HD0188,hoodoo,Finger Rock,35.198069,-112.2082253,8954.0,CALL FIRST,f,USFS - check forest orders,USFS,12.96,279.0,35.230059,-112.468859,5151.0,,,GNIS,28996,,
HD0189,hoodoo,Finger Rock,38.6860347,-118.0076183,5142.0,LANDABLE,g,BLM land,BLM,0.0,,38.686035,-118.007618,5142.0,,,GNIS,850719,,
HD0191,hoodoo,Fisher Towers,38.7216516,-109.3042827,5060.0,LANDABLE,g,BLM land,BLM,0.0,,38.721652,-109.304283,5060.0,,,GNIS,1441094,,
HD0192,hoodoo,Fivemile Rock,39.724153,-106.8392065,8075.0,OTHER,,Private,PVT,0.36,180.0,39.718203,-106.839192,7939.0,,,GNIS,176255,,
HD0194,hoodoo,Flat Rock,39.5466317,-109.6498555,7424.0,NO-LAND,c,Tribal land - tribal permission required,BIA,0.9,349.0,39.561369,-109.653392,7315.0,,,GNIS,1435535,,
HD0193,hoodoo,Flat Rock,36.1661036,-111.2554183,5346.0,NO-LAND,c,Tribal land - tribal permission required,BIA,25.59,187.0,35.742488,-111.322515,4198.0,,,GNIS,4664,,
HD0195,hoodoo,Forsythe Rock,39.9666532,-105.4091612,8204.0,OTHER,,Private,PVT,3.7,360.0,40.028367,-105.409698,7953.0,,,GNIS,181161,,
HD0196,hoodoo,Fortification Rocks,40.7630242,-107.5700672,6725.0,OTHER,,Private,PVT,0.22,346.0,40.766619,-107.57126,6766.0,,,GNIS,169858,,
HD0197,hoodoo,Frog Rock,35.9097341,-109.0256497,7265.0,NO-LAND,c,Tribal land - tribal permission required,BIA,15.35,176.0,35.654032,-109.005595,7014.0,,,GNIS,898315,,
HD0198,hoodoo,Gate Rock,38.8799915,-104.8808101,6500.0,OTHER,,Local government,LG,3.15,230.0,38.846116,-104.932167,8092.0,,,GNIS,193318,,
HD0199,hoodoo,George Rock,38.0680464,-109.3578935,6254.0,OTHER,,Private,PVT,0.94,301.0,38.076018,-109.374971,6215.0,,,GNIS,1428173,,
HD0200,hoodoo,George Washington Rock,40.1126836,-119.7188048,3907.0,NO-LAND,c,Tribal land - tribal permission required,BIA,0.78,255.0,40.109335,-119.735254,4195.0,,,GNIS,840630,,
HD0201,hoodoo,Ghost Rock,38.8616394,-110.8126642,7360.0,LANDABLE,g,BLM land,BLM,0.0,,38.861639,-110.812664,7360.0,,,GNIS,1435580,,
HD0202,hoodoo,Giants Chair,35.7247286,-110.5334676,5475.0,NO-LAND,c,Tribal land - tribal permission required,BIA,34.0,192.0,35.170098,-110.680618,4797.0,,,GNIS,5002,,
HD0203,hoodoo,Glass Mountain,38.45474,-111.19182,5439.0,LANDABLE,g,BLM land,BLM,0.0,,38.45474,-111.19182,5439.0,,,GNIS,1455292,,
HD0204,hoodoo,Gog Rock,38.8438783,-104.9491431,8769.0,OTHER,,Private,PVT,0.38,89.0,38.843985,-104.941125,8497.0,,,GNIS,193448,,
HD0205,hoodoo,Gold Blossom Rocks,40.9360785,-107.1278323,7975.0,LANDABLE,g,BLM land,BLM,0.0,,40.936078,-107.127832,7975.0,,,GNIS,169838,,
HD0206,hoodoo,Goosehead Rock,32.3747975,-110.7045339,6681.0,CALL FIRST,f,USFS - check forest orders,USFS,8.75,191.0,32.231528,-110.738547,2704.0,,,GNIS,37319,,
HD0207,hoodoo,Government Bird Rock,37.2902764,-110.1331818,5212.0,NO-LAND,c,Tribal land - tribal permission required,BIA,2.11,70.0,37.302351,-110.091782,5438.0,,,GNIS,1435013,,
HD0208,hoodoo,Grainery Rock,37.9672097,-110.3006943,5471.0,NO-LAND,b,Wilderness Study Area,BLM,0.44,180.0,37.959826,-110.300683,5260.0,,,GNIS,1428300,,
HD0209,hoodoo,Grand Castle,37.7958095,-112.7757755,8510.0,CALL FIRST,f,USFS - check forest orders,USFS,0.04,0.0,37.796396,-112.775771,8417.0,,,GNIS,1441401,,
HD0210,hoodoo,Grandview Rock,38.8463777,-104.9738658,9350.0,OTHER,,Private,PVT,1.53,89.0,38.846791,-104.941185,8002.0,,,GNIS,193439,,
HD0211,hoodoo,Gray Castle,36.2758188,-111.8348838,3251.0,NO-GO,,National Park Service,NPS,27.69,234.0,36.006514,-112.297951,6166.0,,"FAA AC 91-36D: pilots asked to stay >= 2,000 ft AGL over NPS, wilderness and refuges | Within 15 nm of Grand Canyon NP: check the Grand Canyon SFRA on the Grand Canyon VFR chart",GNIS,24110,,
HD0212,hoodoo,Grizzly Tooth,36.440591,-105.0513935,8932.0,OTHER,,Private,PVT,11.07,201.0,36.268217,-105.13353,8923.0,,,GNIS,889639,,
HD0213,hoodoo,Gullivers Castle,37.6227608,-112.1560276,7594.0,NO-GO,,National Park Service,NPS,1.57,124.0,37.608049,-112.128864,6959.0,,"FAA AC 91-36D: pilots asked to stay >= 2,000 ft AGL over NPS, wilderness and refuges",GNIS,1448451,,
HD0214,hoodoo,Half Way Rock,39.6566545,-105.2208227,6146.0,OTHER,,Private,PVT,6.57,319.0,39.73999,-105.313114,6518.0,,,GNIS,1678985,,
HD0215,hoodoo,Ham Rock,38.6994249,-109.552341,5389.0,NO-GO,,National Park Service,NPS,2.02,90.0,38.69945,-109.509376,4609.0,,"FAA AC 91-36D: pilots asked to stay >= 2,000 ft AGL over NPS, wilderness and refuges",GNIS,1450375,,
HD0216,hoodoo,Hardwater Rock,38.3963889,-109.4516667,5172.0,LANDABLE,g,BLM land,BLM,0.0,,38.396389,-109.451667,5172.0,,,GNIS,2076048,,
HD0217,hoodoo,Hat Rock,37.3733312,-110.0970726,5521.0,NO-LAND,b,Wilderness Study Area,BLM,0.07,346.0,37.374409,-110.097402,5524.0,,,GNIS,1428570,,
HD0218,hoodoo,Hat Shop,37.5922056,-112.1440822,7392.0,NO-GO,,National Park Service,NPS,0.72,90.0,37.592173,-112.12888,6922.0,,"FAA AC 91-36D: pilots asked to stay >= 2,000 ft AGL over NPS, wilderness and refuges",GNIS,1441625,,
HD0219,hoodoo,Hawk Rock,33.3664386,-111.5742998,1543.0,OTHER,,Private,PVT,3.43,56.0,33.398778,-111.517938,1712.0,,,GNIS,5630,,
HD0220,hoodoo,Hayden Spire,40.3519288,-105.740841,12424.0,NO-LAND,a,Wilderness,NPS,8.66,90.0,40.350777,-105.552046,8688.0,,"FAA AC 91-36D: pilots asked to stay >= 2,000 ft AGL over NPS, wilderness and refuges",GNIS,177806,,
HD0222,hoodoo,Haystack Rock,40.9322068,-105.4694352,7334.0,CALL FIRST,f,USFS - check forest orders,USFS,6.26,116.0,40.886701,-105.345585,6420.0,,,GNIS,170118,,
HD0221,hoodoo,Haystack Rock,40.4633,-108.6689954,6500.0,NO-GO,,National Park Service,NPS,1.81,7.0,40.493228,-108.664071,6794.0,,"FAA AC 91-36D: pilots asked to stay >= 2,000 ft AGL over NPS, wilderness and refuges",GNIS,170904,,
HD0223,hoodoo,Heart Rock,37.3180737,-103.7066193,5191.0,CALL FIRST,e,State land - state land office permission,ST,7.83,14.0,37.445,-103.667574,4823.0,,,GNIS,196199,,
HD0224,hoodoo,High Point Rock,36.8638854,-111.025144,5549.0,NO-LAND,c,Tribal land - tribal permission required,BIA,20.67,356.0,37.207998,-111.055435,6469.0,,,GNIS,5799,,
HD0225,hoodoo,High Rock,38.585238,-113.1932953,6479.0,LANDABLE,g,BLM land,BLM,0.0,,38.585238,-113.193295,6479.0,,,GNIS,1428705,,
HD0226,hoodoo,Hole-in-the-Rock,37.2513814,-110.8882047,3614.0,NO-GO,,National Park Service,NPS,6.28,270.0,37.251384,-111.019215,5553.0,,"FAA AC 91-36D: pilots asked to stay >= 2,000 ft AGL over NPS, wilderness and refuges",GNIS,1428771,,
HD0227,hoodoo,Home Rock,40.994708,-105.4486008,7719.0,OTHER,,Private,PVT,7.99,144.0,40.886701,-105.345585,6420.0,,,GNIS,170114,,
HD0228,hoodoo,Hoodoo Peak,33.339756,-114.0343816,4125.0,NO-LAND,a,Wilderness,FWS,6.75,282.0,33.363721,-114.165537,1566.0,,"FAA AC 91-36D: pilots asked to stay >= 2,000 ft AGL over NPS, wilderness and refuges",GNIS,11740,,
HD0229,hoodoo,Horse Rock,36.5327746,-110.9576448,6679.0,NO-LAND,c,Tribal land - tribal permission required,BIA,35.96,310.0,36.917859,-111.529415,3998.0,,,GNIS,5989,,
HD0230,hoodoo,Horseshoe Rock,37.8924304,-118.3101178,10250.0,CALL FIRST,f,USFS - check forest orders,USFS,3.18,89.0,37.893211,-118.243152,7256.0,,,GNIS,860047,,
HD0231,hoodoo,Hoskinnini Monument,37.8313775,-110.5043099,3932.0,NO-GO,,National Park Service,NPS,1.25,270.0,37.83138,-110.53066,4068.0,,"FAA AC 91-36D: pilots asked to stay >= 2,000 ft AGL over NPS, wilderness and refuges",GNIS,1428898,,
HD0232,hoodoo,Hotel Rock,37.5733306,-109.7029058,6231.0,NO-LAND,d,BLM National Monument / NCA,BLM,0.49,300.0,37.577418,-109.711818,5933.0,,,GNIS,1428910,,
HD0233,hoodoo,Ice Cream Cone,33.5292225,-109.1881306,6546.0,CALL FIRST,f,USFS - check forest orders,USFS,21.37,191.0,33.179346,-109.271707,4416.0,,,GNIS,25403,,
HD0234,hoodoo,Independence Monument,39.0958148,-108.7234324,5593.0,NO-GO,,National Park Service,NPS,1.34,51.0,39.109888,-108.701185,4720.0,,"FAA AC 91-36D: pilots asked to stay >= 2,000 ft AGL over NPS, wilderness and refuges",GNIS,174539,,
HD0235,hoodoo,Indian Head Rock,39.9046302,-119.5360163,3914.0,OTHER,,Undetermined,UND,2.94,231.0,39.873825,-119.585441,4460.0,,,GNIS,850512,,
HD0236,hoodoo,Indian Head and Trapper,41.6235449,-111.7674407,5509.0,CALL FIRST,f,USFS - check forest orders,USFS,17.11,75.0,41.698414,-111.400327,7819.0,,,GNIS,1448508,,
HD0237,hoodoo,Indian Rock,40.5735789,-108.1811994,6182.0,LANDABLE,g,BLM land,BLM,0.0,,40.573579,-108.181199,6182.0,,,GNIS,170713,,
HD0238,hoodoo,Indian Rock,40.7271232,-119.5651936,4011.0,NO-LAND,b,Wilderness Study Area,BLM,0.35,123.0,40.723947,-119.55876,3874.0,,,GNIS,850300,,
HD0239,hoodoo,Inscription Rock,35.1863879,-114.5669096,587.0,NO-GO,,National Park Service,NPS,0.97,168.0,35.170617,-114.562872,552.0,,"FAA AC 91-36D: pilots asked to stay >= 2,000 ft AGL over NPS, wilderness and refuges",GNIS,6254,,
HD0240,hoodoo,Inspiration Rock,32.431187,-110.7609279,8041.0,NO-LAND,a,Wilderness,USFS,12.0,175.0,32.23154,-110.740218,2702.0,,"FAA AC 91-36D: pilots asked to stay >= 2,000 ft AGL over NPS, wilderness and refuges",GNIS,30396,,
HD0241,hoodoo,Jacks Mummy,38.6847031,-109.5348407,5266.0,NO-GO,,National Park Service,NPS,1.47,54.0,38.699033,-109.509376,4608.0,,"FAA AC 91-36D: pilots asked to stay >= 2,000 ft AGL over NPS, wilderness and refuges",GNIS,1435759,,
HD0242,hoodoo,Jacobs Monument,37.1036075,-110.4584678,4288.0,NO-LAND,c,Tribal land - tribal permission required,BIA,10.42,333.0,37.258831,-110.556296,5676.0,,,GNIS,1429115,,
HD0243,hoodoo,Jagged Rock,35.1127974,-110.3120708,5172.0,CALL FIRST,e,State land - state land office permission,ST,0.89,20.0,35.12681,-110.305905,5143.0,,,GNIS,6345,,
HD0244,hoodoo,Jail Rock,38.1747105,-109.4173375,5955.0,LANDABLE,g,BLM land,BLM,0.0,,38.17471,-109.417338,5955.0,,,GNIS,1429120,,
HD0245,hoodoo,Joseph and Mary,37.6069276,-112.1526939,7640.0,NO-GO,,National Park Service,NPS,1.14,90.0,37.606917,-112.128865,6974.0,,"FAA AC 91-36D: pilots asked to stay >= 2,000 ft AGL over NPS, wilderness and refuges",GNIS,1448525,,
HD0246,hoodoo,Kaan Paachihpi,37.1266613,-108.6895391,6145.0,NO-LAND,c,Tribal land - tribal permission required,BIA,9.42,26.0,37.268427,-108.604837,6347.0,,,GNIS,179169,,
HD0247,hoodoo,Katzenjammer Kids,37.6194273,-112.1643612,7654.0,NO-GO,,National Park Service,NPS,1.82,112.0,37.608049,-112.128864,6959.0,,"FAA AC 91-36D: pilots asked to stay >= 2,000 ft AGL over NPS, wilderness and refuges",GNIS,1448541,,
HD0248,hoodoo,Keyboard of the Winds,40.2527625,-105.6238924,13187.0,NO-LAND,a,Wilderness,NPS,6.0,37.0,40.332441,-105.544808,9507.0,,"FAA AC 91-36D: pilots asked to stay >= 2,000 ft AGL over NPS, wilderness and refuges",GNIS,177924,,
HD0249,hoodoo,Kissing Couple,39.0891483,-108.7181544,5408.0,NO-GO,,National Park Service,NPS,1.47,33.0,39.109888,-108.701185,4720.0,,"FAA AC 91-36D: pilots asked to stay >= 2,000 ft AGL over NPS, wilderness and refuges",GNIS,174530,,
HD0250,hoodoo,Kitty Coleman Rock,36.2469253,-114.3994192,1081.0,NO-GO,,National Park Service,NPS,4.77,279.0,36.259195,-114.496481,1846.0,,"FAA AC 91-36D: pilots asked to stay >= 2,000 ft AGL over NPS, wilderness and refuges",GNIS,863356,,
HD0251,hoodoo,Kneeling Camel,38.5610975,-107.680336,7277.0,NO-LAND,a,Wilderness,NPS,1.71,259.0,38.555745,-107.715971,8210.0,,"FAA AC 91-36D: pilots asked to stay >= 2,000 ft AGL over NPS, wilderness and refuges",GNIS,186854,,
HD0252,hoodoo,La Vieja,34.8928224,-107.8664451,6947.0,NO-LAND,c,Tribal land - tribal permission required,BIA,4.8,329.0,34.961768,-107.915999,6833.0,,,GNIS,890846,,
HD0253,hoodoo,Lady in the Bathtub,37.2819451,-109.8787366,5189.0,NO-LAND,b,Wilderness Study Area,BLM,0.52,180.0,37.273277,-109.878778,4911.0,,,GNIS,1425246,,
HD0254,hoodoo,Landmark Rock,37.1557833,-116.2619909,5770.0,OTHER,,Department of Energy,DOE,16.29,239.0,37.016278,-116.553135,4616.0,,,GNIS,841567,,
HD0255,hoodoo,Lava Pinnacle,36.206648,-113.0604811,1722.0,NO-LAND,c,Tribal land - tribal permission required,BIA,11.85,2.0,36.40437,-113.053654,5603.0,,Within 15 nm of Grand Canyon NP: check the Grand Canyon SFRA on the Grand Canyon VFR chart,GNIS,6917,,
HD0256,hoodoo,LeChee Rock,36.8636028,-111.3095948,5900.0,NO-LAND,c,Tribal land - tribal permission required,BIA,11.07,287.0,36.917859,-111.529415,3998.0,,,GNIS,6944,,
HD0257,hoodoo,Liberty Cap,39.0563708,-108.6700971,5639.0,NO-GO,,National Park Service,NPS,0.5,35.0,39.063156,-108.664053,4930.0,,"FAA AC 91-36D: pilots asked to stay >= 2,000 ft AGL over NPS, wilderness and refuges",GNIS,174531,,
HD0258,hoodoo,Lighthouse Rock,33.1444814,-114.685235,224.0,NO-GO,,Fish & Wildlife Service refuge,FWS,2.79,25.0,33.186833,-114.662086,283.0,,"FAA AC 91-36D: pilots asked to stay >= 2,000 ft AGL over NPS, wilderness and refuges",GNIS,7005,,
HD0259,hoodoo,Lightning Rock,37.1274973,-109.1564984,4882.0,NO-LAND,c,Tribal land - tribal permission required,BIA,10.94,52.0,37.240412,-108.97718,5348.0,,,GNIS,1429608,,
HD0260,hoodoo,Lion Rock,36.9300027,-107.9420111,6352.0,LANDABLE,g,BLM land,BLM,0.0,,36.930003,-107.942011,6352.0,,,GNIS,900052,,
HD0261,hoodoo,Little Eagle Rock,36.6533626,-104.4955441,6111.0,OTHER,,Private,PVT,14.78,71.0,36.733478,-104.205814,6967.0,,,GNIS,891132,,
HD0266,hoodoo,Lone Rock,41.2907696,-112.3896747,4219.0,OTHER,,Private,PVT,2.79,250.0,41.274579,-112.447399,5194.0,,,GNIS,1429871,,
HD0262,hoodoo,Lone Rock,37.0274868,-111.5354397,3614.0,NO-GO,,National Park Service,NPS,3.15,191.0,36.975876,-111.547522,4264.0,,"FAA AC 91-36D: pilots asked to stay >= 2,000 ft AGL over NPS, wilderness and refuges | Within 15 nm of Grand Canyon NP: check the Grand Canyon SFRA on the Grand Canyon VFR chart",GNIS,1429872,,
HD0263,hoodoo,Lone Rock,37.3636014,-111.0823795,4560.0,LANDABLE,g,BLM land,BLM,0.0,,37.363601,-111.08238,4560.0,,,GNIS,1429873,,
HD0265,hoodoo,Lone Rock,40.7079948,-112.684966,4298.0,LANDABLE,g,BLM land,BLM,0.0,,40.707995,-112.684966,4298.0,,,GNIS,1429874,,
HD0267,hoodoo,Lone Rock,41.6990904,-112.8422028,4204.0,CALL FIRST,e,State land - state land office permission,ST,0.22,342.0,41.702563,-112.843732,4225.0,,,GNIS,1429875,,
HD0264,hoodoo,Lone Rock,39.3235234,-119.650735,7142.0,LANDABLE,g,BLM land,BLM,0.0,,39.323523,-119.650735,7142.0,,,GNIS,848373,,
HD0268,hoodoo,Lonesome Rock,36.7447464,-103.7071799,6146.0,OTHER,,Private,PVT,7.53,62.0,36.804261,-103.569608,5831.0,,,GNIS,891286,,
HD0269,hoodoo,Los Pilares,34.4989479,-107.2817036,6234.0,OTHER,,Private,PVT,1.19,271.0,34.499329,-107.305609,6390.0,,,GNIS,908222,,
HD0270,hoodoo,Los Pillares,33.4914572,-107.363925,6433.0,CALL FIRST,f,USFS - check forest orders,USFS,3.44,179.0,33.434018,-107.362866,5701.0,,,GNIS,1992149,,
HD0271,hoodoo,Los Posos,35.5019759,-106.8953157,5767.0,NO-LAND,a,Wilderness,BLM,0.35,198.0,35.496421,-106.89754,5775.0,,"FAA AC 91-36D: pilots asked to stay >= 2,000 ft AGL over NPS, wilderness and refuges",GNIS,891376,,
HD0272,hoodoo,Maggie Rock,37.3099983,-108.1486876,8639.0,OTHER,,Private,PVT,0.84,218.0,37.298877,-108.15947,7706.0,,,GNIS,179091,,
HD0273,hoodoo,Magog Rock,38.8449894,-104.949421,8725.0,OTHER,,Private,PVT,0.39,89.0,38.845099,-104.941149,8330.0,,,GNIS,193449,,
HD0274,hoodoo,Mexican Hat Rock,37.1741683,-109.8487334,4329.0,LANDABLE,g,BLM land,BLM,0.0,,37.174168,-109.848733,4329.0,,,GNIS,1430249,,
HD0275,hoodoo,Middle Canyon Rock,39.885669,-113.850718,7722.0,NO-LAND,b,Wilderness Study Area,BLM,0.05,325.0,39.886354,-113.851336,7536.0,,,GNIS,1429026,,
HD0276,hoodoo,Milford Needle,38.385525,-112.81606,9278.0,LANDABLE,g,BLM land,BLM,0.0,,38.385525,-112.81606,9278.0,,,GNIS,1430319,,
HD0277,hoodoo,Miracle Rock,38.9760949,-108.8701042,6747.0,LANDABLE,g,BLM land,BLM,0.0,,38.976095,-108.870104,6747.0,,,GNIS,185191,,
HD0278,hoodoo,Mogote,35.5508775,-104.8813846,6436.0,OTHER,,Private,PVT,4.39,130.0,35.504109,-104.812331,6457.0,,,GNIS,892142,,
HD0279,hoodoo,Molar Rock,36.930348,-107.9505425,6184.0,LANDABLE,g,BLM land,BLM,0.0,,36.930348,-107.950542,6184.0,,,GNIS,2790780,,
HD0280,hoodoo,Monk Rock,37.4925043,-107.1236583,10574.0,CALL FIRST,f,USFS - check forest orders,USFS,11.77,166.0,37.301774,-107.064949,7843.0,,,GNIS,184148,,
HD0281,hoodoo,Monument Rock,39.0880475,-104.9044258,7177.0,CALL FIRST,f,USFS - check forest orders,USFS,10.29,220.0,38.956682,-105.046246,8553.0,,,GNIS,193246,,
HD0282,hoodoo,Monument Rocks,39.1977578,-108.4373118,6606.0,NO-LAND,b,Wilderness Study Area,BLM,0.08,196.0,39.196494,-108.437792,6557.0,,,GNIS,174411,,
HD0283,hoodoo,Moses Rock,37.08278,-109.7331724,4705.0,NO-LAND,c,Tribal land - tribal permission required,BIA,6.13,344.0,37.181244,-109.767994,4157.0,,,GNIS,1430512,,
HD0284,hoodoo,Mule Ear,37.1783352,-109.7217871,5072.0,NO-LAND,c,Tribal land - tribal permission required,BIA,0.88,350.0,37.192806,-109.72493,4225.0,,,GNIS,1454604,,
HD0285,hoodoo,Murry Rock,39.2266062,-114.903352,6673.0,LANDABLE,g,BLM land,BLM,0.0,,39.226606,-114.903352,6673.0,,,GNIS,860699,,
HD0286,hoodoo,Mushroom Rock,39.9515742,-119.508238,3958.0,NO-GO,,Fish & Wildlife Service refuge,FWS,5.37,83.0,39.963172,-119.392817,4094.0,,"FAA AC 91-36D: pilots asked to stay >= 2,000 ft AGL over NPS, wilderness and refuges",GNIS,850510,,
HD0287,hoodoo,Mutt and Jeff,37.6199,-112.16451,7699.0,NO-GO,,National Park Service,NPS,1.84,113.0,37.608049,-112.128864,6959.0,,"FAA AC 91-36D: pilots asked to stay >= 2,000 ft AGL over NPS, wilderness and refuges",GNIS,1448719,,
HD0288,hoodoo,Navajo Church,35.557522,-108.6014696,7247.0,NO-LAND,c,Tribal land - tribal permission required,BIA,0.94,90.0,35.557521,-108.582216,7088.0,,,GNIS,892387,,
HD0289,hoodoo,Navajo Stand Rock,36.5327746,-110.9618116,6806.0,NO-LAND,c,Tribal land - tribal permission required,BIA,35.8,310.0,36.917859,-111.529415,3998.0,,,GNIS,8544,,
HD0290,hoodoo,Navajo Twins,37.2897227,-109.5573435,4391.0,OTHER,,Private,PVT,0.25,291.0,37.291251,-109.562277,4332.0,,,GNIS,1430654,,
HD0291,hoodoo,Needle Pinnacle,34.8450477,-107.5867151,6564.0,NO-LAND,c,Tribal land - tribal permission required,BIA,3.35,91.0,34.844518,-107.518914,6135.0,,,GNIS,892405,,
HD0295,hoodoo,Needle Rock,38.7244335,-107.5500571,7452.0,NO-LAND,b,Wilderness Study Area,BLM,0.61,120.0,38.719367,-107.538791,7147.0,,,GNIS,186724,,
HD0293,hoodoo,Needle Rock,37.9266608,-107.813952,10452.0,CALL FIRST,f,USFS - check forest orders,USFS,5.75,286.0,37.95236,-107.930747,8080.0,,,GNIS,187123,,
HD0294,hoodoo,Needle Rock,38.3574948,-106.5533655,8827.0,CALL FIRST,f,USFS - check forest orders,USFS,2.11,7.0,38.392471,-106.548099,8386.0,,,GNIS,189804,,
HD0292,hoodoo,Needle Rock,33.774209,-111.6643056,1570.0,CALL FIRST,f,USFS - check forest orders,USFS,13.34,298.0,33.878728,-111.899905,3969.0,,,GNIS,32268,,
HD0296,hoodoo,Needle Rock,40.206294,-119.3699039,3856.0,LANDABLE,g,BLM land,BLM,0.0,,40.206294,-119.369904,3856.0,,,GNIS,842397,,
HD0297,hoodoo,Newspaper Rock,34.9678036,-109.795671,5455.0,NO-GO,,National Park Service,NPS,2.8,270.0,34.967812,-109.852511,5282.0,,"FAA AC 91-36D: pilots asked to stay >= 2,000 ft AGL over NPS, wilderness and refuges",GNIS,8644,,
HD0298,hoodoo,Nokhu Crags,40.4847051,-105.8936243,12324.0,CALL FIRST,e,State land - state land office permission,ST,7.84,289.0,40.526353,-106.056068,9141.0,,,GNIS,204929,,
HD0299,hoodoo,Noon Rock,40.6363167,-115.5097806,9524.0,CALL FIRST,f,USFS - check forest orders,USFS,4.51,286.0,40.657021,-115.60477,5653.0,,,GNIS,860741,,
HD0300,hoodoo,North Rock,37.4855599,-107.1239358,9392.0,CALL FIRST,f,USFS - check forest orders,USFS,11.37,166.0,37.301774,-107.064949,7843.0,,,GNIS,184147,,
HD0301,hoodoo,Ophir Needles,37.8683278,-107.8561761,11995.0,CALL FIRST,f,USFS - check forest orders,USFS,6.16,325.0,37.95236,-107.930747,8080.0,,,GNIS,187495,,
HD0302,hoodoo,Organ Grinders Monkey,37.6213719,-112.1618611,7699.0,NO-GO,,National Park Service,NPS,1.76,117.0,37.608049,-112.128864,6959.0,,"FAA AC 91-36D: pilots asked to stay >= 2,000 ft AGL over NPS, wilderness and refuges",GNIS,1448787,,
HD0303,hoodoo,Organ Rock,37.1241642,-110.3695762,5042.0,NO-LAND,c,Tribal land - tribal permission required,BIA,10.73,342.0,37.294686,-110.438056,5541.0,,,GNIS,1431025,,
HD0304,hoodoo,Orphan Annie Rock,35.6872448,-107.8747822,6993.0,OTHER,,Private,PVT,4.24,173.0,35.616881,-107.864708,7202.0,,,GNIS,892934,,
HD0305,hoodoo,Owl Rock,38.6972028,-109.5473409,5134.0,NO-GO,,National Park Service,NPS,1.79,86.0,38.699033,-109.509376,4608.0,,"FAA AC 91-36D: pilots asked to stay >= 2,000 ft AGL over NPS, wilderness and refuges",GNIS,1436080,,
HD0306,hoodoo,Pagoda,37.6196,-112.16411,7705.0,NO-GO,,National Park Service,NPS,1.82,112.0,37.608049,-112.128864,6959.0,,"FAA AC 91-36D: pilots asked to stay >= 2,000 ft AGL over NPS, wilderness and refuges",GNIS,1448792,,
HD0307,hoodoo,Pagoda Rock,35.6858574,-107.4125483,6468.0,NO-LAND,c,Tribal land - tribal permission required,BIA,0.15,270.0,35.68585,-107.415549,6461.0,,,GNIS,893019,,
HD0308,hoodoo,Painted Rock,41.6210409,-112.2663429,4291.0,OTHER,,Private,PVT,2.08,201.0,41.588494,-112.282618,4238.0,,,GNIS,1431078,,
HD0309,hoodoo,Palace of the Fairy Queen,37.638872,-112.1329713,7230.0,NO-GO,,National Park Service,NPS,1.11,107.0,37.633554,-112.110558,7261.0,,"FAA AC 91-36D: pilots asked to stay >= 2,000 ft AGL over NPS, wilderness and refuges",GNIS,1448793,,
HD0310,hoodoo,Palisade Rock,32.4122976,-110.713703,8056.0,CALL FIRST,f,USFS - check forest orders,USFS,10.9,187.0,32.231528,-110.738547,2704.0,,,GNIS,32642,,
HD0311,hoodoo,Pans Pinnacle,37.61999,-112.1642,7721.0,NO-GO,,National Park Service,NPS,1.83,113.0,37.608049,-112.128864,6959.0,,"FAA AC 91-36D: pilots asked to stay >= 2,000 ft AGL over NPS, wilderness and refuges",GNIS,1448800,,
HD0312,hoodoo,Papoose,37.1255502,-108.6898169,6106.0,NO-LAND,c,Tribal land - tribal permission required,BIA,9.48,25.0,37.268427,-108.604837,6347.0,,,GNIS,179168,,
HD0313,hoodoo,Parade of Elephants,38.6894251,-109.5412297,5140.0,NO-GO,,National Park Service,NPS,1.6,69.0,38.699033,-109.509376,4608.0,,"FAA AC 91-36D: pilots asked to stay >= 2,000 ft AGL over NPS, wilderness and refuges",GNIS,1431088,,
HD0314,hoodoo,Piedra Camello,35.5078059,-107.5383862,6696.0,OTHER,,Private,PVT,2.74,68.0,35.525177,-107.486651,6631.0,,,GNIS,893252,,
HD0315,hoodoo,Pillar of Hercules,40.4241504,-105.2302634,5664.0,OTHER,,Private,PVT,11.05,183.0,40.240146,-105.244077,5910.0,,,GNIS,177700,,
HD0316,hoodoo,Pillars of Hercules,36.1552733,-110.8393088,5200.0,NO-LAND,c,Tribal land - tribal permission required,BIA,34.14,224.0,35.742488,-111.322515,4198.0,,,GNIS,9428,,
HD0318,hoodoo,Pilot Rock,37.2935979,-111.5373877,5871.0,LANDABLE,g,BLM land,BLM,0.0,,37.293598,-111.537388,5871.0,,,GNIS,1431236,,
HD0317,hoodoo,Pilot Rock,34.4119574,-114.2893976,454.0,LANDABLE,g,BLM land,BLM,0.0,,34.411957,-114.289398,454.0,,,GNIS,9431,,
HD0320,hoodoo,Pinnacle,39.7827419,-110.0979294,5641.0,LANDABLE,g,BLM land,BLM,0.0,,39.782742,-110.097929,5641.0,,,GNIS,1431285,,
HD0321,hoodoo,Pinnacle,41.9626778,-113.3703268,8234.0,OTHER,,Private,PVT,0.79,270.0,41.962651,-113.387962,7552.0,,,GNIS,1431286,,
HD0319,hoodoo,Pinnacle,36.1223982,-114.9493504,1990.0,LANDABLE,g,BLM land,BLM,0.0,,36.122398,-114.94935,1990.0,,,GNIS,2740410,,
HD0322,hoodoo,Pinnacle Rock,36.9524912,-111.2734842,4836.0,NO-LAND,c,Tribal land - tribal permission required,BIA,11.78,339.0,37.135678,-111.362596,4613.0,,,GNIS,9508,,
HD0323,hoodoo,Pioneer Rock,36.3057959,-115.6683517,8990.0,CALL FIRST,f,USFS - check forest orders,USFS,6.47,256.0,36.278772,-115.797548,6180.0,,,GNIS,862479,,
HD0324,hoodoo,Pipe Organ,39.0988704,-108.7262103,5550.0,NO-GO,,National Park Service,NPS,1.34,61.0,39.109888,-108.701185,4720.0,,"FAA AC 91-36D: pilots asked to stay >= 2,000 ft AGL over NPS, wilderness and refuges",GNIS,174540,,
HD0325,hoodoo,Point of Rocks,36.5635666,-116.0739218,3095.0,LANDABLE,g,BLM land,BLM,0.0,,36.563567,-116.073922,3095.0,,,GNIS,842899,,
HD0326,hoodoo,Potato Rock,37.0077782,-109.4076106,5514.0,NO-LAND,c,Tribal land - tribal permission required,BIA,15.53,9.0,37.263879,-109.358608,4389.0,,,GNIS,1431436,,
HD0327,hoodoo,Pretty Rock,36.142776,-108.1097323,6320.0,NO-LAND,c,Tribal land - tribal permission required,BIA,0.32,0.0,36.148196,-108.109689,6139.0,,,GNIS,893474,,
HD0328,hoodoo,Priest and Nuns,38.6527618,-109.3678942,6160.0,LANDABLE,g,BLM land,BLM,0.0,,38.652762,-109.367894,6160.0,,,GNIS,1444644,,
HD0329,hoodoo,Profile Rock,37.4541791,-105.029721,7626.0,OTHER,,Private,PVT,0.22,114.0,37.452668,-105.025412,7734.0,,,GNIS,192905,,
HD0330,hoodoo,Providence Cone,32.1753704,-107.27585,4466.0,NO-LAND,d,BLM National Monument / NCA,ST,1.2,254.0,32.169769,-107.298566,4200.0,,,GNIS,893498,,
HD0331,hoodoo,Pulpit Rock,38.565264,-107.7006138,8065.0,NO-GO,,National Park Service,NPS,0.92,232.0,38.555745,-107.715971,8210.0,,"FAA AC 91-36D: pilots asked to stay >= 2,000 ft AGL over NPS, wilderness and refuges",GNIS,186856,,
HD0332,hoodoo,Pulpit Rock,38.9119373,-104.810254,6529.0,OTHER,,Private,PVT,6.85,223.0,38.828032,-104.909534,7606.0,,,GNIS,193346,,
HD0333,hoodoo,Pulpit Rock,40.8924013,-118.6893294,4272.0,LANDABLE,g,BLM land,BLM,0.0,,40.892401,-118.689329,4272.0,,,GNIS,850259,,
HD0335,hoodoo,Pyramid Rock,35.5550221,-108.6173034,7462.0,CALL FIRST,e,State land - state land office permission,ST,1.55,0.0,35.58082,-108.61722,6666.0,,,GNIS,893573,,
HD0334,hoodoo,Pyramid Rock,35.2444424,-114.5869107,644.0,OTHER,,Undetermined,UND,3.36,90.0,35.244444,-114.518515,1353.0,,,GNIS,846654,,
HD0336,hoodoo,Queen Nefertiti Rock,38.6277589,-109.6028961,4758.0,NO-GO,,National Park Service,NPS,0.89,212.0,38.615214,-109.612892,4066.0,,"FAA AC 91-36D: pilots asked to stay >= 2,000 ft AGL over NPS, wilderness and refuges",GNIS,1436186,,
HD0337,hoodoo,Queen Victoria,37.6241497,-112.1590832,7542.0,NO-GO,,National Park Service,NPS,1.73,124.0,37.608049,-112.128864,6959.0,,"FAA AC 91-36D: pilots asked to stay >= 2,000 ft AGL over NPS, wilderness and refuges",GNIS,1448889,,
HD0338,hoodoo,Queen Victoria Rock,38.6275,-109.599,4620.0,NO-GO,,National Park Service,NPS,0.98,218.0,38.614688,-109.611853,4060.0,,"FAA AC 91-36D: pilots asked to stay >= 2,000 ft AGL over NPS, wilderness and refuges",GNIS,1436188,,
HD0339,hoodoo,Queens Castle,37.6269273,-112.1618612,7742.0,NO-GO,,National Park Service,NPS,1.94,126.0,37.608049,-112.128864,6959.0,,"FAA AC 91-36D: pilots asked to stay >= 2,000 ft AGL over NPS, wilderness and refuges",GNIS,1448887,,
HD0340,hoodoo,Queens Chair,39.8166544,-105.5186086,8784.0,OTHER,,Private,PVT,0.02,0.0,39.81695,-105.518608,8776.0,,,GNIS,181495,,
HD0341,hoodoo,Ralston Roost,39.8383207,-105.4241613,9256.0,OTHER,,Local government,LG,3.14,222.0,39.799583,-105.469979,8840.0,,,GNIS,181580,,
HD0342,hoodoo,Red Needle,35.7191735,-110.4329096,5621.0,NO-LAND,c,Tribal land - tribal permission required,BIA,33.02,175.0,35.170035,-110.375855,5433.0,,,GNIS,10097,,
HD0343,hoodoo,Red Needle,36.1266418,-114.9466606,1824.0,LANDABLE,g,BLM land,BLM,0.0,,36.126642,-114.946661,1824.0,,,GNIS,843157,,
HD0346,hoodoo,Red Rock,38.1774889,-109.3240018,6047.0,LANDABLE,g,BLM land,BLM,0.0,,38.177489,-109.324002,6047.0,,,GNIS,1431691,,
HD0344,hoodoo,Red Rock,33.0656002,-112.7209996,939.0,LANDABLE,g,BLM land,BLM,0.0,,33.0656,-112.721,939.0,,,GNIS,10118,,
HD0345,hoodoo,Red Rock,34.3641805,-114.208839,450.0,LANDABLE,g,BLM land,BLM,0.0,,34.36418,-114.208839,450.0,,,GNIS,10119,,
HD0347,hoodoo,Redrock,32.1681322,-110.3859089,4397.0,CALL FIRST,e,State land - state land office permission,ST,6.02,357.0,32.268547,-110.391734,3495.0,,,GNIS,33538,,
HD0348,hoodoo,Rincon Negro,35.8339121,-106.6589243,7562.0,CALL FIRST,f,USFS - check forest orders,USFS,11.56,268.0,35.826342,-106.895755,7537.0,,,GNIS,910203,,
HD0349,hoodoo,Rock Point,39.2394338,-105.6280619,8924.0,OTHER,,Private,PVT,3.1,225.0,39.202622,-105.674896,9155.0,,,GNIS,202950,,
HD0350,hoodoo,Rock Settee,38.7397029,-109.4981742,4421.0,NO-GO,,National Park Service,NPS,0.34,99.0,38.738828,-109.49097,4628.0,,"FAA AC 91-36D: pilots asked to stay >= 2,000 ft AGL over NPS, wilderness and refuges",GNIS,1436254,,
HD0351,hoodoo,Rocky Point,33.0283797,-113.1210138,594.0,LANDABLE,g,BLM land,BLM,0.0,,33.02838,-113.121014,594.0,,,GNIS,10459,,
HD0352,hoodoo,Rooster Rock,37.4961143,-107.1842153,9304.0,CALL FIRST,f,USFS - check forest orders,USFS,12.97,154.0,37.301774,-107.064949,7843.0,,,GNIS,184121,,
HD0353,hoodoo,Rough Rock,36.4447235,-109.2726022,6200.0,NO-LAND,c,Tribal land - tribal permission required,BIA,40.05,62.0,36.752666,-108.536892,5342.0,,,GNIS,10519,,
HD0354,hoodoo,Round Rock,36.1191602,-111.1106968,5008.0,NO-LAND,c,Tribal land - tribal permission required,BIA,24.82,205.0,35.742488,-111.322515,4198.0,,,GNIS,10537,,
HD0355,hoodoo,Round Rock,38.5518778,-117.0684155,7367.0,CALL FIRST,f,USFS - check forest orders,USFS,0.52,205.0,38.544062,-117.072969,7086.0,,,GNIS,861191,,
HD0356,hoodoo,Ruin Rock,37.6024939,-110.0295771,5909.0,NO-GO,,National Park Service,NPS,0.28,317.0,37.605909,-110.033542,6092.0,,"FAA AC 91-36D: pilots asked to stay >= 2,000 ft AGL over NPS, wilderness and refuges",GNIS,1432050,,
HD0357,hoodoo,Sa'lako,35.58473,-110.6076352,5306.0,NO-LAND,c,Tribal land - tribal permission required,BIA,25.1,188.0,35.170098,-110.680618,4797.0,,,GNIS,45586,,
HD0358,hoodoo,Saddle Horn Rock,35.9299922,-111.6318153,5482.0,NO-LAND,c,Tribal land - tribal permission required,BIA,17.38,138.0,35.713548,-111.394798,4766.0,,Within 15 nm of Grand Canyon NP: check the Grand Canyon SFRA on the Grand Canyon VFR chart,GNIS,10642,,
HD0359,hoodoo,Saddle Rock,39.9922081,-105.2999911,6977.0,OTHER,,Local government,LG,2.66,325.0,40.028655,-105.33274,6098.0,,,GNIS,181207,,
HD0360,hoodoo,Sadies Nipple,37.9166535,-111.4121151,6755.0,CALL FIRST,f,USFS - check forest orders,USFS,0.94,180.0,37.901049,-111.412121,6540.0,,,GNIS,1445231,,
HD0361,hoodoo,Santa Claus Rock,40.6277261,-111.740486,5866.0,OTHER,,Private,PVT,3.48,217.0,40.581343,-111.786314,6018.0,,,GNIS,1445327,,
HD0362,hoodoo,Sausage Rock,38.6285922,-109.6020628,4455.0,NO-GO,,National Park Service,NPS,0.95,212.0,38.615214,-109.612892,4066.0,,"FAA AC 91-36D: pilots asked to stay >= 2,000 ft AGL over NPS, wilderness and refuges",GNIS,1436322,,
HD0363,hoodoo,Sawtooth Rock,37.3877911,-105.055279,9136.0,OTHER,,Private,PVT,3.54,24.0,37.441875,-105.025467,7751.0,,,GNIS,192870,,
HD0364,hoodoo,Sawtooth Rocks,38.331378,-107.6353366,10604.0,LANDABLE,g,BLM land,BLM,0.0,,38.331378,-107.635337,10604.0,,,GNIS,188263,,
HD0365,hoodoo,Sentinel Rock,36.9555435,-111.4851588,3582.0,NO-GO,,National Park Service,NPS,2.19,256.0,36.946868,-111.529424,4054.0,,"FAA AC 91-36D: pilots asked to stay >= 2,000 ft AGL over NPS, wilderness and refuges | Within 15 nm of Grand Canyon NP: check the Grand Canyon SFRA on the Grand Canyon VFR chart",GNIS,11081,,
HD0366,hoodoo,Sentinel Spire,39.103037,-108.7262103,5397.0,NO-GO,,National Park Service,NPS,1.24,71.0,39.109888,-108.701185,4720.0,,"FAA AC 91-36D: pilots asked to stay >= 2,000 ft AGL over NPS, wilderness and refuges",GNIS,174541,,
HD0367,hoodoo,Setting Red Rocks,36.6091641,-110.9234766,6487.0,NO-LAND,c,Tribal land - tribal permission required,BIA,34.58,303.0,36.917859,-111.529415,3998.0,,,GNIS,11096,,
HD0368,hoodoo,Seven Sailors,37.2433347,-109.8242908,4795.0,LANDABLE,g,BLM land,BLM,0.0,,37.243335,-109.824291,4795.0,,,GNIS,1432336,,
HD0369,hoodoo,Sheep Canyon Rock,37.842817,-110.214522,5661.0,LANDABLE,g,BLM land,BLM,0.0,,37.842817,-110.214522,5661.0,,,GNIS,1450214,,
HD0370,hoodoo,Sheep Rock,38.6394252,-109.6062297,4263.0,NO-GO,,National Park Service,NPS,1.4,255.0,38.633482,-109.635086,4791.0,,"FAA AC 91-36D: pilots asked to stay >= 2,000 ft AGL over NPS, wilderness and refuges",GNIS,1432385,,
HD0371,hoodoo,Sheepshead,37.387229,-106.6233713,12006.0,CALL FIRST,f,USFS - check forest orders,USFS,14.06,92.0,37.377105,-106.329672,9156.0,,,GNIS,190592,,
HD0373,hoodoo,Ship Rock,39.6647222,-105.2061111,6522.0,OTHER,,Private,PVT,6.7,312.0,39.73999,-105.313114,6518.0,,,GNIS,182144,,
HD0372,hoodoo,Ship Rock,38.8649909,-104.9030322,6362.0,OTHER,,Private,PVT,1.77,230.0,38.846116,-104.932167,8092.0,,,GNIS,193455,,
HD0374,hoodoo,Ship Rock,40.0849645,-109.4712419,4724.0,NO-LAND,c,Tribal land - tribal permission required,BIA,1.01,360.0,40.101755,-109.471339,4803.0,,,GNIS,1432410,,
HD0375,hoodoo,Signal Rock,38.706662,-104.2399606,5995.0,OTHER,,Private,PVT,5.12,23.0,38.785274,-104.197517,5978.0,,,GNIS,193632,,
HD0376,hoodoo,Silent City,37.6199829,-112.1685281,7746.0,NO-GO,,National Park Service,NPS,2.02,111.0,37.608049,-112.128864,6959.0,,"FAA AC 91-36D: pilots asked to stay >= 2,000 ft AGL over NPS, wilderness and refuges",GNIS,1445586,,
HD0377,hoodoo,Sitting Lizard Rock,36.6333283,-111.1790341,5628.0,NO-LAND,c,Tribal land - tribal permission required,BIA,24.0,315.0,36.917859,-111.529415,3998.0,,,GNIS,21018,,
HD0378,hoodoo,Sitting Rock,36.146114,-109.8303915,7313.0,NO-LAND,c,Tribal land - tribal permission required,BIA,48.8,128.0,35.639601,-109.046365,6973.0,,,GNIS,11376,,
HD0379,hoodoo,Skull Rock,39.0313429,-113.3263566,5165.0,CALL FIRST,e,State land - state land office permission,ST,0.02,90.0,39.031344,-113.325989,5164.0,,,GNIS,1432516,,
HD0380,hoodoo,Slickrock,37.2802595,-112.951885,5766.0,NO-GO,,National Park Service,NPS,2.6,69.0,37.296002,-112.901293,6493.0,,"FAA AC 91-36D: pilots asked to stay >= 2,000 ft AGL over NPS, wilderness and refuges",GNIS,1432543,,
HD0381,hoodoo,Snell Rock,40.2421979,-107.5575631,7437.0,OTHER,,Private,PVT,2.39,230.0,40.216504,-107.597274,8032.0,,,GNIS,173327,,
HD0382,hoodoo,Soup Rock,38.1883208,-109.4851165,6155.0,LANDABLE,g,BLM land,BLM,0.0,,38.188321,-109.485116,6155.0,,,GNIS,1432640,,
HD0383,hoodoo,Sphinx Rock,37.6208269,-109.9945772,5986.0,NO-GO,,National Park Service,NPS,0.41,360.0,37.627633,-109.99458,6455.0,,"FAA AC 91-36D: pilots asked to stay >= 2,000 ft AGL over NPS, wilderness and refuges",GNIS,1445960,,
HD0384,hoodoo,Spider Rock,36.1083387,-109.3506587,5859.0,NO-GO,,National Park Service,NPS,31.76,152.0,35.639601,-109.046365,6973.0,,"FAA AC 91-36D: pilots asked to stay >= 2,000 ft AGL over NPS, wilderness and refuges",GNIS,11679,,
HD0385,hoodoo,Spire Point,38.5091476,-110.4323624,5461.0,LANDABLE,g,BLM land,BLM,0.0,,38.509148,-110.432362,5461.0,,,GNIS,1432797,,
HD0388,hoodoo,Standing Rock,38.176652,-109.9917948,5506.0,NO-GO,,National Park Service,NPS,7.05,169.0,38.061282,-109.962223,5685.0,,"FAA AC 91-36D: pilots asked to stay >= 2,000 ft AGL over NPS, wilderness and refuges",GNIS,1432908,,
HD0387,hoodoo,Standing Rock,36.9713836,-108.7523163,5657.0,NO-LAND,c,Tribal land - tribal permission required,BIA,14.01,121.0,36.850277,-108.503223,5597.0,,,GNIS,900009,,
HD0386,hoodoo,Standing Rock,36.2399917,-111.223475,5299.0,NO-LAND,c,Tribal land - tribal permission required,BIA,30.19,189.0,35.742488,-111.322515,4198.0,,,GNIS,11774,,
HD0390,hoodoo,Standing Rocks,35.5591687,-111.2332007,4406.0,NO-LAND,c,Tribal land - tribal permission required,BIA,1.66,259.0,35.554038,-111.266466,4308.0,,,GNIS,11778,,
HD0389,hoodoo,Standing Rocks,35.2102946,-110.2545709,5366.0,NO-LAND,c,Tribal land - tribal permission required,BIA,2.4,186.0,35.170479,-110.259914,5232.0,,,GNIS,11779,,
HD0391,hoodoo,Standing Snake Pinnacle,38.9168925,-114.1727697,7360.0,NO-GO,,National Park Service,NPS,0.24,185.0,38.912831,-114.17325,6777.0,,"FAA AC 91-36D: pilots asked to stay >= 2,000 ft AGL over NPS, wilderness and refuges",GNIS,849192,,
HD0393,hoodoo,Steamboat Rock,37.0102626,-111.9524,5478.0,NO-LAND,a,Wilderness,BLM,1.41,360.0,37.033836,-111.952576,5403.0,,"FAA AC 91-36D: pilots asked to stay >= 2,000 ft AGL over NPS, wilderness and refuges",GNIS,1432939,,
HD0392,hoodoo,Steamboat Rock,34.4033465,-114.2599521,595.0,OTHER,,Bureau of Reclamation,USBR,0.38,128.0,34.399498,-114.253921,515.0,,,GNIS,11808,,
HD0394,hoodoo,Stokes Castle,39.4938144,-117.0787011,6572.0,OTHER,,Private,PVT,0.0,32.0,39.493869,-117.078657,6572.0,,,GNIS,861595,,
HD0395,hoodoo,Stone Mountain,33.4664353,-111.6379139,1895.0,OTHER,,Private,PVT,1.37,229.0,33.451409,-111.658506,1627.0,,,GNIS,34871,,
HD0396,hoodoo,Strawberry Pinnacles,40.1271783,-110.7407131,6209.0,OTHER,,Private,PVT,13.55,162.0,39.912539,-110.648551,9323.0,,,GNIS,1433008,,
HD0397,hoodoo,Sugar Rock,34.9897668,-107.4731027,5994.0,NO-LAND,c,Tribal land - tribal permission required,BIA,7.13,177.0,34.870877,-107.466172,5896.0,,,GNIS,895414,,
HD0398,hoodoo,Sugarloaf Rock,38.0272187,-107.3495008,10798.0,LANDABLE,g,BLM land,BLM,0.0,,38.027219,-107.349501,10798.0,,,GNIS,188699,,
HD0399,hoodoo,Suicide Rock,39.2896342,-119.6687905,6822.0,LANDABLE,g,BLM land,BLM,0.0,,39.289634,-119.66879,6822.0,,,GNIS,844064,,
HD0400,hoodoo,Sunbonnet Rock,37.2872227,-109.5470655,4371.0,OTHER,,Private,PVT,0.36,90.0,37.287227,-109.539622,4584.0,,,GNIS,1450220,,
HD0401,hoodoo,Sunset Rock,36.8297097,-111.635717,3723.0,NO-GO,,National Park Service,NPS,0.91,230.0,36.819969,-111.650126,3713.0,,"FAA AC 91-36D: pilots asked to stay >= 2,000 ft AGL over NPS, wilderness and refuges | Within 15 nm of Grand Canyon NP: check the Grand Canyon SFRA on the Grand Canyon VFR chart",GNIS,11993,,
HD0402,hoodoo,Swallow Rocks,40.8613352,-111.6938199,8373.0,OTHER,,Private,PVT,3.01,309.0,40.892812,-111.745452,6867.0,,,GNIS,1446270,,
HD0403,hoodoo,Table Rock,36.7094326,-112.4699104,5539.0,NO-LAND,a,Wilderness,USFS,3.18,2.0,36.76247,-112.46805,5575.0,,"FAA AC 91-36D: pilots asked to stay >= 2,000 ft AGL over NPS, wilderness and refuges | Within 15 nm of Grand Canyon NP: check the Grand Canyon SFRA on the Grand Canyon VFR chart",GNIS,12113,,
HD0404,hoodoo,Tall Mesa,36.7080569,-109.8053912,5358.0,NO-LAND,c,Tribal land - tribal permission required,BIA,26.34,355.0,37.14573,-109.856016,4078.0,,,GNIS,12130,,
HD0405,hoodoo,Tea Pot,35.38169,-109.0764802,6705.0,NO-LAND,c,Tribal land - tribal permission required,BIA,7.27,36.0,35.47998,-108.989679,6733.0,,,GNIS,12206,,
HD0406,hoodoo,Teddys Teeth,40.3347063,-105.5466665,9514.0,CALL FIRST,f,USFS - check forest orders,USFS,0.0,90.0,40.334706,-105.546635,9514.0,,,GNIS,177901,,
HD0407,hoodoo,Temple of Osiris,37.6219273,-112.1629723,7712.0,NO-GO,,National Park Service,NPS,1.83,117.0,37.608049,-112.128864,6959.0,,"FAA AC 91-36D: pilots asked to stay >= 2,000 ft AGL over NPS, wilderness and refuges",GNIS,1449097,,
HD0408,hoodoo,Temples of the Gods,37.61942,-112.16465,7632.0,NO-GO,,National Park Service,NPS,1.84,112.0,37.608049,-112.128864,6959.0,,"FAA AC 91-36D: pilots asked to stay >= 2,000 ft AGL over NPS, wilderness and refuges",GNIS,1449098,,
HD0409,hoodoo,Tenney Crags,38.805545,-104.9260859,9961.0,CALL FIRST,f,USFS - check forest orders,USFS,1.26,26.0,38.824391,-104.914144,8177.0,,,GNIS,193427,,
HD0410,hoodoo,Tevs Rocks,32.1542484,-109.4422846,4644.0,NO-GO,,National Park Service,NPS,0.08,90.0,32.154247,-109.440736,4709.0,,"FAA AC 91-36D: pilots asked to stay >= 2,000 ft AGL over NPS, wilderness and refuges",GNIS,12269,,
HD0411,hoodoo,The Alligator,37.6097054,-112.147416,7915.0,NO-GO,,National Park Service,NPS,0.89,96.0,37.608049,-112.128864,6959.0,,"FAA AC 91-36D: pilots asked to stay >= 2,000 ft AGL over NPS, wilderness and refuges",GNIS,1446409,,
HD0412,hoodoo,The Button,38.0899861,-110.0340197,5060.0,NO-GO,,National Park Service,NPS,2.45,153.0,38.053654,-110.010351,5611.0,,"FAA AC 91-36D: pilots asked to stay >= 2,000 ft AGL over NPS, wilderness and refuges",GNIS,1435226,,
HD0413,hoodoo,The Campanile,36.093595,-114.3488595,1309.0,NO-GO,,National Park Service,NPS,9.32,180.0,35.938046,-114.348646,2406.0,,"FAA AC 91-36D: pilots asked to stay >= 2,000 ft AGL over NPS, wilderness and refuges",GNIS,12299,,
HD0414,hoodoo,The Castle,39.3105454,-105.3824978,9395.0,NO-LAND,a,Wilderness,USFS,8.06,321.0,39.415431,-105.490789,8204.0,,"FAA AC 91-36D: pilots asked to stay >= 2,000 ft AGL over NPS, wilderness and refuges",GNIS,183510,,
HD0415,hoodoo,The Castles,38.7369392,-107.1686626,11875.0,NO-LAND,a,Wilderness,USFS,5.46,63.0,38.777623,-107.064497,8824.0,,"FAA AC 91-36D: pilots asked to stay >= 2,000 ft AGL over NPS, wilderness and refuges",GNIS,186792,,
HD0416,hoodoo,The Castles,38.8397176,-105.9852908,8993.0,OTHER,,Private,PVT,3.22,268.0,38.837754,-106.053962,8726.0,,,GNIS,191351,,
HD0417,hoodoo,The Chimney,32.8936762,-110.4156487,3318.0,OTHER,,Private,PVT,0.01,179.0,32.893453,-110.415643,3348.0,,,GNIS,12300,,
HD0418,hoodoo,The Chimneys,37.5164024,-103.0949295,4803.0,OTHER,,Private,PVT,0.45,8.0,37.523836,-103.093536,4902.0,,,GNIS,196035,,
HD0420,hoodoo,The Crags,40.3049842,-105.5272215,9682.0,CALL FIRST,f,USFS - check forest orders,USFS,1.25,55.0,40.316994,-105.50488,8820.0,,,GNIS,177960,,
HD0419,hoodoo,The Crags,38.8866566,-105.0997051,10666.0,CALL FIRST,f,USFS - check forest orders,USFS,2.86,216.0,38.847958,-105.135542,9895.0,,,GNIS,191190,,
HD0421,hoodoo,The Doghouse,34.039476,-112.4521151,2531.0,OTHER,,Private,PVT,0.38,62.0,34.042414,-112.445349,2626.0,,,GNIS,12312,,
HD0422,hoodoo,The Eagle Nest,39.6085949,-107.0911602,6602.0,LANDABLE,g,BLM land,BLM,0.0,,39.608595,-107.09116,6602.0,,,GNIS,174123,,
HD0423,hoodoo,The Finger,40.3380395,-105.4927753,8599.0,CALL FIRST,f,USFS - check forest orders,USFS,1.11,199.0,40.320495,-105.500593,8414.0,,,GNIS,177969,,
HD0424,hoodoo,The Fins,38.1469299,-110.009018,5378.0,NO-GO,,National Park Service,NPS,5.59,157.0,38.061282,-109.962223,5685.0,,"FAA AC 91-36D: pilots asked to stay >= 2,000 ft AGL over NPS, wilderness and refuges",GNIS,1433307,,
HD0425,hoodoo,The Gossips,37.6197052,-112.1618611,7570.0,NO-GO,,National Park Service,NPS,1.72,114.0,37.608049,-112.128864,6959.0,,"FAA AC 91-36D: pilots asked to stay >= 2,000 ft AGL over NPS, wilderness and refuges",GNIS,1448436,,
HD0426,hoodoo,The Haystacks,34.9400266,-109.8062263,5377.0,NO-GO,,National Park Service,NPS,2.83,306.0,34.967812,-109.852511,5282.0,,"FAA AC 91-36D: pilots asked to stay >= 2,000 ft AGL over NPS, wilderness and refuges",GNIS,12327,,
HD0427,hoodoo,The Knife Edge,37.3036063,-108.4409208,8161.0,NO-GO,,National Park Service,NPS,0.18,271.0,37.303636,-108.444707,7313.0,,"FAA AC 91-36D: pilots asked to stay >= 2,000 ft AGL over NPS, wilderness and refuges",GNIS,179060,,
HD0428,hoodoo,The Lovers,38.6555363,-109.5903964,4271.0,NO-GO,,National Park Service,NPS,2.41,254.0,38.64442,-109.639664,4646.0,,"FAA AC 91-36D: pilots asked to stay >= 2,000 ft AGL over NPS, wilderness and refuges",GNIS,1435901,,
HD0429,hoodoo,The Mother and Child,38.1397078,-110.0720755,5411.0,NO-GO,,National Park Service,NPS,5.93,150.0,38.053654,-110.010351,5611.0,,"FAA AC 91-36D: pilots asked to stay >= 2,000 ft AGL over NPS, wilderness and refuges",GNIS,1434939,,
HD0430,hoodoo,The Motorman,38.3138687,-111.3132276,6165.0,NO-GO,,National Park Service,NPS,0.41,231.0,38.309477,-111.320012,6276.0,,"FAA AC 91-36D: pilots asked to stay >= 2,000 ft AGL over NPS, wilderness and refuges",GNIS,1446470,,
HD0433,hoodoo,The Needle,36.3888895,-109.9148386,6850.0,NO-LAND,c,Tribal land - tribal permission required,BIA,45.44,4.0,37.14573,-109.856016,4078.0,,,GNIS,12355,,
HD0431,hoodoo,The Needle,33.6789212,-113.5546486,2635.0,LANDABLE,g,BLM land,BLM,0.0,,33.678921,-113.554649,2635.0,,,GNIS,12356,,
HD0432,hoodoo,The Needle,34.1161399,-112.6257307,3637.0,NO-LAND,a,Wilderness,BLM,0.58,307.0,34.121917,-112.635002,3275.0,,"FAA AC 91-36D: pilots asked to stay >= 2,000 ft AGL over NPS, wilderness and refuges",GNIS,12357,,
HD0434,hoodoo,The Needle Rocks,40.1468499,-119.6826929,3860.0,OTHER,,Undetermined,UND,2.92,255.0,40.13437,-119.743963,4088.0,,,GNIS,847213,,
HD0438,hoodoo,The Needles,40.4155392,-105.5513883,10011.0,NO-LAND,a,Wilderness,NPS,3.88,180.0,40.350776,-105.551576,8634.0,,"FAA AC 91-36D: pilots asked to stay >= 2,000 ft AGL over NPS, wilderness and refuges",GNIS,177551,,
HD0436,hoodoo,The Needles,37.265285,-106.8025357,11151.0,CALL FIRST,f,USFS - check forest orders,USFS,8.55,289.0,37.312368,-106.971089,7276.0,,,GNIS,190937,,
HD0437,hoodoo,The Needles,38.4955124,-113.8758117,7494.0,LANDABLE,g,BLM land,BLM,0.0,,38.495512,-113.875812,7494.0,,,GNIS,1433383,,
HD0439,hoodoo,The Needles,41.1932766,-111.8738284,8710.0,CALL FIRST,f,USFS - check forest orders,USFS,9.29,66.0,41.256884,-111.686796,6352.0,,,GNIS,1446483,,
HD0435,hoodoo,The Needles,34.6761193,-114.4377373,1059.0,NO-LAND,a,Wilderness,FWS,0.91,0.0,34.691356,-114.437695,794.0,,"FAA AC 91-36D: pilots asked to stay >= 2,000 ft AGL over NPS, wilderness and refuges",GNIS,12358,,
HD0440,hoodoo,The Notch,38.4430372,-110.6879264,4656.0,LANDABLE,g,BLM land,BLM,0.0,,38.443037,-110.687926,4656.0,,,GNIS,1433389,,
HD0441,hoodoo,The Organ,38.6363699,-109.5978962,4312.0,NO-GO,,National Park Service,NPS,1.45,209.0,38.615214,-109.612892,4066.0,,"FAA AC 91-36D: pilots asked to stay >= 2,000 ft AGL over NPS, wilderness and refuges",GNIS,1433390,,
HD0442,hoodoo,The Phallus,38.6833136,-109.5845634,4719.0,NO-GO,,National Park Service,NPS,2.39,277.0,38.688063,-109.634982,4455.0,,"FAA AC 91-36D: pilots asked to stay >= 2,000 ft AGL over NPS, wilderness and refuges",GNIS,1436120,,
HD0443,hoodoo,The Pillar,36.4513943,-108.3745224,6011.0,NO-LAND,c,Tribal land - tribal permission required,BIA,11.09,153.0,36.286124,-108.271659,5886.0,,,GNIS,898182,,
HD0444,hoodoo,The Pillars,37.4472005,-113.0063346,8417.0,OTHER,,Private,PVT,2.08,166.0,37.413486,-112.996026,6678.0,,,GNIS,1436128,,
HD0445,hoodoo,The Pinnacle,38.1499857,-110.3429168,5190.0,CALL FIRST,e,State land - state land office permission,ST,0.15,312.0,38.151625,-110.34521,4718.0,,,GNIS,1433398,,
HD0446,hoodoo,The Pinnacles,37.2450058,-106.4736455,9289.0,CALL FIRST,f,USFS - check forest orders,USFS,8.68,81.0,37.268734,-106.294888,8939.0,,,GNIS,190820,,
HD0448,hoodoo,The Pinnacles,38.4477798,-103.6082763,4687.0,OTHER,,Private,PVT,1.03,166.0,38.431152,-103.603176,4613.0,,,GNIS,195303,,
HD0447,hoodoo,The Pinnacles,38.2599845,-110.3137483,6078.0,LANDABLE,g,BLM land,BLM,0.0,,38.259984,-110.313748,6078.0,,,GNIS,1433399,,
HD0449,hoodoo,The Plug,38.1752976,-109.9961817,5603.0,NO-GO,,National Park Service,NPS,7.02,167.0,38.061282,-109.962223,5685.0,,"FAA AC 91-36D: pilots asked to stay >= 2,000 ft AGL over NPS, wilderness and refuges",GNIS,1434951,,
HD0450,hoodoo,The Poodle,38.6849803,-109.5837301,4717.0,NO-GO,,National Park Service,NPS,2.41,274.0,38.688063,-109.634982,4455.0,,"FAA AC 91-36D: pilots asked to stay >= 2,000 ft AGL over NPS, wilderness and refuges",GNIS,1436158,,
HD0451,hoodoo,The Pope,37.6188719,-112.1601943,7429.0,NO-GO,,National Park Service,NPS,1.63,113.0,37.608049,-112.128864,6959.0,,"FAA AC 91-36D: pilots asked to stay >= 2,000 ft AGL over NPS, wilderness and refuges",GNIS,1448866,,
HD0452,hoodoo,The Pulpit,37.2838705,-112.9474405,4406.0,NO-GO,,National Park Service,NPS,2.33,72.0,37.296002,-112.901293,6493.0,,"FAA AC 91-36D: pilots asked to stay >= 2,000 ft AGL over NPS, wilderness and refuges",GNIS,1433407,,
HD0453,hoodoo,The Pyramid,36.6458578,-103.2213267,5194.0,OTHER,,Private,PVT,8.88,23.0,36.782279,-103.149181,5003.0,,,GNIS,911646,,
HD0454,hoodoo,The Rockhouse,34.0525315,-112.4440591,2691.0,LANDABLE,g,BLM land,BLM,0.0,,34.052532,-112.444059,2691.0,,,GNIS,12372,,
HD0455,hoodoo,The Rocks,38.8463558,-111.7893639,7113.0,CALL FIRST,f,USFS - check forest orders,USFS,2.88,279.0,38.853709,-111.850004,6117.0,,,GNIS,1446499,,
HD0456,hoodoo,The Sawtooth,39.5891542,-105.6658372,13429.0,NO-LAND,a,Wilderness,USFS,8.14,132.0,39.498281,-105.535413,8950.0,,"FAA AC 91-36D: pilots asked to stay >= 2,000 ft AGL over NPS, wilderness and refuges",GNIS,182481,,
HD0457,hoodoo,The Sentinel,37.6208162,-112.1649168,7764.0,NO-GO,,National Park Service,NPS,1.88,114.0,37.608049,-112.128864,6959.0,,"FAA AC 91-36D: pilots asked to stay >= 2,000 ft AGL over NPS, wilderness and refuges",GNIS,1448988,,
HD0458,hoodoo,The Sewing Machine,37.9702652,-110.2754158,6590.0,NO-LAND,b,Wilderness Study Area,BLM,0.41,90.0,37.970265,-110.266684,5638.0,,,GNIS,1433424,,
HD0459,hoodoo,The Sphinx,38.3683168,-109.9751252,3937.0,NO-GO,,National Park Service,NPS,6.76,10.0,38.479236,-109.949095,4893.0,,"FAA AC 91-36D: pilots asked to stay >= 2,000 ft AGL over NPS, wilderness and refuges",GNIS,1436401,,
HD0460,hoodoo,The Tepees,34.9472487,-109.7753926,5428.0,NO-GO,,National Park Service,NPS,4.0,288.0,34.967812,-109.852511,5282.0,,"FAA AC 91-36D: pilots asked to stay >= 2,000 ft AGL over NPS, wilderness and refuges",GNIS,12379,,
HD0461,hoodoo,The Thumb,36.5916675,-109.0439859,6076.0,NO-LAND,c,Tribal land - tribal permission required,BIA,26.31,68.0,36.752666,-108.536892,5342.0,,,GNIS,898188,,
HD0462,hoodoo,The Titan,38.7170591,-109.299543,5748.0,LANDABLE,g,BLM land,BLM,0.0,,38.717059,-109.299543,5748.0,,,GNIS,2711988,,
HD0463,hoodoo,The Totem Pole,38.2999858,-109.8173437,4396.0,NO-GO,,National Park Service,NPS,1.78,102.0,38.293747,-109.780559,3920.0,,"FAA AC 91-36D: pilots asked to stay >= 2,000 ft AGL over NPS, wilderness and refuges",GNIS,1436515,,
HD0464,hoodoo,The Twin Owls,40.4033169,-105.5177759,8644.0,NO-LAND,a,Wilderness,NPS,3.45,204.0,40.35077,-105.548183,8396.0,,"FAA AC 91-36D: pilots asked to stay >= 2,000 ft AGL over NPS, wilderness and refuges",GNIS,177574,,
HD0465,hoodoo,The Wall,38.1680409,-110.0192958,5460.0,NO-GO,,National Park Service,NPS,6.87,176.0,38.053654,-110.010351,5611.0,,"FAA AC 91-36D: pilots asked to stay >= 2,000 ft AGL over NPS, wilderness and refuges",GNIS,1436582,,
HD0466,hoodoo,Thimble Rock,39.1991543,-106.7192021,10088.0,NO-LAND,a,Wilderness,USFS,8.55,310.0,39.291277,-106.859249,7916.0,,"FAA AC 91-36D: pilots asked to stay >= 2,000 ft AGL over NPS, wilderness and refuges",GNIS,180085,,
HD0467,hoodoo,Thirteen Faces,38.0688771,-109.7345674,5455.0,NO-GO,,National Park Service,NPS,2.48,90.0,38.068911,-109.682231,5296.0,,"FAA AC 91-36D: pilots asked to stay >= 2,000 ft AGL over NPS, wilderness and refuges",GNIS,1450527,,
HD0468,hoodoo,Thors Hammer,37.6213718,-112.1638057,7719.0,NO-GO,,National Park Service,NPS,1.85,116.0,37.608049,-112.128864,6959.0,,"FAA AC 91-36D: pilots asked to stay >= 2,000 ft AGL over NPS, wilderness and refuges",GNIS,1449100,,
HD0469,hoodoo,Three Black Rocks,36.5133336,-109.9684512,6062.0,NO-LAND,c,Tribal land - tribal permission required,BIA,38.28,8.0,37.14573,-109.856016,4078.0,,,GNIS,12419,,
HD0470,hoodoo,Three Gossips,38.6358142,-109.603174,4327.0,NO-GO,,National Park Service,NPS,1.31,203.0,38.615596,-109.613933,4071.0,,"FAA AC 91-36D: pilots asked to stay >= 2,000 ft AGL over NPS, wilderness and refuges",GNIS,1433486,,
HD0471,hoodoo,Three Marys,37.2083156,-113.0118854,6293.0,NO-LAND,a,Wilderness,NPS,2.47,206.0,37.171269,-113.034331,4051.0,,"FAA AC 91-36D: pilots asked to stay >= 2,000 ft AGL over NPS, wilderness and refuges",GNIS,1433492,,
HD0472,hoodoo,Three Wiseman,37.6074832,-112.1526939,7695.0,NO-GO,,National Park Service,NPS,1.14,90.0,37.607473,-112.128864,6990.0,,"FAA AC 91-36D: pilots asked to stay >= 2,000 ft AGL over NPS, wilderness and refuges",GNIS,1449102,,
HD0473,hoodoo,Thumb Rock,37.0241633,-110.6231911,6405.0,NO-LAND,c,Tribal land - tribal permission required,BIA,13.67,4.0,37.251704,-110.604124,5310.0,,,GNIS,1433502,,
HD0474,hoodoo,Titan Tower,38.7183187,-109.2834492,5611.0,LANDABLE,g,BLM land,BLM,0.0,,38.718319,-109.283449,5611.0,,,GNIS,1449107,,
HD0475,hoodoo,Tooth Rock,36.3758209,-111.6495994,6394.0,NO-LAND,c,Tribal land - tribal permission required,BIA,24.1,355.0,36.776783,-111.689699,3771.0,,Within 15 nm of Grand Canyon NP: check the Grand Canyon SFRA on the Grand Canyon VFR chart,GNIS,12617,,
HD0476,hoodoo,Tooth of Time,36.4483692,-105.0077815,8904.0,OTHER,,Private,PVT,12.11,199.0,36.257166,-105.088678,8695.0,,,GNIS,895755,,
HD0477,hoodoo,Toponas Rock,40.0869304,-106.753097,8606.0,OTHER,,Private,PVT,2.54,269.0,40.086395,-106.808187,8759.0,,,GNIS,173097,,
HD0479,hoodoo,Totem Pole,38.7044293,-109.3103938,4999.0,LANDABLE,g,BLM land,BLM,0.0,,38.704429,-109.310394,4999.0,,,GNIS,1450201,,
HD0478,hoodoo,Totem Pole,36.9289533,-110.0475745,5256.0,NO-LAND,c,Tribal land - tribal permission required,BIA,14.49,21.0,37.154803,-109.93994,3972.0,,,GNIS,12649,,
HD0480,hoodoo,Tower of Ra,36.140815,-112.2037831,6013.0,NO-GO,,National Park Service,NPS,9.26,210.0,36.006514,-112.297951,6166.0,,"FAA AC 91-36D: pilots asked to stay >= 2,000 ft AGL over NPS, wilderness and refuges | Inside Grand Canyon NP: Grand Canyon SFRA rules apply (14 CFR 93 Subpart U)",GNIS,12655,,
HD0481,hoodoo,Towers of the Virgin,37.2333154,-113.0174415,7057.0,NO-LAND,a,Wilderness,NPS,3.81,192.0,37.171269,-113.034331,4051.0,,"FAA AC 91-36D: pilots asked to stay >= 2,000 ft AGL over NPS, wilderness and refuges",GNIS,1433611,,
HD0482,hoodoo,Tsai Skizzi Rock,36.8077738,-111.102089,6250.0,NO-LAND,c,Tribal land - tribal permission required,BIA,21.61,288.0,36.917859,-111.529415,3998.0,,,GNIS,12749,,
HD0483,hoodoo,Tse Abe I,36.1633364,-109.7376112,5945.0,NO-LAND,c,Tribal land - tribal permission required,BIA,46.04,133.0,35.639601,-109.046365,6973.0,,,GNIS,12755,,
HD0484,hoodoo,Tse-ni-cha,36.2769509,-108.6773087,5677.0,NO-LAND,c,Tribal land - tribal permission required,BIA,19.68,90.0,36.278881,-108.271697,5861.0,,,GNIS,895865,,
HD0485,hoodoo,Turret Needles,37.6305546,-107.6372832,13249.0,NO-LAND,a,Wilderness,USFS,6.93,341.0,37.740005,-107.684284,10354.0,,"FAA AC 91-36D: pilots asked to stay >= 2,000 ft AGL over NPS, wilderness and refuges",GNIS,187796,,
HD0486,hoodoo,Turtle,37.6197051,-112.166028,7604.0,NO-GO,,National Park Service,NPS,1.9,112.0,37.608049,-112.128864,6959.0,,"FAA AC 91-36D: pilots asked to stay >= 2,000 ft AGL over NPS, wilderness and refuges",GNIS,1449118,,
HD0487,hoodoo,Twin Peaks,35.7991849,-108.3120172,6489.0,NO-LAND,c,Tribal land - tribal permission required,BIA,6.28,47.0,35.871086,-108.218392,6291.0,,,GNIS,895952,,
HD0488,hoodoo,Two Red Rocks,36.6127785,-109.3659379,5816.0,NO-LAND,c,Tribal land - tribal permission required,BIA,38.81,334.0,37.192865,-109.724501,4223.0,,,GNIS,21868,,
HD0489,hoodoo,Venus Needle,35.9447335,-108.9809266,7231.0,NO-LAND,c,Tribal land - tribal permission required,BIA,17.43,181.0,35.653959,-108.98983,7115.0,,,GNIS,898466,,
HD0490,hoodoo,Vermillion Castle,37.7969205,-112.807443,6722.0,LANDABLE,g,BLM land,BLM,0.0,,37.79692,-112.807443,6722.0,,,GNIS,1446928,,
HD0491,hoodoo,Wall Street,37.6183163,-112.1643612,7535.0,NO-GO,,National Park Service,NPS,1.8,110.0,37.608049,-112.128864,6959.0,,"FAA AC 91-36D: pilots asked to stay >= 2,000 ft AGL over NPS, wilderness and refuges",GNIS,1890843,,
HD0492,hoodoo,Wall of Windows,37.6083163,-112.1646389,8116.0,NO-GO,,National Park Service,NPS,1.71,91.0,37.608049,-112.128864,6959.0,,"FAA AC 91-36D: pilots asked to stay >= 2,000 ft AGL over NPS, wilderness and refuges",GNIS,1446966,,
HD0493,hoodoo,Weavers Needle,33.4331056,-111.3704066,4039.0,NO-LAND,a,Wilderness,USFS,3.55,180.0,33.373806,-111.370485,2195.0,,"FAA AC 91-36D: pilots asked to stay >= 2,000 ft AGL over NPS, wilderness and refuges",GNIS,35931,,
HD0494,hoodoo,Weeping Rock,37.2722041,-112.9363289,4890.0,NO-GO,,National Park Service,NPS,2.2,50.0,37.296002,-112.901293,6493.0,,"FAA AC 91-36D: pilots asked to stay >= 2,000 ft AGL over NPS, wilderness and refuges",GNIS,1434032,,
HD0495,hoodoo,West Chimney,40.9566512,-103.3924323,4715.0,OTHER,,Private,PVT,28.42,165.0,40.497749,-103.236767,4138.0,,,GNIS,171024,,
HD0496,hoodoo,Whale Rock,38.4283165,-109.9173453,5830.0,NO-GO,,National Park Service,NPS,3.08,356.0,38.479573,-109.921727,4933.0,,"FAA AC 91-36D: pilots asked to stay >= 2,000 ft AGL over NPS, wilderness and refuges",GNIS,1434915,,
HD0497,hoodoo,White Face,37.6069235,-112.6235471,8354.0,CALL FIRST,f,USFS - check forest orders,USFS,6.84,45.0,37.688178,-112.522755,7599.0,,,GNIS,1447246,,
HD0499,hoodoo,White Rock,38.1363787,-109.3090021,6180.0,OTHER,,Private,PVT,0.3,90.0,38.136381,-109.302747,6106.0,,,GNIS,1434189,,
HD0498,hoodoo,White Rock,36.6555446,-111.5757116,6365.0,NO-LAND,c,Tribal land - tribal permission required,BIA,9.06,324.0,36.777666,-111.686501,3744.0,,Within 15 nm of Grand Canyon NP: check the Grand Canyon SFRA on the Grand Canyon VFR chart,GNIS,13654,,
HD0500,hoodoo,White Rocks,39.1896948,-110.8354423,5692.0,LANDABLE,g,BLM land,BLM,0.0,,39.189695,-110.835442,5692.0,,,GNIS,1434197,,
HD0501,hoodoo,Wind Rock,36.3461117,-109.935117,7104.0,NO-LAND,c,Tribal land - tribal permission required,BIA,48.07,5.0,37.14573,-109.856016,4078.0,,,GNIS,13896,,
HD0502,hoodoo,Wind Whistle Rock,38.1719323,-109.4781723,6328.0,LANDABLE,g,BLM land,BLM,0.0,,38.171932,-109.478172,6328.0,,,GNIS,1434385,,
HD0503,hoodoo,Window Rock,40.7499301,-114.043066,5177.0,LANDABLE,g,BLM land,BLM,0.0,,40.74993,-114.043066,5177.0,,,GNIS,1434391,,
HD0504,hoodoo,Window Rock,40.9152053,-114.1244579,4819.0,OTHER,,Private,PVT,0.1,151.0,40.913691,-114.123349,4820.0,,,GNIS,844992,,
HD0505,hoodoo,Window in Rock,38.029406,-114.2094272,6481.0,LANDABLE,g,BLM land,BLM,0.0,,38.029406,-114.209427,6481.0,,,GNIS,844991,,
HD0506,hoodoo,X Rock,39.1933238,-105.4786119,9761.0,NO-LAND,a,Wilderness,USFS,8.5,256.0,39.158488,-105.655225,9408.0,,"FAA AC 91-36D: pilots asked to stay >= 2,000 ft AGL over NPS, wilderness and refuges",GNIS,183672,,
HD0507,hoodoo,Zeus and Moses,38.4755383,-109.910678,4713.0,NO-GO,,National Park Service,NPS,0.41,9.0,38.482358,-109.909283,4932.0,,"FAA AC 91-36D: pilots asked to stay >= 2,000 ft AGL over NPS, wilderness and refuges",GNIS,1434916,,
HD0508,hoodoo,Zion Arrows,37.3338696,-112.9549418,4990.0,NO-LAND,a,Wilderness,NPS,2.57,90.0,37.333754,-112.90114,6276.0,,"FAA AC 91-36D: pilots asked to stay >= 2,000 ft AGL over NPS, wilderness and refuges",GNIS,1436677,,
HS0001,hot_spring,Alkali Hot Spring,37.8246565,-117.337535,5013.0,OTHER,,Private,PVT,0.04,179.0,37.823998,-117.337524,5033.0,,,GNIS+OSM,845756,node/8869168340,
HS0002,hot_spring,Arizona Hot Springs,35.9605445,-114.725732,819.0,NO-GO,,National Park Service,NPS,7.48,280.0,35.982166,-114.876904,2809.0,,"FAA AC 91-36D: pilots asked to stay >= 2,000 ft AGL over NPS, wilderness and refuges",OSM,,node/2006103266,
HS0003,hot_spring,Avery Hot Springs,40.502543,-111.914204,4387.0,CALL FIRST,e,State land - state land office permission,ST,4.61,69.0,40.529658,-111.81991,5632.0,,,OSM,,node/11140294886,
HS0004,hot_spring,Baker Hot Springs,39.6129595,-112.7292761,4636.0,LANDABLE,g,BLM land,BLM,0.0,,39.61296,-112.729276,4636.0,,,GNIS+OSM,1425238,node/12061646521,
HS0005,hot_spring,Baltazor Hot Spring,41.92121,-118.7103691,4221.0,OTHER,,Private,PVT,0.04,270.0,41.92121,-118.711342,4223.0,,,GNIS+OSM,856186,node/6634625803,
HS0006,hot_spring,Bartine Hot Springs,39.5577819,-116.35998,6130.0,LANDABLE,g,BLM land,BLM,0.0,,39.557782,-116.35998,6130.0,,,OSM,,node/4191157265,
HS0007,hot_spring,Big Thermal Spring,40.0347386,-117.6044665,3926.0,OTHER,,Private,PVT,0.22,360.0,40.038427,-117.604488,3916.0,,,GNIS,847090,,
HS0008,hot_spring,Big Warm Spring,38.9502104,-115.7008733,5610.0,NO-LAND,c,Tribal land - tribal permission required,BIA,0.56,90.0,38.950225,-115.688985,5790.0,,,GNIS,856195,,
HS0009,hot_spring,Birdsie Warm Spring,37.7280569,-107.0544928,8928.0,OTHER,,Private,PVT,15.36,324.0,37.934893,-107.245284,11619.0,,,GNIS,1794690,,
HS0010,hot_spring,Black Rock Hot Spring,36.5307162,-105.7121118,6482.0,NO-LAND,d,BLM National Monument / NCA,BLM,0.24,107.0,36.529563,-105.707318,6862.0,,,OSM,,node/7266907566,
HS0011,hot_spring,Black Rock Hot Spring,40.9738113,-119.008089,3961.0,NO-LAND,d,BLM National Monument / NCA,BLM,6.25,64.0,41.018792,-118.883921,3927.0,,,OSM,,node/2884721220,
HS0012,hot_spring,Bog Hot Springs,41.9238243,-118.80576950185186,4286.0,OTHER,,Private,PVT,1.42,91.0,41.923513,-118.774017,4358.0,,,GNIS+OSM,857455,way/1008750744,
HS0013,hot_spring,Booker Hot Spring,38.4896221,-118.9741212,5364.0,CALL FIRST,f,USFS - check forest orders,USFS,2.71,101.0,38.480888,-118.917719,6387.0,,,GNIS+OSM,2787896,node/7926139255,
HS0014,hot_spring,Bowers Mansion Hot Spring,39.2854601,-119.8413042,5098.0,OTHER,,Private,PVT,0.05,114.0,39.28514,-119.84038,5086.0,,,GNIS,857122,,
HS0015,hot_spring,Bradys Hot Springs,39.7879662,-119.0115517,4118.0,OTHER,,Private,PVT,0.62,46.0,39.795092,-119.001953,4204.0,,,GNIS,856480,,
HS0016,hot_spring,Browns Canyon Warm Spring,38.6530522,-106.0566818,7509.0,NO-LAND,d,BLM National Monument / NCA,BLM,0.15,271.0,38.653089,-106.059769,7588.0,,,GNIS,1794705,,
HS0017,hot_spring,Browns Grotto Warm Spring,38.635563,-106.074353,7491.0,OTHER,,Private,PVT,0.1,360.0,38.637151,-106.074354,7600.0,,,GNIS,1794706,,
HS0018,hot_spring,Bruffeys Hot Springs,40.2202014,-116.0689568,5835.0,OTHER,,Private,PVT,0.07,90.0,40.220201,-116.067381,5895.0,,,GNIS,857402,,
HS0019,hot_spring,Buckshot Spring,31.8118099,-109.9616951,5096.0,CALL FIRST,e,State land - state land office permission,ST,2.38,88.0,31.81317,-109.915222,5880.0,,,OSM,2111,node/2006086055,
HS0020,hot_spring,Buckshot Spring,33.9142801,-109.4763514,9653.0,CALL FIRST,f,USFS - check forest orders,USFS,22.04,22.0,34.256386,-109.313565,6712.0,,,OSM,,node/2006100528,
HS0021,hot_spring,Buffalo Hot Springs,40.3676488,-117.3278782,4625.0,LANDABLE,g,BLM land,BLM,0.0,,40.367649,-117.327878,4625.0,,,OSM,,node/11009504629,
HS0022,hot_spring,Buffalo Valley Hot Springs,40.3675651,-117.3279605,4625.0,LANDABLE,g,BLM land,BLM,0.0,,40.367565,-117.32796,4625.0,,,GNIS,847255,,
HS0023,hot_spring,Burrell Hot Spring,36.9601368,-116.7204876,3523.0,OTHER,,Private,PVT,0.09,184.0,36.958607,-116.720627,3518.0,,,GNIS,856957,,
HS0024,hot_spring,Caliente Hot Springs,37.6216315,-114.5111045,4413.0,OTHER,,Private,PVT,0.14,89.0,37.621677,-114.508253,4683.0,,,GNIS,856994,,
HS0025,hot_spring,Canon City Hot Springs,38.4330535,-105.2616573,5371.0,OTHER,,Private,PVT,0.15,232.0,38.431469,-105.264227,5401.0,,,GNIS,1794699,,
HS0026,hot_spring,Carson Hot Springs,39.1929667,-119.7524227,4702.0,OTHER,,Private,PVT,0.72,344.0,39.204462,-119.756776,4875.0,,,GNIS,858598,,
HS0027,hot_spring,Casey Springs,41.0030751,-119.0145493,3962.0,NO-LAND,d,BLM National Monument / NCA,PVT,6.0,80.0,41.021122,-118.884641,3927.0,,,OSM,,node/8863606020,
HS0028,hot_spring,Cebolla Hot Springs,38.2738353,-107.0986506,8093.0,OTHER,,Private,PVT,0.31,58.0,38.276592,-107.093104,8177.0,,,GNIS+OSM,188346,node/3840915694,
HS0029,hot_spring,Cement Creek Hot Spring,38.8349671,-106.8267192,9260.0,OTHER,,Private,PVT,1.94,231.0,38.814785,-106.859047,9664.0,,,GNIS,1794702,,
HS0030,hot_spring,Chattanooga Hot Spring,37.8729277,-107.7253215,10248.0,CALL FIRST,f,USFS - check forest orders,USFS,1.8,90.0,37.872928,-107.687365,11993.0,,,GNIS,1735258,,
HS0031,hot_spring,Cherry Creek Hot Springs,39.8913227,-114.8191919,5882.0,LANDABLE,g,BLM land,BLM,0.0,,39.891323,-114.819192,5882.0,,,GNIS,857078,,
HS0032,hot_spring,Chillis Hot Springs,40.1869183,-116.8053705,5034.0,OTHER,,Private,PVT,0.09,4.0,40.188497,-116.805244,5044.0,,,GNIS,857401,,
HS0033,hot_spring,Clifton Hot Springs,33.0561742,-109.3089607,3515.0,OTHER,,Private,PVT,0.62,67.0,33.060142,-109.297639,3689.0,,,GNIS,40474,,
HS0034,hot_spring,Cofer Hot Spring,34.6954094,-113.5740905,2065.0,OTHER,,Private,PVT,0.06,90.0,34.695409,-113.572887,2102.0,,,GNIS,3094,,
HS0035,hot_spring,Conundrum Hot Springs,39.011550299999996,-106.89132029011628,11254.0,NO-LAND,a,Wilderness,USFS,8.56,229.0,38.916997,-107.028526,9519.0,,"FAA AC 91-36D: pilots asked to stay >= 2,000 ft AGL over NPS, wilderness and refuges",GNIS+OSM,1735262,way/244085093,
HS0036,hot_spring,Cottonwood Hot Springs,38.8130516,-106.2244649,8590.0,OTHER,,Private,PVT,2.39,78.0,38.82147,-106.174541,8192.0,,,GNIS,189237,,
HS0037,hot_spring,Crescent Valley Hot Springs,40.4177945,-116.5070517,4755.0,OTHER,,Private,PVT,0.29,1.0,40.42263,-116.506916,4721.0,,,GNIS,857381,,
HS0038,hot_spring,Crystal Geyser,38.9383714,-110.1354023,4061.0,OTHER,,Private,PVT,0.04,0.0,38.938975,-110.135396,4079.0,,,OSM,,node/3211636690,
HS0039,hot_spring,Currys Warm Springs,39.1590766,-119.7365689,4682.0,OTHER,,Private,PVT,0.85,207.0,39.146499,-119.744883,4688.0,,,GNIS,856545,,
HS0040,hot_spring,Dakota Hot Springs,38.4183712,-105.0565794,5233.0,OTHER,,Private,PVT,1.36,180.0,38.395753,-105.056615,5078.0,,,OSM,,node/3502169496,
HS0041,hot_spring,Darroughs Hot Springs,38.8206849,-117.1798459,5569.0,OTHER,,Private,PVT,0.13,90.0,38.820672,-117.177095,5556.0,,,OSM,,node/3910162943,
HS0042,hot_spring,Derry Warm Spring,32.7956803,-107.2773676,4124.0,OTHER,,Private,PVT,0.13,328.0,32.797473,-107.278669,4161.0,,,GNIS,902632,,
HS0043,hot_spring,Devil's Faucet Hot Spring,41.7527959,-118.8409525,4460.0,OTHER,,Private,PVT,0.01,358.0,41.75289,-118.840957,4460.0,,,OSM,,node/9598782855,
HS0044,hot_spring,Dixie Hot Springs,37.1888718,-113.2688369,3092.0,OTHER,,Private,PVT,0.2,89.0,37.18894,-113.264713,3606.0,,,GNIS,1427426,,
HS0045,hot_spring,Dixie Hot Springs,39.7973382,-118.068867,3426.0,NO-GO,,Department of Defense,DOD,0.07,271.0,39.797351,-118.070359,3446.0,,DoD land: check restricted / military airspace,GNIS+OSM,840066,node/8117420697,
HS0046,hot_spring,Dotsero Warm Springs,39.6274838,-107.1067162,6278.0,LANDABLE,g,BLM land,BLM,0.0,,39.627484,-107.106716,6278.0,,,GNIS,1735251,,
HS0047,hot_spring,Double Hot Springs,41.0509388,-119.026466,3978.0,NO-LAND,d,BLM National Monument / NCA,BLM,6.33,55.0,41.111174,-118.911982,3993.0,,,GNIS+OSM,840101,node/6188617056,
HS0048,hot_spring,Dunton Hot Spring,37.771647,-108.0927987,8914.0,OTHER,,Private,PVT,9.43,13.0,37.925088,-108.048436,8891.0,,,GNIS,176595,,
HS0049,hot_spring,Durango Hot Springs,37.391629699999996,-107.8485243102767,6585.0,OTHER,,Private,PVT,3.25,174.0,37.337747,-107.841293,6622.0,,,OSM,,way/1177638832,
HS0050,hot_spring,Dyke Hot Springs,41.5670087,-118.566301,4113.0,LANDABLE,g,BLM land,BLM,0.0,,41.567009,-118.566301,4113.0,,,GNIS+OSM,847318,node/6188624162,
HS0051,hot_spring,Elko Hot Springs,40.8125592,-115.7786259,5177.0,OTHER,,Private,PVT,0.76,261.0,40.810558,-115.795003,5046.0,,,GNIS,857517,,
HS0052,hot_spring,Ely Warm Springs,39.2618837,-114.8700181,6354.0,OTHER,,Private,PVT,0.46,280.0,39.263191,-114.879793,6490.0,,,GNIS,857075,,
HS0053,hot_spring,Faywood Hot Spring,32.5547484,-107.9947145,5038.0,OTHER,,Private,PVT,1.46,75.0,32.560987,-107.966943,5078.0,,,GNIS,902792,,
HS0054,hot_spring,Fifth Water Hot Springs,40.0828922,-111.3186655,6142.0,CALL FIRST,f,USFS - check forest orders,USFS,6.75,206.0,39.981432,-111.381904,6234.0,,,OSM,,node/256632488,
HS0055,hot_spring,Fish Lake Valley Hot Well,37.8600332,-117.9838372,4749.0,LANDABLE,g,BLM land,BLM,0.0,,37.860033,-117.983837,4749.0,,,OSM,,node/8773398306,
HS0056,hot_spring,Fly Geyser,40.859417,-119.33187,4017.0,OTHER,,Private,PVT,0.51,271.0,40.859616,-119.343001,4032.0,,,OSM,,node/4377988189,
HS0057,hot_spring,Frisco Hot Spring,33.8310761,-108.8002369,6530.0,CALL FIRST,f,USFS - check forest orders,USFS,14.84,333.0,34.051387,-108.936143,8163.0,,,GNIS+OSM,906414,node/2006088651,
HS0058,hot_spring,Frisco Hot Springs,33.2373342,-108.8810715,4545.0,CALL FIRST,f,USFS - check forest orders,USFS,7.1,148.0,33.137009,-108.80595,5296.0,,,GNIS+OSM,899022,node/2006088652,
HS0059,hot_spring,Geyser Warm Spring,37.7518338,-108.120529,9105.0,CALL FIRST,f,USFS - check forest orders,USFS,8.52,287.0,37.794376,-108.2915,8725.0,,,GNIS+OSM,1794696,node/369178480,
HS0060,hot_spring,Gila / Lightfeather Hot Springs,33.23342,-108.23538,5679.0,CALL FIRST,e,State land - state land office permission,ST,18.16,215.0,32.983848,-108.440072,5354.0,,,OSM,,node/13689030801,
HS0061,hot_spring,Gila Hot Springs,33.1959024,-108.2069931,5576.0,OTHER,,Private,PVT,17.3,223.0,32.983848,-108.440072,5354.0,,,GNIS,919970,,
HS0062,hot_spring,Gillard Hot Springs,32.9730551,-109.3504819,3298.0,NO-LAND,d,BLM National Monument / NCA,BLM,0.14,0.0,32.975453,-109.350472,3387.0,,,GNIS+OSM,5036,node/2006097632,
HS0063,hot_spring,Giocoechea Warm Springs,39.8127075,-115.6103238,5897.0,OTHER,,Private,PVT,0.12,90.0,39.812702,-115.607735,5924.0,,,GNIS,858589,,
HS0064,hot_spring,Glenwood Hot Springs Grand Pool,39.5495717,-107.32370977613465,5734.0,OTHER,,Private,PVT,0.56,357.0,39.558934,-107.324433,6808.0,,,OSM,,way/40198881,
HS0065,hot_spring,Golconda Hot Springs,40.9609971,-117.4946019,4384.0,OTHER,,Private,PVT,0.74,270.0,40.960971,-117.510791,4407.0,,,GNIS,857382,,
HS0066,hot_spring,Great Boiling Spring,40.6614158,-119.3661275,3962.0,OTHER,,Private,PVT,0.07,180.0,40.660252,-119.366128,3962.0,,,OSM,,node/8840645557,
HS0067,hot_spring,Hand-Me-Down Creek Hot Springs,40.3161683,-116.434515,5207.0,LANDABLE,g,BLM land,BLM,0.0,,40.316168,-116.434515,5207.0,,,OSM,,node/6188712589,
HS0068,hot_spring,Hannah Hot Spring,33.4003029,-109.152827,4825.0,CALL FIRST,f,USFS - check forest orders,USFS,14.52,204.0,33.179346,-109.271707,4416.0,,,GNIS+OSM,29728,node/2006088866,
HS0069,hot_spring,Hartsel Hot Springs,39.0168979,-105.792662,8958.0,OTHER,,Private,PVT,0.8,217.0,39.006176,-105.802929,9020.0,,,GNIS+OSM,1735260,node/6707752379,
HS0070,hot_spring,Hills Warm Spring,41.7315422,-119.7859282,5534.0,LANDABLE,g,BLM land,BLM,0.0,,41.731542,-119.785928,5534.0,,,GNIS,857049,,
HS0071,hot_spring,Hobo Hot Springs,39.059075,-119.8162913,4877.0,NO-LAND,c,Tribal land - tribal permission required,BIA,2.92,41.0,39.095843,-119.775228,4852.0,,,GNIS,860005,,
HS0072,hot_spring,Home Station Ranch Hot Spring,40.1776934,-117.4881668,4552.0,LANDABLE,g,BLM land,BLM,0.0,,40.177693,-117.488167,4552.0,,,GNIS,857056,,
HS0073,hot_spring,Hooper Hot Springs,41.136841,-112.1757908,4220.0,CALL FIRST,e,State land - state land office permission,ST,14.22,300.0,41.256167,-112.447217,5859.0,,,GNIS+OSM,1428809,node/370097575,
HS0074,hot_spring,Hortense Hot Spring,38.7327743,-106.1752967,8337.0,OTHER,,Private,PVT,2.62,136.0,38.701366,-106.136639,8300.0,,,GNIS,189464,,
HS0075,hot_spring,Hot Creek Ranch Spring,38.5191984,-116.3646834,5647.0,OTHER,,Private,PVT,0.06,189.0,38.518146,-116.364887,5785.0,,,GNIS,856944,,
HS0077,hot_spring,Hot Creek Spring,41.1827052,-116.5094561,5548.0,OTHER,,Private,PVT,0.01,187.0,41.182617,-116.50947,5548.0,,,GNIS,852108,,
HS0076,hot_spring,Hot Creek Spring,38.3829606,-115.1534026,5224.0,OTHER,,Private,PVT,0.26,307.0,38.385595,-115.157846,5217.0,,,GNIS,857463,,
HS0078,hot_spring,Hot Creek Springs,41.5762908,-115.1816064,6148.0,LANDABLE,g,BLM land,BLM,0.0,,41.576291,-115.181606,6148.0,,,GNIS,856274,,
HS0079,hot_spring,Hot Creek Valley Spring,38.4432661,-116.2731101,5356.0,LANDABLE,g,BLM land,BLM,0.0,,38.443266,-116.27311,5356.0,,,GNIS,856943,,
HS0080,hot_spring,Hot Hole,40.8185323,-115.7772902,5071.0,OTHER,,Private,PVT,0.6,83.0,40.819765,-115.76426,5090.0,,,GNIS,856275,,
HS0081,hot_spring,Hot Pot,40.9224056,-117.1106653,4428.0,OTHER,,Private,PVT,0.07,1.0,40.923595,-117.110636,4419.0,,,GNIS,841135,,
HS0087,hot_spring,Hot Spring,37.2787841,-109.3297333,4479.0,NO-LAND,c,Tribal land - tribal permission required,BIA,0.29,228.0,37.275627,-109.334188,4439.0,,,GNIS+OSM,1428903,node/2006089027,
HS0093,hot_spring,Hot Spring,38.8494101,-112.4907741,4809.0,OTHER,,Private,PVT,0.66,263.0,38.848087,-112.504663,4776.0,,,GNIS,1441919,,
HS0083,hot_spring,Hot Spring,33.9856057,-112.3602328,2144.0,OTHER,,Private,PVT,1.05,157.0,33.969492,-112.352178,1896.0,,,GNIS+OSM,6035,node/2006089008,
HS0085,hot_spring,Hot Spring,35.960538,-114.7255378,831.0,NO-GO,,National Park Service,NPS,7.48,280.0,35.982166,-114.876904,2809.0,,"FAA AC 91-36D: pilots asked to stay >= 2,000 ft AGL over NPS, wilderness and refuges",GNIS+OSM,23002,node/2006089018,
HS0082,hot_spring,Hot Spring,33.080063,-109.3031276,3493.0,OTHER,,Private,PVT,0.29,107.0,33.078643,-109.297725,3886.0,,,GNIS,30226,,
HS0084,hot_spring,Hot Spring,35.9446876,-114.732235,751.0,NO-GO,,National Park Service,NPS,7.4,288.0,35.982166,-114.876904,2809.0,,"FAA AC 91-36D: pilots asked to stay >= 2,000 ft AGL over NPS, wilderness and refuges",GNIS+OSM,841136,node/2006089012,
HS0086,hot_spring,Hot Spring,35.9653174,-114.743411,907.0,NO-LAND,a,Wilderness,NPS,6.58,279.0,35.982166,-114.876904,2809.0,,"FAA AC 91-36D: pilots asked to stay >= 2,000 ft AGL over NPS, wilderness and refuges",GNIS+OSM,841137,node/2006089023,
HS0088,hot_spring,Hot Spring,37.7613198,-117.633426,4288.0,LANDABLE,g,BLM land,BLM,0.0,,37.76132,-117.633426,4288.0,,,GNIS,841138,,
HS0090,hot_spring,Hot Spring,38.5213322,-116.3659574,5657.0,OTHER,,Private,PVT,0.18,189.0,38.518342,-116.366537,5816.0,,,GNIS,841139,,
HS0097,hot_spring,Hot Spring,40.1397033,-119.6855347,3795.0,OTHER,,Undetermined,UND,2.68,255.0,40.12827,-119.741845,4099.0,,,GNIS,841140,,
HS0100,hot_spring,Hot Spring,41.1434941,-114.9946574,5667.0,LANDABLE,g,BLM land,BLM,0.0,,41.143494,-114.994657,5667.0,,,GNIS,841142,,
HS0101,hot_spring,Hot Spring,41.1554844,-115.9593011,6496.0,OTHER,,Private,PVT,0.02,0.0,41.155801,-115.959301,6465.0,,,GNIS,841143,,
HS0104,hot_spring,Hot Spring,41.1922213,-115.2864899,5458.0,LANDABLE,g,BLM land,BLM,0.0,,41.192221,-115.28649,5458.0,,,GNIS+OSM,841144,node/8982888925,
HS0103,hot_spring,Hot Spring,41.1880421,-115.2873249,5450.0,LANDABLE,g,BLM land,BLM,0.0,,41.188042,-115.287325,5450.0,,,GNIS,841145,,
HS0105,hot_spring,Hot Spring,41.1922362,-115.2865963,5456.0,LANDABLE,g,BLM land,BLM,0.0,,41.192236,-115.286596,5456.0,,,GNIS,841146,,
HS0107,hot_spring,Hot Spring,41.980747,-114.3803038,5758.0,OTHER,,Private,PVT,0.19,16.0,41.983801,-114.379155,5788.0,,,GNIS,841147,,
HS0102,hot_spring,Hot Spring,41.1567823,-114.9860109,5720.0,OTHER,,Private,PVT,0.03,180.0,41.156309,-114.986011,5728.0,,,GNIS,841148,,
HS0096,hot_spring,Hot Spring,40.0660248,-117.8892945,5355.0,LANDABLE,g,BLM land,BLM,0.0,,40.066025,-117.889294,5355.0,,,GNIS,847091,,
HS0089,hot_spring,Hot Spring,38.1859979,-116.3740111,5543.0,LANDABLE,g,BLM land,BLM,0.0,,38.185998,-116.374011,5543.0,,,GNIS,856276,,
HS0098,hot_spring,Hot Spring,40.1453778,-119.6739622,3821.0,OTHER,,Undetermined,UND,3.28,255.0,40.131386,-119.742926,4103.0,,,GNIS,856277,,
HS0099,hot_spring,Hot Spring,41.0505794,-118.7186889,4082.0,LANDABLE,g,BLM land,BLM,0.0,,41.050579,-118.718689,4082.0,,,GNIS,856278,,
HS0095,hot_spring,Hot Spring,39.0407985,-116.6634581,6701.0,OTHER,,Private,PVT,0.03,90.0,39.040796,-116.662731,6701.0,,,GNIS,860054,,
HS0106,hot_spring,Hot Spring,41.7737011,-115.9223361,5777.0,CALL FIRST,f,USFS - check forest orders,USFS,5.89,136.0,41.703365,-115.830845,6657.0,,,GNIS+OSM,860055,node/12375129692,
HS0091,hot_spring,Hot Spring,38.8161107,-106.8754098,8641.0,OTHER,,Private,PVT,0.33,104.0,38.814821,-106.868565,9291.0,,,OSM,,node/3786555858,
HS0092,hot_spring,Hot Spring,38.8349915,-106.8265881,9257.0,OTHER,,Private,PVT,1.95,231.0,38.814785,-106.859047,9664.0,,,OSM,,node/3792808559,
HS0094,hot_spring,Hot Spring,38.8597215,-119.1759431,4465.0,OTHER,,Private,PVT,0.71,270.0,38.859743,-119.191124,4540.0,,,OSM,,node/7461103606,
HS0108,hot_spring,Hot Spring on Right Bank,40.4608813,-109.2422272,4836.0,NO-GO,,National Park Service,NPS,1.49,184.0,40.436094,-109.244387,5002.0,,"FAA AC 91-36D: pilots asked to stay >= 2,000 ft AGL over NPS, wilderness and refuges",OSM,,node/386267994,
HS0112,hot_spring,Hot Springs,37.2647278,-107.0108728,7080.0,OTHER,,Private,PVT,2.79,310.0,37.294447,-107.055844,7652.0,,,GNIS,184339,,
HS0113,hot_spring,Hot Springs,37.5091733,-106.9472661,9063.0,NO-LAND,a,Wilderness,USFS,11.63,186.0,37.315986,-106.971161,7257.0,,"FAA AC 91-36D: pilots asked to stay >= 2,000 ft AGL over NPS, wilderness and refuges",GNIS,190559,,
HS0116,hot_spring,Hot Springs,38.6141564,-112.2015769,5490.0,OTHER,,Private,PVT,0.11,90.0,38.614161,-112.199151,5573.0,,,GNIS,1441921,,
HS0117,hot_spring,Hot Springs,38.6379514,-112.099968,5603.0,OTHER,,Private,PVT,0.07,179.0,38.636743,-112.099942,5666.0,,,GNIS,1441922,,
HS0118,hot_spring,Hot Springs,38.8637367,-112.5079704,4766.0,OTHER,,Private,PVT,0.31,271.0,38.863813,-112.514571,4752.0,,,GNIS,1441923,,
HS0115,hot_spring,Hot Springs,38.613862,-112.1090896,5570.0,OTHER,,Private,PVT,0.21,138.0,38.611253,-112.106095,5719.0,,,GNIS,1448493,,
HS0109,hot_spring,Hot Springs,33.0479902,-109.4410421,3790.0,OTHER,,Private,PVT,0.1,270.0,33.047988,-109.443081,4003.0,,,GNIS+OSM,30227,node/2006089029,
HS0125,hot_spring,Hot Springs,40.559081,-116.5956436,4930.0,OTHER,,Private,PVT,0.02,270.0,40.559083,-116.596084,4913.0,,,GNIS,841141,,
HS0110,hot_spring,Hot Springs,35.9831684,-114.748904,868.0,NO-LAND,a,Wilderness,NPS,6.23,270.0,35.983162,-114.876904,2841.0,,"FAA AC 91-36D: pilots asked to stay >= 2,000 ft AGL over NPS, wilderness and refuges",GNIS+OSM,841151,node/2006089034,
HS0122,hot_spring,Hot Springs,39.9410857,-116.6810029,5664.0,LANDABLE,g,BLM land,BLM,0.0,,39.941086,-116.681003,5664.0,,,GNIS,841153,,
HS0123,hot_spring,Hot Springs,40.1416133,-119.690405,3800.0,OTHER,,Undetermined,UND,2.49,255.0,40.130985,-119.742787,4106.0,,,GNIS,841154,,
HS0126,hot_spring,Hot Springs,40.6738,-116.8375977,4526.0,OTHER,,Bureau of Reclamation,USBR,0.18,0.0,40.676852,-116.837597,4573.0,,,GNIS,841155,,
HS0128,hot_spring,Hot Springs,40.770734,-119.1101781,3926.0,NO-LAND,d,BLM National Monument / NCA,BLM,0.08,180.0,40.769429,-119.110188,3933.0,,,GNIS,841156,,
HS0130,hot_spring,Hot Springs,41.1819714,-114.9898504,5763.0,LANDABLE,g,BLM land,BLM,0.0,,41.181971,-114.98985,5763.0,,,GNIS,841157,,
HS0131,hot_spring,Hot Springs,41.2618456,-115.3069411,5647.0,OTHER,,Private,PVT,0.02,180.0,41.261462,-115.306945,5645.0,,,GNIS,841158,,
HS0132,hot_spring,Hot Springs,41.2790821,-116.6212732,5324.0,OTHER,,Private,PVT,0.09,270.0,41.279072,-116.623287,5325.0,,,GNIS,841159,,
HS0127,hot_spring,Hot Springs,40.7638243,-116.0410735,5082.0,LANDABLE,g,BLM land,BLM,0.0,,40.763824,-116.041074,5082.0,,,GNIS,856280,,
HS0111,hot_spring,Hot Springs,36.9763417,-116.7223301,3584.0,OTHER,,Private,PVT,0.08,90.0,36.976344,-116.720586,3716.0,,,GNIS,857464,,
HS0121,hot_spring,Hot Springs,39.5582597,-116.361459,6118.0,LANDABLE,g,BLM land,BLM,0.0,,39.55826,-116.361459,6118.0,,,GNIS,857465,,
HS0129,hot_spring,Hot Springs,40.9204613,-117.1095542,4438.0,OTHER,,Private,PVT,0.04,216.0,40.91997,-117.110018,4434.0,,,GNIS,857466,,
HS0124,hot_spring,Hot Springs,40.3256167,-116.0601117,5700.0,LANDABLE,g,BLM land,BLM,0.0,,40.325617,-116.060112,5700.0,,,GNIS,857520,,
HS0120,hot_spring,Hot Springs,39.0799304,-116.6381324,6653.0,OTHER,,Private,PVT,0.17,90.0,39.079925,-116.634437,6676.0,,,GNIS,860056,,
HS0133,hot_spring,Hot Springs,41.647032,-115.775031,6231.0,OTHER,,Private,PVT,0.11,180.0,41.645222,-115.775027,6359.0,,,GNIS,860057,,
HS0134,hot_spring,Hot Springs,41.8771815,-115.6283483,5233.0,CALL FIRST,f,USFS - check forest orders,USFS,2.93,359.0,41.926113,-115.628981,6248.0,,,GNIS,860058,,
HS0114,hot_spring,Hot Springs,38.1689923,-105.9257355,7750.0,OTHER,,Private,PVT,0.36,270.0,38.169022,-105.933398,7764.0,,,OSM,192093,node/151765462,
HS0119,hot_spring,Hot Springs,38.91895,-118.196276,4125.0,NO-GO,,Department of Defense,DOD,0.57,257.0,38.916825,-118.208136,4115.0,,DoD land: check restricted / military airspace,OSM,,node/7368394134,
HS0135,hot_spring,Hot Sulphur Springs,40.0747939,-106.1115516,7680.0,OTHER,,Private,PVT,0.27,1.0,40.079303,-106.111444,8354.0,,,GNIS+OSM,1794721,node/6707874630,
HS0136,hot_spring,Hot Sulphur Springs,41.4676833,-116.1500905,5814.0,OTHER,,Private,PVT,0.05,90.0,41.46768,-116.14909,5845.0,,,GNIS,841171,,
HS0137,hot_spring,Howard Hot Spring,41.7210978,-118.5054824,4314.0,OTHER,,Private,PVT,0.1,107.0,41.720603,-118.503332,4317.0,,,GNIS,841180,,
HS0138,hot_spring,Hyder Hot Springs,40.0004707,-117.7184538,3539.0,LANDABLE,g,BLM land,BLM,0.0,,40.000471,-117.718454,3539.0,,,GNIS,856283,,
HS0139,hot_spring,Indian Hot Springs,32.999212,-109.89938,2811.0,OTHER,,Private,PVT,0.14,0.0,33.001627,-109.89936,2845.0,,,GNIS+OSM,23913,node/2006089325,
HS0140,hot_spring,Jemez Hot Springs,35.7702965,-106.6928034,6174.0,OTHER,,Private,PVT,10.33,286.0,35.818927,-106.895771,7487.0,,,GNIS,914276,,
HS0141,hot_spring,Jemez Hot Springs,35.7721535,-106.6907936,6196.0,OTHER,,Private,PVT,10.39,286.0,35.818927,-106.895771,7487.0,,,GNIS,914422,,
HS0142,hot_spring,Jemez Hot Springs Original Springs,35.7732854,-106.6894924,6211.0,OTHER,,Private,PVT,10.43,285.0,35.818927,-106.895771,7487.0,,,GNIS,914428,,
HS0143,hot_spring,John Salvis Hot Spring,39.8879892,-114.8994717,6238.0,LANDABLE,g,BLM land,BLM,0.0,,39.887989,-114.899472,6238.0,,,GNIS,857077,,
HS0144,hot_spring,Jordan Hot Springs,33.2927144,-108.26936,6003.0,NO-LAND,a,Wilderness,USFS,16.28,7.0,33.562574,-108.230353,7495.0,,"FAA AC 91-36D: pilots asked to stay >= 2,000 ft AGL over NPS, wilderness and refuges",OSM,,node/5329769568,
HS0145,hot_spring,Juniper Hot Springs,40.4669141,-107.9525785,5995.0,OTHER,,Private,PVT,0.31,179.0,40.461758,-107.952509,6084.0,,,GNIS,1794720,,
HS0146,hot_spring,Kennecott Warm Springs,32.5667482,-108.0339263,5039.0,OTHER,,Private,PVT,0.98,273.0,32.56761,-108.053319,5055.0,,,GNIS,929313,,
HS0147,hot_spring,Klobe Hot Springs,39.4051878,-116.3477046,6337.0,OTHER,,Private,PVT,0.06,269.0,39.405176,-116.34906,6348.0,,,GNIS,857377,,
HS0148,hot_spring,Kyle Hot Springs,40.4068463,-117.8843201,4591.0,OTHER,,Private,PVT,0.15,90.0,40.406844,-117.880946,4624.0,,,OSM,,node/6188684634,
HS0149,hot_spring,Lawtons Hot Springs,39.5096324,-119.9040849,4700.0,OTHER,,Private,PVT,6.97,15.0,39.621609,-119.864,5062.0,,,GNIS,856810,,
HS0150,hot_spring,Leach Hot Springs,40.6036396,-117.6494627,4670.0,OTHER,,Private,PVT,0.24,90.0,40.603634,-117.644171,4754.0,,,GNIS+OSM,856299,node/7579443759,
HS0151,hot_spring,Lee Hot Springs,39.2080881,-118.7239125,4021.0,LANDABLE,g,BLM land,BLM,0.0,,39.208088,-118.723912,4021.0,,,GNIS+OSM,856300,node/8098229802,
HS0152,hot_spring,Lemon Hot Spring,38.0152698,-108.0536809,7316.0,OTHER,,Private,PVT,0.05,183.0,38.014435,-108.053732,7414.0,,,GNIS,1735249,,
HS0153,hot_spring,Little Hot Springs,39.8935333,-116.6484149,5630.0,LANDABLE,g,BLM land,BLM,0.0,,39.893533,-116.648415,5630.0,,,GNIS,841698,,
HS0154,hot_spring,Little Warm Spring,38.9369056,-115.6977545,5600.0,NO-LAND,c,Tribal land - tribal permission required,BIA,0.42,88.0,38.937096,-115.688808,5702.0,,,GNIS,856305,,
HS0155,hot_spring,Lost Man Hot Spring,35.9855286,-114.741646,775.0,NO-GO,,National Park Service,NPS,6.59,270.0,35.985522,-114.876904,2916.0,,"FAA AC 91-36D: pilots asked to stay >= 2,000 ft AGL over NPS, wilderness and refuges",GNIS+OSM,43004,node/2006091074,
HS0156,hot_spring,Lower Ranch Hot Spring,40.0343598,-117.6059488,3914.0,OTHER,,Private,PVT,0.24,360.0,40.038422,-117.605973,3898.0,,,GNIS,857050,,
HS0157,hot_spring,Lower Waunita Hot Springs,38.5169389,-106.5155853,8887.0,OTHER,,Private,PVT,2.39,216.0,38.484482,-106.54515,9892.0,,,GNIS,1794707,,
HS0158,hot_spring,Lyons Hunting Lodge Hot Spring,33.1917361,-108.1839368,5815.0,OTHER,,Private,PVT,17.94,226.0,32.983848,-108.440072,5354.0,,,GNIS,929264,,
HS0159,hot_spring,Manby Hot Springs,36.5083378,-105.7240686,6459.0,NO-LAND,d,BLM National Monument / NCA,BLM,0.54,42.0,36.514998,-105.716626,6764.0,,,GNIS+OSM,908382,node/7266927672,
HS0160,hot_spring,Meadow Hot Springs,38.8636344,-112.505327,4772.0,OTHER,,Private,PVT,0.43,271.0,38.863741,-112.514572,4752.0,,,OSM,,node/8484009518,
HS0161,hot_spring,Mescal Warm Spring,33.1547838,-110.6376029,2871.0,NO-LAND,a,Wilderness,BLM,0.59,263.0,33.153638,-110.649259,3263.0,,"FAA AC 91-36D: pilots asked to stay >= 2,000 ft AGL over NPS, wilderness and refuges",GNIS,7924,,
HS0162,hot_spring,Midas Hot Spring,41.2790758,-116.621201,5324.0,OTHER,,Private,PVT,0.09,270.0,41.279065,-116.623287,5325.0,,,OSM,,node/6188701461,
HS0163,hot_spring,Millers Hot Springs,40.4632613,-115.3625489,6021.0,OTHER,,Private,PVT,0.78,91.0,40.463092,-115.345478,5971.0,,,GNIS,857359,,
HS0164,hot_spring,Mimbres Hot Springs,32.7489665,-107.8358674,5769.0,OTHER,,Private,PVT,1.74,357.0,32.778035,-107.837927,5907.0,,,GNIS,908772,,
HS0165,hot_spring,Mineral Hot Spring,41.7882459,-114.7369814,5312.0,OTHER,,Private,PVT,0.24,270.0,41.788222,-114.742232,5331.0,,,GNIS,858599,,
HS0166,hot_spring,Mineral Hot Springs,38.1679534,-105.9244969,7747.0,OTHER,,Private,PVT,0.42,270.0,38.167988,-105.933404,7760.0,,,GNIS,1794701,,
HS0167,hot_spring,Moana Hot Springs,39.4904667,-119.7993571,4469.0,OTHER,,Private,PVT,3.17,105.0,39.476538,-119.733634,4460.0,,,GNIS,857125,,
HS0168,hot_spring,Monte Neva Hot Springs,39.6683819,-114.8062719,5997.0,OTHER,,Private,PVT,0.22,270.0,39.668365,-114.811056,6013.0,,,GNIS+OSM,858103,node/7330713382,
HS0169,hot_spring,Montezuma Hot Springs,35.6542385,-105.284138,6724.0,OTHER,,Private,PVT,14.05,155.0,35.44112,-105.164393,6675.0,,,OSM,,node/3325971222,
HS0170,hot_spring,Moorman Spring,38.5945647,-115.1392249,5301.0,OTHER,,Private,PVT,0.13,181.0,38.592438,-115.139249,5301.0,,,OSM,,node/11053698150,
HS0171,hot_spring,Mount Princeton Hot Springs,38.7330521,-106.1625184,8185.0,OTHER,,Private,PVT,2.25,147.0,38.701366,-106.136639,8300.0,,,GNIS,1794704,,
HS0172,hot_spring,Mystic Hot Springs,38.6333126,-112.1078463,5510.0,OTHER,,Private,PVT,0.07,90.0,38.633313,-112.106406,5569.0,,,OSM,,node/12816148405,
HS0173,hot_spring,Nelson Hot Spring,40.6071299,-117.6692906,4571.0,LANDABLE,g,BLM land,BLM,0.0,,40.60713,-117.669291,4571.0,,,GNIS,857054,,
HS0174,hot_spring,Nevada Hot Spring,36.0005267,-114.695533,1990.0,NO-GO,,National Park Service,NPS,7.67,98.0,35.981558,-114.539782,2218.0,,"FAA AC 91-36D: pilots asked to stay >= 2,000 ft AGL over NPS, wilderness and refuges",GNIS+OSM,863743,node/2006091526,
HS0175,hot_spring,Nevada Hot Springs,38.8985051,-119.4098901,4627.0,OTHER,,Private,PVT,0.1,271.0,38.898539,-119.411946,4704.0,,,GNIS,848598,,
HS0176,hot_spring,Ogden Hot Spring,41.2357634,-111.9246369,4458.0,OTHER,,Private,PVT,10.84,83.0,41.256884,-111.686796,6352.0,,,OSM,,node/844396094,
HS0177,hot_spring,Old Dugan Place Hot Spring,38.5305441,-116.4056125,5924.0,OTHER,,Private,PVT,0.15,180.0,38.528024,-116.405619,6055.0,,,GNIS,856948,,
HS0178,hot_spring,Orvis Hot Spring,38.1332713,-107.7343218,7057.0,OTHER,,Private,PVT,0.89,134.0,38.122905,-107.720962,7553.0,,,GNIS,188419,,
HS0179,hot_spring,Ouray Hot Springs,38.0211049,-107.6725599,7784.0,OTHER,,Private,PVT,2.44,331.0,38.056779,-107.697189,8126.0,,,GNIS,1794709,,
HS0180,hot_spring,Pagosa Hot Spring,37.2655306,-107.0102579,7072.0,OTHER,,Private,PVT,2.79,308.0,37.294447,-107.055844,7652.0,,,OSM,,node/5673809772,
HS0181,hot_spring,Pah Tempe Hot Springs,37.1894934,-113.2725738,3082.0,OTHER,,Private,PVT,0.38,89.0,37.189623,-113.264731,3554.0,,,OSM,,node/7931643054,
HS0182,hot_spring,Paradise,37.26599915,-107.01041726667687,7064.0,OTHER,,Private,PVT,2.76,308.0,37.294447,-107.055844,7652.0,,,OSM,,way/595247615,
HS0183,hot_spring,Paradise Valley Hot Springs,41.4222548,-117.3875361,4473.0,OTHER,,Private,PVT,0.18,95.0,41.422023,-117.383671,4472.0,,,OSM,,node/6188687923,
HS0184,hot_spring,Paradise Warm Spring,37.7541607,-108.1320206,8548.0,OTHER,,Private,PVT,7.96,288.0,37.794376,-108.2915,8725.0,,,GNIS,1735248,,
HS0185,hot_spring,Patua Hot Springs,39.598802,-119.1115531,4063.0,OTHER,,Bureau of Reclamation,USBR,2.35,80.0,39.605764,-119.061662,4360.0,,,GNIS,856993,,
HS0186,hot_spring,Pearl Hot Springs,37.8219395,-117.4811426,4287.0,LANDABLE,g,BLM land,BLM,0.0,,37.82194,-117.481143,4287.0,,,GNIS+OSM,845934,node/8873548596,
HS0187,hot_spring,Penny Hot Springs,39.227,-107.224,6940.0,OTHER,,Private,PVT,4.92,1.0,39.308991,-107.222945,7492.0,,,GNIS+OSM,175200,node/6708008761,
HS0188,hot_spring,Petersons Mill Hot Spring,39.5583307,-117.431105,6346.0,OTHER,,Private,PVT,0.15,179.0,39.555905,-117.43107,6341.0,,,GNIS,857540,,
HS0189,hot_spring,Piedra River Hot Springs,37.313,-107.344,6882.0,CALL FIRST,f,USFS - check forest orders,USFS,8.63,123.0,37.234209,-107.193146,7095.0,,,GNIS+OSM,1735256,node/6707890083,
HS0190,hot_spring,Pinchot Springs,34.5022676,-111.195914,7033.0,CALL FIRST,f,USFS - check forest orders,USFS,27.42,68.0,34.669289,-110.680543,6033.0,,,OSM,32915,node/2006092030,
HS0191,hot_spring,Pinchot Springs,37.9152946,-118.2920837,8343.0,CALL FIRST,f,USFS - check forest orders,USFS,2.3,89.0,37.91586,-118.243576,7398.0,,,OSM,,node/8866562180,
HS0192,hot_spring,Pinkerton Hot Springs,37.451158,-107.80519,6821.0,OTHER,,Private,PVT,6.88,189.0,37.337825,-107.827644,8587.0,,,GNIS+OSM,1735253,node/4783203677,
HS0193,hot_spring,Pinto Hot Springs,41.3622058,-118.7897756,4127.0,LANDABLE,g,BLM land,BLM,0.0,,41.362206,-118.789776,4127.0,,,GNIS,857482,,
HS0194,hot_spring,Ponce de Leon Hot Springs,36.3239289,-105.6062322,7267.0,CALL FIRST,f,USFS - check forest orders,USFS,3.53,41.0,36.368349,-105.558473,7316.0,,,OSM,,node/4931706138,
HS0195,hot_spring,Poncha Hot Springs,38.4966642,-106.077794,8024.0,OTHER,,Private,PVT,0.05,179.0,38.495808,-106.077772,8121.0,,,GNIS,189858,,
HS0196,hot_spring,Pott's Ranch Hot Spring,39.0796369,-116.6400048,6655.0,OTHER,,Private,PVT,0.26,90.0,39.079629,-116.634438,6672.0,,,OSM,,node/4209354217,
HS0197,hot_spring,Pyramid Island Hot Spring,39.980185,-119.5015716,3904.0,OTHER,,Undetermined,UND,5.12,101.0,39.963172,-119.392817,4094.0,,,GNIS,857069,,
HS0198,hot_spring,Radium Hot Springs,39.9598393,-106.5406479,6906.0,LANDABLE,g,BLM land,BLM,0.0,,39.959839,-106.540648,6906.0,,,OSM,,node/4405868598,
HS0199,hot_spring,Rainbow Hot Springs,37.5111177,-106.9455994,9597.0,NO-LAND,a,Wilderness,USFS,11.76,186.0,37.315986,-106.971161,7257.0,,"FAA AC 91-36D: pilots asked to stay >= 2,000 ft AGL over NPS, wilderness and refuges",GNIS,1794722,,
HS0200,hot_spring,Ralphs Warm Springs,40.9593699,-114.7380919,5613.0,OTHER,,Private,PVT,0.67,308.0,40.96627,-114.749785,5652.0,,,GNIS,857361,,
HS0201,hot_spring,Ranger Hot Spring,38.8160532,-106.8751186,8654.0,OTHER,,Private,PVT,0.32,104.0,38.814821,-106.868565,9291.0,,,GNIS,1794703,,
HS0202,hot_spring,Rawhide Hot Springs,38.919008,-118.1962838,4125.0,NO-GO,,Department of Defense,DOD,0.57,257.0,38.916882,-118.208153,4115.0,,DoD land: check restricted / military airspace,GNIS,841152,,
HS0203,hot_spring,Red Hill Hot Springs,38.6394788,-112.0985958,5631.0,OTHER,,Private,PVT,0.05,359.0,38.640355,-112.098619,5605.0,,,OSM,,node/8944670949,
HS0204,hot_spring,Red Hot Spring,41.3861645,-114.165226,4917.0,OTHER,,Private,PVT,0.87,159.0,41.372726,-114.158253,5357.0,,,GNIS,849808,,
HS0205,hot_spring,Reese River Valley Hot Springs,40.1837026,-117.1034052,4820.0,OTHER,,Private,PVT,0.15,90.0,40.183684,-117.100039,4826.0,,,OSM,,node/6188694600,
HS0206,hot_spring,Reno Hot Springs,39.3804668,-119.7410184,4622.0,OTHER,,Private,PVT,0.34,90.0,39.380452,-119.733762,4874.0,,,GNIS,857098,,
HS0207,hot_spring,Rhodes Warm Spring,39.1638804,-106.0625179,10174.0,OTHER,,Private,PVT,1.0,84.0,39.16565,-106.041275,10008.0,,,GNIS,1794714,,
HS0208,hot_spring,Rhodes Warm Springs,39.1636026,-106.0652958,10217.0,OTHER,,Private,PVT,1.13,84.0,39.16565,-106.041275,10008.0,,,GNIS,1735261,,
HS0209,hot_spring,Rico 1,37.7019189,-108.0311774,8789.0,OTHER,,Private,PVT,13.39,357.0,37.925134,-108.043812,8601.0,,,OSM,,node/6707642882,
HS0210,hot_spring,Rico 2,37.7007763,-108.0304244,8778.0,CALL FIRST,f,USFS - check forest orders,USFS,13.46,357.0,37.925134,-108.043812,8601.0,,,OSM,,node/6707642881,
HS0211,hot_spring,Ringbolt Hot Spring,35.9605408,-114.7258158,819.0,NO-GO,,National Park Service,NPS,7.47,280.0,35.982166,-114.876904,2809.0,,"FAA AC 91-36D: pilots asked to stay >= 2,000 ft AGL over NPS, wilderness and refuges",GNIS+OSM,43003,node/2006092575,
HS0212,hot_spring,River bend Hot Springs,33.1274004,-107.25049756457977,4242.0,OTHER,,Private,PVT,0.87,180.0,33.112933,-107.250438,4377.0,,,OSM,,way/1216811075,
HS0213,hot_spring,Routt Hot Springs,40.5595302,-106.8504721,7439.0,OTHER,,Private,PVT,1.01,171.0,40.542866,-106.847125,7502.0,,,GNIS,1735263,,
HS0214,hot_spring,Sacred Waters,39.5498896,-107.32229863008475,5735.0,OTHER,,Private,PVT,0.51,91.0,39.549746,-107.311414,6549.0,,,OSM,,way/1486097525,
HS0215,hot_spring,San Antonio Hot Spring,35.9398286,-106.6433864,8403.0,CALL FIRST,f,USFS - check forest orders,USFS,12.59,270.0,35.94024,-106.901816,7442.0,,,GNIS+OSM,910605,node/1516234031,
HS0216,hot_spring,San Antonio Warm Spring,35.9714851,-106.5610837,8430.0,NO-GO,,National Park Service,NPS,12.86,348.0,36.181121,-106.617511,6666.0,,"FAA AC 91-36D: pilots asked to stay >= 2,000 ft AGL over NPS, wilderness and refuges",GNIS,902625,,
HS0217,hot_spring,San Francisco Hot Springs,33.2446336,-108.8818397,4562.0,OTHER,,Private,PVT,7.49,149.0,33.137009,-108.80595,5296.0,,,GNIS+OSM,910617,node/2006092818,
HS0218,hot_spring,Saratoga Hot Spring,39.0574723,-119.7426471,4697.0,OTHER,,Private,PVT,0.12,3.0,39.059532,-119.742515,4714.0,,,GNIS+OSM,843510,node/7330851228,
HS0219,hot_spring,Saratoga Hot Springs,40.3530072,-111.89970114856068,4494.0,CALL FIRST,e,State land - state land office permission,ST,1.94,77.0,40.360441,-111.858593,4495.0,,,OSM,,way/470182240,
HS0220,hot_spring,Senator Fumaroles,39.9854703,-117.8654043,3817.0,LANDABLE,g,BLM land,BLM,0.0,,39.98547,-117.865404,3817.0,,,OSM,857364,node/357556044,
HS0221,hot_spring,Sheep Bridge Hot Springs,34.0779807,-111.7073268,2059.0,CALL FIRST,f,USFS - check forest orders,USFS,14.82,220.0,33.889652,-111.899916,3083.0,,,OSM,,node/2006100987,
HS0222,hot_spring,Shipley Hot Spring,39.9409017,-116.0752272,5806.0,OTHER,,Private,PVT,0.17,270.0,39.940905,-116.078935,6034.0,,,GNIS,858182,,
HS0223,hot_spring,Shipley Hot Spting,39.9408518,-116.0753067,5814.0,OTHER,,Private,PVT,0.17,270.0,39.940855,-116.078935,6034.0,,,OSM,,node/8757313406,
HS0224,hot_spring,Silver Peak Hot Springs,37.7615976,-117.633426,4282.0,LANDABLE,g,BLM land,BLM,0.0,,37.761598,-117.633426,4282.0,,,GNIS,857387,,
HS0225,hot_spring,Smith Creek Valley Hot Springs,39.3129445,-117.549884,6065.0,OTHER,,Private,PVT,0.04,271.0,39.312953,-117.550653,6063.0,,,GNIS+OSM,858602,node/4169720123,
HS0226,hot_spring,Soldier Meadows Hot Springs,41.3636252,-119.21742,4526.0,NO-LAND,d,BLM National Monument / NCA,BLM,4.67,360.0,41.441568,-119.217464,5354.0,,,GNIS+OSM,857383,node/6188609558,
HS0227,hot_spring,Sou Hot Springs,40.0889306,-117.724957,3707.0,OTHER,,Private,PVT,0.05,360.0,40.089715,-117.72496,3697.0,,,GNIS+OSM,856387,node/8116920489,
HS0228,hot_spring,South Canyon Hot Springs,39.5522316,-107.4124613,5890.0,OTHER,,Private,PVT,0.14,359.0,39.554644,-107.412493,5999.0,,,GNIS+OSM,1794717,node/6707758109,
HS0229,hot_spring,Spence Hot Spring,35.8495283,-106.6297305,7299.0,CALL FIRST,f,USFS - check forest orders,USFS,13.05,264.0,35.826342,-106.895755,7537.0,,,GNIS+OSM,914429,node/277668411,
HS0230,hot_spring,Spencer Hot Springs,39.3272051,-116.8593474708031,5654.0,LANDABLE,g,BLM land,BLM,0.0,,39.327205,-116.859347,5654.0,,,GNIS+OSM,861530,way/1056298034,
HS0231,hot_spring,Steam Geyser,40.1457389,-119.677137,3823.0,OTHER,,Undetermined,UND,3.15,255.0,40.132328,-119.743253,4098.0,,,OSM,847210,node/357552331,
HS0232,hot_spring,Stinking Hot Springs,41.5763431,-112.233717,4251.0,OTHER,,Private,PVT,0.01,195.0,41.576147,-112.233788,4251.0,,,OSM,,node/575265376,en:Stinking Hot Springs
HS0233,hot_spring,Stratten Warm Spring,37.4063894,-107.8442333,6630.0,OTHER,,Private,PVT,4.12,178.0,37.337747,-107.841293,6622.0,,,GNIS,1735257,,
HS0234,hot_spring,Strawberry Park Hot Springs,40.55946985,-106.85002687856156,7458.0,OTHER,,Private,PVT,1.0,172.0,40.542866,-106.847125,7502.0,,,OSM,,way/187928865,
HS0235,hot_spring,Sulphur Hot Springs,40.5863152,-115.2858822,6052.0,OTHER,,Private,PVT,1.0,133.0,40.574865,-115.269983,5996.0,,,GNIS,861626,,
HS0236,hot_spring,Swissvale Warm Springs,38.4788862,-105.8916761,6829.0,OTHER,,Private,PVT,0.09,359.0,38.480393,-105.8917,6821.0,,,GNIS,1794698,,
HS0237,hot_spring,The Geyser,40.8614544,-119.3328497,4019.0,OTHER,,Private,PVT,0.46,271.0,40.861636,-119.342938,4031.0,,,OSM,850013,node/357553460,en:Fly Geyser
HS0238,hot_spring,The Geysers,40.5622158,-116.5862007,5116.0,OTHER,,Private,PVT,0.29,356.0,40.566984,-116.586596,4800.0,,,OSM,,node/12900547213,
HS0239,hot_spring,The Hot Springs,41.4221877,-117.3875245,4470.0,OTHER,,Private,PVT,0.17,95.0,41.421957,-117.383678,4472.0,,,GNIS,844258,,
HS0240,hot_spring,The Mother Spring,37.2644127,-107.0105795,7081.0,OTHER,,Private,PVT,2.82,310.0,37.294447,-107.055844,7652.0,,,OSM,,node/10905726085,
HS0241,hot_spring,Thermo Hot Springs,38.1734108,-113.2049157,5053.0,OTHER,,Private,PVT,0.27,358.0,38.177861,-113.205113,5049.0,,,GNIS+OSM,1441920,node/11191918542,
HS0242,hot_spring,Trego Hot Springs,40.7712492,-119.116043,3945.0,NO-LAND,d,BLM National Monument / NCA,BLM,0.11,180.0,40.769453,-119.116056,3936.0,,,GNIS+OSM,858286,node/3694731387,
HS0243,hot_spring,Trimble Hot Springs,37.3911118,-107.8484,6583.0,OTHER,,Private,PVT,3.22,174.0,37.337747,-107.841293,6622.0,,,GNIS,1735255,,
HS0244,hot_spring,Tripp Hot Spring,37.3916674,-107.8484,6588.0,OTHER,,Private,PVT,3.25,174.0,37.337747,-107.841293,6622.0,,,GNIS,1735254,,
HS0245,hot_spring,Tripp Hot Springs,37.4000005,-107.8495112,6845.0,OTHER,,Private,PVT,3.75,174.0,37.337747,-107.841293,6622.0,,,GNIS,1794692,,
HS0246,hot_spring,Tuakay Hot Springs,33.6702993,-111.164731,1996.0,CALL FIRST,f,USFS - check forest orders,USFS,18.33,140.0,33.436882,-110.928374,4769.0,,,GNIS+OSM,45687,node/2006093733,
HS0247,hot_spring,Two Mile Hot Spring,35.9833107,-114.748891,868.0,NO-LAND,a,Wilderness,NPS,6.23,270.0,35.983304,-114.876904,2841.0,,"FAA AC 91-36D: pilots asked to stay >= 2,000 ft AGL over NPS, wilderness and refuges",GNIS+OSM,863742,node/2006093879,
HS0248,hot_spring,Uddy Hot Springs,41.8549259,-112.1574556,4332.0,OTHER,,Private,PVT,4.91,97.0,41.844298,-112.048806,5031.0,,,GNIS,1433769,,
HS0249,hot_spring,Upper Frisco Hot Springs,33.8333867,-108.800622,6652.0,CALL FIRST,f,USFS - check forest orders,USFS,14.71,333.0,34.051387,-108.936143,8163.0,,,GNIS,929312,,
HS0250,hot_spring,Upper Hot Creek Ranch Spring,38.5229316,-116.3722291,5694.0,OTHER,,Private,PVT,0.01,189.0,38.522688,-116.372278,5697.0,,,GNIS,856947,,
HS0251,hot_spring,Upper Warm Spring,38.5318768,-116.4650786,6134.0,CALL FIRST,f,USFS - check forest orders,USFS,0.01,147.0,38.531768,-116.464989,6134.0,,,GNIS,861833,,
HS0252,hot_spring,Upper Warm Spring,38.6995029,-116.4341588,6561.0,NO-LAND,b,Wilderness Study Area,PVT,5.8,360.0,38.796256,-116.434533,6727.0,,,GNIS,861834,,
HS0253,hot_spring,Upper Waunita Hot Springs,38.5138835,-106.5086407,8958.0,OTHER,,Private,PVT,2.46,224.0,38.484482,-106.54515,9892.0,,,GNIS,1794708,,
HS0254,hot_spring,Verde Hot Springs,34.3553073,-111.709869,2655.0,CALL FIRST,f,USFS - check forest orders,USFS,20.26,265.0,34.325781,-112.116107,3742.0,,,GNIS,35765,,
HS0255,hot_spring,Wabuska Hot Springs,39.1604741,-119.1837662,4300.0,OTHER,,Private,PVT,0.24,0.0,39.164536,-119.18373,4314.0,,,GNIS,844603,,
HS0256,hot_spring,Wagon Wheel Gap Hot Springs,37.7469468,-106.8317108,8511.0,OTHER,,Private,PVT,8.78,111.0,37.693203,-106.660237,9541.0,,,GNIS,1794689,,
HS0257,hot_spring,Walker River Hot Spring,38.4905909,-118.979071,5378.0,CALL FIRST,f,USFS - check forest orders,USFS,2.95,101.0,38.480888,-118.917719,6387.0,,,OSM,,node/12793322718,
HS0258,hot_spring,Walleys Hot Springs,38.9810055,-119.8343956,4722.0,OTHER,,Private,PVT,6.22,49.0,39.04846,-119.733203,4746.0,,,GNIS,856782,,
HS0259,hot_spring,Walti Hot Springs,39.9026719,-116.5919275,5669.0,OTHER,,Private,PVT,0.42,43.0,39.907836,-116.585773,5698.0,,,GNIS+OSM,844628,node/9029929647,
HS0260,hot_spring,Wards Hot Spring,40.8587166,-119.3252839,4000.0,OTHER,,Private,PVT,0.47,38.0,40.864925,-119.31898,3977.0,,,GNIS,857084,,
HS0261,hot_spring,Warm Ditch Spring,40.5359292,-111.478601,5734.0,OTHER,,Private,PVT,4.79,324.0,40.600367,-111.540544,9157.0,,,GNIS,1433955,,
HS0283,hot_spring,Warm Spring,38.7648396,-108.4255352,6597.0,NO-LAND,b,Wilderness Study Area,BLM,6.77,64.0,38.81349,-108.29531,5251.0,,,GNIS,185359,,
HS0276,hot_spring,Warm Spring,37.7008235,-110.4218061,3644.0,NO-GO,,National Park Service,NPS,2.04,118.0,37.684573,-110.384052,4533.0,,"FAA AC 91-36D: pilots asked to stay >= 2,000 ft AGL over NPS, wilderness and refuges",GNIS,1433957,,
HS0290,hot_spring,Warm Spring,40.3962608,-112.4226635,4993.0,OTHER,,Private,PVT,0.17,110.0,40.395311,-112.41919,4986.0,,,GNIS,1433958,,
HS0295,hot_spring,Warm Spring,41.7552922,-113.6036341,5734.0,OTHER,,Private,PVT,0.18,137.0,41.75314,-113.600983,5719.0,,,GNIS,1433959,,
HS0277,hot_spring,Warm Spring,37.9599405,-112.5672933,7343.0,CALL FIRST,f,USFS - check forest orders,USFS,0.91,48.0,37.970057,-112.552899,7181.0,,,GNIS,1446983,,
HS0289,hot_spring,Warm Spring,40.3445195,-111.3866165,6200.0,OTHER,,Private,PVT,4.85,18.0,40.421238,-111.353036,6890.0,,,GNIS,1446984,,
HS0264,hot_spring,Warm Spring,33.0425718,-107.5272525,5034.0,OTHER,,Private,PVT,2.38,164.0,33.004514,-107.513984,5232.0,,,GNIS,896258,,
HS0262,hot_spring,Warm Spring,32.8814506,-108.8873825,5386.0,OTHER,,Private,PVT,0.99,184.0,32.864868,-108.888589,5361.0,,,GNIS,912159,,
HS0273,hot_spring,Warm Spring,36.250024,-105.7275149,8164.0,CALL FIRST,f,USFS - check forest orders,USFS,0.8,348.0,36.263073,-105.730977,7996.0,,,GNIS,912160,,
HS0274,hot_spring,Warm Spring,36.8344307,-106.2154323,9169.0,CALL FIRST,f,USFS - check forest orders,USFS,8.46,110.0,36.785188,-106.050935,8621.0,,,GNIS,913762,,
HS0263,hot_spring,Warm Spring,32.9836241,-110.3738982,4269.0,LANDABLE,g,BLM land,BLM,0.0,,32.983624,-110.373898,4269.0,,,GNIS,13344,,
HS0265,hot_spring,Warm Spring,33.1711721,-110.5281552,2318.0,NO-LAND,c,Tribal land - tribal permission required,BIA,0.18,242.0,33.16981,-110.531267,2327.0,,,GNIS,13345,,
HS0266,hot_spring,Warm Spring,33.7344959,-110.2162123,4254.0,NO-LAND,c,Tribal land - tribal permission required,BIA,26.97,163.0,33.304522,-110.056526,5337.0,,,GNIS,13346,,
HS0267,hot_spring,Warm Spring,33.7797729,-110.3181594,4102.0,NO-LAND,c,Tribal land - tribal permission required,BIA,29.57,228.0,33.44927,-110.756507,4039.0,,,GNIS,13347,,
HS0271,hot_spring,Warm Spring,34.6327972,-113.1468616,3891.0,CALL FIRST,e,State land - state land office permission,ST,0.81,174.0,34.619305,-113.145082,4324.0,,,GNIS,13348,,
HS0272,hot_spring,Warm Spring,34.9166763,-113.6107705,2513.0,OTHER,,Private,PVT,0.99,258.0,34.913147,-113.630372,2429.0,,,GNIS,13349,,
HS0270,hot_spring,Warm Spring,34.5633284,-113.4967657,1788.0,OTHER,,Private,PVT,0.01,324.0,34.563445,-113.49687,1802.0,,,GNIS,23282,,
HS0268,hot_spring,Warm Spring,34.0290672,-109.2024854,7576.0,CALL FIRST,f,USFS - check forest orders,USFS,8.73,81.0,34.051621,-109.029507,7667.0,,,GNIS,41637,,
HS0269,hot_spring,Warm Spring,34.2541989,-111.6915354,2430.0,NO-LAND,a,Wilderness,USFS,20.85,272.0,34.263981,-112.110607,3400.0,,"FAA AC 91-36D: pilots asked to stay >= 2,000 ft AGL over NPS, wilderness and refuges",GNIS,1852419,,
HS0279,hot_spring,Warm Spring,38.3390469,-116.6625708,6216.0,OTHER,,Private,PVT,0.01,360.0,38.339283,-116.662572,6218.0,,,GNIS,844635,,
HS0281,hot_spring,Warm Spring,38.5696986,-117.664338,5556.0,LANDABLE,g,BLM land,BLM,0.0,,38.569699,-117.664338,5556.0,,,GNIS+OSM,844636,node/9397653777,
HS0287,hot_spring,Warm Spring,39.5280927,-116.389416,6141.0,LANDABLE,g,BLM land,BLM,0.0,,39.528093,-116.389416,6141.0,,,GNIS,844637,,
HS0294,hot_spring,Warm Spring,41.0396163,-119.4698599,5861.0,LANDABLE,g,BLM land,BLM,0.0,,41.039616,-119.46986,5861.0,,,GNIS,844638,,
HS0297,hot_spring,Warm Spring,41.7904926,-119.1078906,4994.0,NO-GO,,Fish & Wildlife Service refuge,FWS,6.03,90.0,41.790457,-118.973616,5235.0,,"FAA AC 91-36D: pilots asked to stay >= 2,000 ft AGL over NPS, wilderness and refuges",GNIS,844639,,
HS0291,hot_spring,Warm Spring,40.6843661,-116.1544048,5002.0,OTHER,,Private,PVT,0.22,209.0,40.681087,-116.156751,5170.0,,,GNIS,844640,,
HS0296,hot_spring,Warm Spring,41.7631269,-118.28034,4506.0,LANDABLE,g,BLM land,BLM,0.0,,41.763127,-118.28034,4506.0,,,GNIS,846441,,
HS0286,hot_spring,Warm Spring,39.4749276,-116.358125,6264.0,LANDABLE,g,BLM land,BLM,0.0,,39.474928,-116.358125,6264.0,,,GNIS,846863,,
HS0293,hot_spring,Warm Spring,40.908392,-119.4727486,5714.0,OTHER,,Private,PVT,0.06,90.0,40.908392,-119.471433,5753.0,,,GNIS,849995,,
HS0275,hot_spring,Warm Spring,37.0718873,-116.6931173,3962.0,OTHER,,Private,PVT,0.03,185.0,37.071412,-116.693172,3962.0,,,GNIS,851825,,
HS0288,hot_spring,Warm Spring,40.2268679,-116.0736793,5712.0,OTHER,,Private,PVT,0.1,270.0,40.226877,-116.075956,5681.0,,,GNIS,854986,,
HS0280,hot_spring,Warm Spring,38.4637816,-115.7904975,4804.0,CALL FIRST,e,State land - state land office permission,ST,0.54,270.0,38.463839,-115.802017,4779.0,,,GNIS,856422,,
HS0278,hot_spring,Warm Spring,38.2544709,-116.8300718,6518.0,CALL FIRST,f,USFS - check forest orders,USFS,3.88,270.0,38.254823,-116.912159,7085.0,,,GNIS,861894,,
HS0282,hot_spring,Warm Spring,38.695291,-116.4371962,6548.0,NO-LAND,b,Wilderness Study Area,PVT,6.05,360.0,38.796248,-116.437586,6759.0,,,GNIS,861895,,
HS0284,hot_spring,Warm Spring,38.9510439,-115.2338217,6341.0,OTHER,,Private,PVT,0.01,270.0,38.951044,-115.23413,6346.0,,,GNIS,861896,,
HS0292,hot_spring,Warm Spring,40.7822206,-115.3638014,5967.0,OTHER,,Private,PVT,7.04,291.0,40.82427,-115.508105,5378.0,,,GNIS,861897,,
HS0285,hot_spring,Warm Spring,39.2913279,-114.8641849,6265.0,OTHER,,Private,PVT,0.32,270.0,39.291365,-114.871094,6342.0,,,GNIS,862844,,
HS0314,hot_spring,Warm Springs,40.5316309,-108.9287274,5151.0,NO-GO,,National Park Service,NPS,2.93,24.0,40.576162,-108.902204,7495.0,,"FAA AC 91-36D: pilots asked to stay >= 2,000 ft AGL over NPS, wilderness and refuges",GNIS,170599,,
HS0312,hot_spring,Warm Springs,40.446925,-110.82812,6979.0,OTHER,,Private,PVT,20.36,299.0,40.610326,-111.218197,7617.0,,,GNIS,1433960,,
HS0313,hot_spring,Warm Springs,40.4658776,-109.221655,5009.0,NO-GO,,National Park Service,NPS,1.69,360.0,40.494029,-109.221697,5981.0,,"FAA AC 91-36D: pilots asked to stay >= 2,000 ft AGL over NPS, wilderness and refuges",GNIS,1433961,,
HS0315,hot_spring,Warm Springs,40.6460257,-112.525432,4255.0,OTHER,,Private,PVT,1.66,281.0,40.651083,-112.56107,4853.0,,,GNIS,1433962,,
HS0309,hot_spring,Warm Springs,39.459708,-114.0384189,5260.0,LANDABLE,g,BLM land,BLM,0.0,,39.459708,-114.038419,5260.0,,,GNIS,1436585,,
HS0308,hot_spring,Warm Springs,37.8921382,-112.715318,6888.0,OTHER,,Private,PVT,0.16,270.0,37.89213,-112.718719,6951.0,,,GNIS,1446986,,
HS0311,hot_spring,Warm Springs,39.9582781,-111.8556895,4581.0,CALL FIRST,e,State land - state land office permission,ST,1.7,327.0,39.982001,-111.875767,4510.0,,,GNIS,1446987,,
HS0300,hot_spring,Warm Springs,33.2789597,-107.5636463,5528.0,LANDABLE,g,BLM land,BLM,0.0,,33.27896,-107.563646,5528.0,,,GNIS,896260,,
HS0303,hot_spring,Warm Springs,35.6453052,-106.8889275,6024.0,NO-LAND,c,Tribal land - tribal permission required,BIA,3.29,270.0,35.645406,-106.956112,6098.0,,,GNIS,897512,,
HS0299,hot_spring,Warm Springs,32.9497953,-107.5755855,5529.0,OTHER,,Private,PVT,0.1,91.0,32.949777,-107.57366,5544.0,,,GNIS,900405,,
HS0305,hot_spring,Warm Springs,36.250024,-105.7311262,8078.0,CALL FIRST,f,USFS - check forest orders,USFS,0.78,360.0,36.263073,-105.731144,7972.0,,,GNIS,912161,,
HS0298,hot_spring,Warm Springs,32.5642484,-108.0242037,5028.0,OTHER,,Private,PVT,1.49,278.0,32.56761,-108.053319,5055.0,,,GNIS,920733,,
HS0301,hot_spring,Warm Springs,33.4404381,-110.2119033,4057.0,NO-LAND,c,Tribal land - tribal permission required,BIA,11.28,136.0,33.304522,-110.056526,5337.0,,,GNIS,13350,,
HS0302,hot_spring,Warm Springs,34.8966468,-114.308838,2105.0,NO-LAND,a,Wilderness,BLM,0.7,187.0,34.885131,-114.310583,1884.0,,"FAA AC 91-36D: pilots asked to stay >= 2,000 ft AGL over NPS, wilderness and refuges",GNIS,13351,,
HS0304,hot_spring,Warm Springs,36.1969259,-113.0829819,1722.0,NO-LAND,c,Tribal land - tribal permission required,BIA,12.51,7.0,36.40437,-113.053654,5603.0,,Within 15 nm of Grand Canyon NP: check the Grand Canyon SFRA on the Grand Canyon VFR chart,GNIS,13352,,
HS0306,hot_spring,Warm Springs,36.6945174,-112.3119473,6937.0,CALL FIRST,f,USFS - check forest orders,USFS,8.48,299.0,36.762438,-112.466118,5580.0,,,GNIS,13353,,
HS0322,hot_spring,Warm Springs,41.3547859,-114.133698,4831.0,OTHER,,Private,PVT,0.31,312.0,41.358197,-114.13874,4926.0,,,GNIS,844643,,
HS0323,hot_spring,Warm Springs,41.7460048,-119.7927156,5534.0,LANDABLE,g,BLM land,BLM,0.0,,41.746005,-119.792716,5534.0,,,GNIS,844644,,
HS0324,hot_spring,Warm Springs,41.7528149,-118.8411137,4459.0,OTHER,,Private,PVT,0.0,358.0,41.752886,-118.841117,4459.0,,,GNIS,844645,,
HS0325,hot_spring,Warm Springs,41.933977,-118.808868,4298.0,NO-GO,,Fish & Wildlife Service refuge,FWS,1.57,91.0,41.933641,-118.77384,4534.0,,"FAA AC 91-36D: pilots asked to stay >= 2,000 ft AGL over NPS, wilderness and refuges",GNIS+OSM,844646,node/6967005697,
HS0326,hot_spring,Warm Springs,41.9705432,-114.5750863,5212.0,OTHER,,Private,PVT,0.1,90.0,41.970543,-114.572907,5326.0,,,GNIS,844647,,
HS0317,hot_spring,Warm Springs,41.0638273,-115.3896859,5361.0,OTHER,,Private,PVT,0.02,268.0,41.063814,-115.390195,5361.0,,,GNIS,845281,,
HS0318,hot_spring,Warm Springs,41.2160077,-119.8635415,5736.0,NO-LAND,b,Wilderness Study Area,BLM,0.13,271.0,41.216053,-119.866418,5819.0,,,GNIS,849920,,
HS0310,hot_spring,Warm Springs,39.8451133,-119.7172989,4232.0,LANDABLE,g,BLM land,BLM,0.0,,39.845113,-119.717299,4232.0,,,GNIS,850515,,
HS0321,hot_spring,Warm Springs,41.3071991,-115.7524061,5784.0,LANDABLE,g,BLM land,BLM,0.0,,41.307199,-115.752406,5784.0,,,GNIS,851534,,
HS0319,hot_spring,Warm Springs,41.2935265,-115.5567346,5512.0,LANDABLE,g,BLM land,BLM,0.0,,41.293526,-115.556735,5512.0,,,GNIS,851538,,
HS0307,hot_spring,Warm Springs,36.7091371,-114.7144392,1819.0,NO-GO,,Fish & Wildlife Service refuge,FWS,0.08,266.0,36.709039,-114.716164,1841.0,,"FAA AC 91-36D: pilots asked to stay >= 2,000 ft AGL over NPS, wilderness and refuges",GNIS,857496,,
HS0316,hot_spring,Warm Springs,40.7502034,-115.0361546,5773.0,OTHER,,Private,PVT,0.08,187.0,40.748872,-115.036361,5790.0,,,GNIS,861898,,
HS0320,hot_spring,Warm Springs,41.3033461,-115.9673691,6701.0,CALL FIRST,f,USFS - check forest orders,USFS,0.69,177.0,41.291888,-115.966556,7099.0,,,GNIS,862692,,
HS0327,hot_spring,Wellsville Warm Spring,38.487775,-105.9122324,6902.0,OTHER,,Private,PVT,0.08,46.0,38.488724,-105.910994,6932.0,,,GNIS,1735250,,
HS0328,hot_spring,West Pinto Hot Spring,41.3569978,-118.8098426,4076.0,LANDABLE,g,BLM land,BLM,0.0,,41.356998,-118.809843,4076.0,,,GNIS,857398,,
HS0329,hot_spring,Wilson Health Springs,39.9066532,-113.430766,4296.0,NO-GO,,Department of Defense,DOD,0.08,180.0,39.905392,-113.430772,4294.0,,DoD land: check restricted / military airspace,OSM,,node/11173540273,
HS0330,hot_spring,Wilson Hot Spring,38.767391,-119.1748818,5230.0,CALL FIRST,f,USFS - check forest orders,USFS,3.26,329.0,38.813935,-119.210697,4630.0,,,GNIS,862070,,
HS0331,hot_spring,Woodside Geyser,39.2651199,-110.3480692,4635.0,OTHER,,Private,PVT,0.14,180.0,39.26272,-110.348055,4624.0,,,OSM,,node/11180315138,
HS0332,hot_spring,Yampah Source Spring,39.5499947,-107.32174293030477,5737.0,OTHER,,Private,PVT,0.48,91.0,39.549858,-107.311412,6549.0,,,OSM,,way/1186099727,
VP0001,viewpoint,10 Year Flood Level,39.6836913,-104.8434035,5546.0,OTHER,,Private,PVT,22.01,279.0,39.73999,-105.313114,6518.0,,,OSM,,node/2267869710,
VP0002,viewpoint,17 Mile Farm House,39.5679108,-104.788048,5720.0,OTHER,,Private,PVT,24.87,256.0,39.465462,-105.307011,8037.0,,,OSM,,node/6147821808,en:Seventeen Mile House
VP0003,viewpoint,2 miles above sea level,40.4127017,-105.8167479,10612.0,NO-GO,,National Park Service,NPS,10.57,195.0,40.242516,-105.8769,8651.0,,"FAA AC 91-36D: pilots asked to stay >= 2,000 ft AGL over NPS, wilderness and refuges",OSM,,node/6831922750,
VP0004,viewpoint,3 Stones,39.6839823,-104.8435752,5542.0,OTHER,,Private,PVT,22.0,279.0,39.73999,-105.313114,6518.0,,,OSM,,node/2267869667,
VP0005,viewpoint,33 Hole Overlook,36.1126308,-114.8421463,1222.0,NO-GO,,National Park Service,NPS,2.67,234.0,36.086148,-114.886417,2062.0,,"FAA AC 91-36D: pilots asked to stay >= 2,000 ft AGL over NPS, wilderness and refuges",OSM,,node/8860760094,
VP0006,viewpoint,89A Scenic Viewpoint,34.8090243,-111.9069414,3926.0,CALL FIRST,f,USFS - check forest orders,USFS,17.43,260.0,34.759235,-112.25436,5499.0,,,OSM,,node/9358914126,
VP0007,viewpoint,Above Temples Viewpoint,38.4420252,-111.2058689,5963.0,NO-GO,,National Park Service,NPS,0.95,37.0,38.454654,-111.193649,5472.0,,"FAA AC 91-36D: pilots asked to stay >= 2,000 ft AGL over NPS, wilderness and refuges",OSM,,node/11703865935,
VP0008,viewpoint,Abraham Reservoir,39.4127296,-112.8344007,4603.0,LANDABLE,g,BLM land,BLM,0.0,,39.41273,-112.834401,4603.0,,,OSM,1425041,node/356671922,
VP0009,viewpoint,Abyss Viewpoint,38.5867362,-109.5320279,4518.0,LANDABLE,g,BLM land,BLM,0.0,,38.586736,-109.532028,4518.0,,,OSM,,node/9739857666,
VP0010,viewpoint,Ackerman Overlook,38.978712650000006,-104.81039881780876,6601.0,NO-GO,,Department of Defense,DOD,9.74,217.0,38.84966,-104.936852,7462.0,,DoD land: check restricted / military airspace,OSM,,way/694943466,
VP0011,viewpoint,Agua Canyon Overlook,37.516461,-112.2646434,8747.0,NO-GO,,National Park Service,NPS,3.02,90.0,37.51666,-112.201381,6977.0,,"FAA AC 91-36D: pilots asked to stay >= 2,000 ft AGL over NPS, wilderness and refuges",OSM,,node/4227530505,
VP0012,viewpoint,Air Force Academy Overlook,39.0286668,-104.9224983,8716.0,CALL FIRST,f,USFS - check forest orders,USFS,7.22,233.0,38.956682,-105.046246,8553.0,,,OSM,,node/3605464418,
VP0013,viewpoint,Aircraft Viewing Area,35.04921,-106.6135436,5318.0,OTHER,,Private,PVT,2.74,170.0,35.004105,-106.604045,5299.0,,,OSM,,node/9023400812,
VP0014,viewpoint,Aircraft Viewing Spot,39.6812685,-104.7506798,5672.0,OTHER,,Private,PVT,26.28,278.0,39.73999,-105.313114,6518.0,,,OSM,,node/6280111447,
VP0015,viewpoint,Airport Mesa Viewpoint,34.8558039,-111.7791227,4664.0,CALL FIRST,f,USFS - check forest orders,USFS,24.18,256.0,34.759235,-112.25436,5499.0,,,OSM,,node/5351892824,
VP0016,viewpoint,Ajo Mine Lookout,32.3644319,-112.8686552,1867.0,OTHER,,Private,PVT,0.61,211.0,32.35566,-112.874785,2028.0,,,OSM,,node/11470846731,
VP0017,viewpoint,Almost East Gemstone Peak,40.4105295,-105.5030006,8956.0,NO-LAND,a,Wilderness,NPS,4.14,210.0,40.35077,-105.548183,8396.0,,"FAA AC 91-36D: pilots asked to stay >= 2,000 ft AGL over NPS, wilderness and refuges",OSM,,node/14093356501,
VP0018,viewpoint,Alstrom Point,37.0589141,-111.3642203,4689.0,NO-GO,,National Park Service,NPS,4.6,0.0,37.135683,-111.363584,4670.0,,"FAA AC 91-36D: pilots asked to stay >= 2,000 ft AGL over NPS, wilderness and refuges",OSM,,node/1826305524,
VP0019,viewpoint,Alumni Overlook,40.4080425,-111.598202,7431.0,OTHER,,Private,PVT,5.17,72.0,40.43417,-111.490657,5499.0,,,OSM,,node/4812598300,
VP0020,viewpoint,Alvord Overlook,40.2071507,-111.390335,7460.0,CALL FIRST,f,USFS - check forest orders,USFS,11.82,220.0,40.055657,-111.554849,4892.0,,,OSM,,node/9580142343,
VP0021,viewpoint,Ambush Saddle Viewpoint,31.9049934,-109.2420275,6451.0,CALL FIRST,f,USFS - check forest orders,USFS,3.07,30.0,31.949308,-109.211732,5391.0,,,OSM,,node/1706552063,
VP0022,viewpoint,American Flag Mountain Overlook,38.9330163,-106.7178859,12683.0,CALL FIRST,f,USFS - check forest orders,USFS,9.69,223.0,38.814785,-106.859047,9664.0,,,OSM,,node/10241466671,
VP0023,viewpoint,Anderson Overlook,35.8728766,-106.2331482,6736.0,OTHER,,Private,PVT,3.82,107.0,35.854328,-106.15813,5481.0,,,OSM,,node/160829010,
VP0024,viewpoint,Andorra Valley Overlook,35.4643505,-105.9303058,6400.0,OTHER,,Private,PVT,2.65,155.0,35.424165,-105.907685,6276.0,,,OSM,,node/9709665025,
VP0025,viewpoint,Anemone Point,40.0189552,-105.3054089,6314.0,OTHER,,Private,PVT,1.37,298.0,40.029684,-105.331655,6125.0,,,OSM,,node/9284910951,
VP0026,viewpoint,Angel Point East Viewpoint,38.3062778,-110.511827,4921.0,LANDABLE,g,BLM land,BLM,0.0,,38.306278,-110.511827,4921.0,,,OSM,,node/3214953765,
VP0027,viewpoint,Angel Point West Viewpoint,38.3058109,-110.548412,4902.0,NO-LAND,b,Wilderness Study Area,BLM,0.03,295.0,38.30602,-110.548974,4910.0,,,OSM,,node/3214953767,
VP0028,viewpoint,Antelope House Overlook,36.156359,-109.4416004,6265.0,NO-GO,,National Park Service,NPS,36.47,148.0,35.639601,-109.046365,6973.0,,"FAA AC 91-36D: pilots asked to stay >= 2,000 ft AGL over NPS, wilderness and refuges",OSM,,node/11044742929,
VP0029,viewpoint,Antelope Point,36.9656745,-111.4362785,3696.0,NO-GO,,National Park Service,NPS,4.62,256.0,36.946868,-111.529424,4054.0,,"FAA AC 91-36D: pilots asked to stay >= 2,000 ft AGL over NPS, wilderness and refuges | Within 15 nm of Grand Canyon NP: check the Grand Canyon SFRA on the Grand Canyon VFR chart",OSM,,node/2144133507,
VP0030,viewpoint,Anticline Overlook,38.4667889,-109.627941,5728.0,LANDABLE,g,BLM land,BLM,0.0,,38.466789,-109.627941,5728.0,,,OSM,,node/3530840276,
VP0031,viewpoint,Antone Gap,40.9630676,-108.9150197,8410.0,LANDABLE,g,BLM land,BLM,0.0,,40.963068,-108.91502,8410.0,,,OSM,,node/3726161966,
VP0032,viewpoint,Apishapa State Wildlife Area,37.6535996,-104.2461568,5510.0,OTHER,,Local government,LG,7.77,17.0,37.777269,-104.197213,5034.0,,,OSM,,node/2430523664,
VP0033,viewpoint,Arch Canyon Overlook,37.5472429,-109.6727771,5263.0,NO-LAND,d,BLM National Monument / NCA,BLM,0.34,113.0,37.545015,-109.66628,4980.0,,,OSM,,node/3567216840,
VP0034,viewpoint,Arch Canyon Overlook,37.5709376,-109.7214957,6201.0,CALL FIRST,e,State land - state land office permission,ST,0.39,0.0,37.577449,-109.721462,6095.0,,,OSM,,node/9797493523,
VP0035,viewpoint,Area 51 Back Gate,37.5940349,-115.8988048,5088.0,LANDABLE,g,BLM land,BLM,0.0,,37.594035,-115.898805,5088.0,,,OSM,,node/8554608198,
VP0036,viewpoint,Arizona Boundary,35.3612811,-109.0469278,6182.0,OTHER,,Private,PVT,7.16,91.0,35.358738,-108.901058,6923.0,,,OSM,,node/7021856686,
VP0037,viewpoint,Arrastra Gulch,37.828203,-107.6263338,9606.0,OTHER,,Private,PVT,0.1,75.0,37.828632,-107.624301,9635.0,,,OSM,,node/9848945921,
VP0038,viewpoint,Arrowhead,37.0908135,-113.3718331,3186.0,CALL FIRST,e,State land - state land office permission,ST,0.22,90.0,37.090819,-113.367175,3161.0,,,OSM,,node/13042140100,
VP0039,viewpoint,Arthur Lakes Lookout,39.676016,-105.1928497,6204.0,OTHER,,Private,PVT,6.76,305.0,39.73999,-105.313114,6518.0,,,OSM,,node/9389221810,
VP0040,viewpoint,Artists Point,39.0729546,-108.7238015,6186.0,NO-GO,,National Park Service,NPS,1.43,215.0,39.053567,-108.741447,6491.0,,"FAA AC 91-36D: pilots asked to stay >= 2,000 ft AGL over NPS, wilderness and refuges",OSM,,node/1442789662,
VP0041,viewpoint,Artists Point Overlook,36.9573816,-110.0593076,5293.0,NO-LAND,c,Tribal land - tribal permission required,BIA,13.14,26.0,37.154951,-109.940393,3977.0,,,OSM,,node/1744565301,
VP0042,viewpoint,Atlatl Rock Petroglyphs,36.4230834,-114.55054,2218.0,CALL FIRST,e,State land - state land office permission,ST,1.33,204.0,36.402831,-114.561803,2690.0,,,OSM,,node/8868985950,
VP0043,viewpoint,Austin Roberts Vista,33.0339156,-108.1637647,6167.0,CALL FIRST,f,USFS - check forest orders,USFS,9.34,192.0,32.881553,-108.203494,7560.0,,,OSM,,node/12922620632,
VP0044,viewpoint,Aztec Spring Ranch,34.3286398,-110.4164819,6852.0,CALL FIRST,f,USFS - check forest orders,USFS,10.74,43.0,34.460292,-110.269537,5948.0,,,OSM,,node/10817104103,
VP0045,viewpoint,B-24 Wing,36.40964,-105.06814,10121.0,OTHER,,Private,PVT,9.05,201.0,36.268217,-105.13353,8923.0,,,OSM,,node/1592039630,
VP0046,viewpoint,BLM Ground,38.0668114,-117.1807498,5896.0,LANDABLE,g,BLM land,BLM,0.0,,38.066811,-117.18075,5896.0,,,OSM,,node/13101196861,
VP0047,viewpoint,BOULDER LAKE,39.7186734,-106.1933267,9751.0,NO-LAND,a,Wilderness,USFS,11.2,11.0,39.901814,-106.145815,8545.0,,"FAA AC 91-36D: pilots asked to stay >= 2,000 ft AGL over NPS, wilderness and refuges",OSM,,node/2411832106,
VP0048,viewpoint,Babad Do'ag Viewpoint,32.30943430000001,-110.72095602272829,3548.0,CALL FIRST,f,USFS - check forest orders,USFS,4.75,191.0,32.231528,-110.738547,2704.0,,,OSM,,way/336142841,
VP0049,viewpoint,Back Gate panorama,37.5945309,-115.8983991,5088.0,LANDABLE,g,BLM land,BLM,0.0,,37.594531,-115.898399,5088.0,,,OSM,,node/13101185548,
VP0050,viewpoint,Backcountry Camping,32.8062453,-106.2753737,3989.0,NO-GO,,National Park Service,NPS,7.02,93.0,32.80029,-106.136691,4040.0,,"FAA AC 91-36D: pilots asked to stay >= 2,000 ft AGL over NPS, wilderness and refuges",OSM,,node/4526505302,
VP0051,viewpoint,Balanced Rock View,38.5762248,-107.6972083,7735.0,NO-GO,,National Park Service,NPS,1.51,216.0,38.555745,-107.715971,8210.0,,"FAA AC 91-36D: pilots asked to stay >= 2,000 ft AGL over NPS, wilderness and refuges",OSM,1795308,node/358946064,
VP0052,viewpoint,Balanced Rock View,39.1079927,-108.7358771,5155.0,NO-GO,,National Park Service,NPS,1.59,61.0,39.120702,-108.705977,4558.0,,"FAA AC 91-36D: pilots asked to stay >= 2,000 ft AGL over NPS, wilderness and refuges",OSM,,node/4415862198,
VP0053,viewpoint,Balcony House Overlook,37.1654418,-108.463172,6793.0,NO-GO,,National Park Service,NPS,6.63,62.0,37.217878,-108.341288,6170.0,,"FAA AC 91-36D: pilots asked to stay >= 2,000 ft AGL over NPS, wilderness and refuges",OSM,,node/312427641,
VP0054,viewpoint,Bald Mountain Gate Area 51,37.4918959,-115.6927115,5771.0,LANDABLE,g,BLM land,BLM,0.0,,37.491896,-115.692712,5771.0,,,OSM,,node/12323668906,
VP0055,viewpoint,Bald Mountain Overlook,39.8871978,-111.6922434,8767.0,CALL FIRST,f,USFS - check forest orders,USFS,7.39,32.0,39.991733,-111.607214,8703.0,,,OSM,,node/7841310256,
VP0056,viewpoint,Barracks Overlook,37.1710749,-112.8210249,4968.0,NO-LAND,b,Wilderness Study Area,BLM,1.51,22.0,37.194418,-112.808982,5560.0,,,OSM,,node/9193969611,
VP0057,viewpoint,Barrier-Free Lookout,33.2783371,-111.1600985,2410.0,OTHER,,Private,PVT,3.3,218.0,33.234902,-111.200353,3182.0,,,OSM,,node/9109442936,
VP0058,viewpoint,Bartlett Wash Overlook,38.7017975,-109.819925,5433.0,LANDABLE,g,BLM land,BLM,0.0,,38.701798,-109.819925,5433.0,,,OSM,,node/3105240634,
VP0059,viewpoint,Bartzen Viewpoint,37.6160127,-112.8636246,9562.0,NO-GO,,National Park Service,NPS,3.62,303.0,37.648931,-112.927403,8331.0,,"FAA AC 91-36D: pilots asked to stay >= 2,000 ft AGL over NPS, wilderness and refuges",OSM,,node/11256599005,
VP0060,viewpoint,Basalt Ridge Overlook,33.7832748,-111.8567689,2640.0,OTHER,,Private,PVT,6.11,339.0,33.878728,-111.899905,3969.0,,,OSM,,node/4451562026,
VP0061,viewpoint,Base Camp View,36.4517279,-104.9841206,7788.0,OTHER,,Private,PVT,12.71,204.0,36.257166,-105.088678,8695.0,,,OSM,,node/5248186121,
VP0062,viewpoint,Base Camp View,36.4608372,-104.9635514,6834.0,OTHER,,Private,PVT,13.63,206.0,36.257166,-105.088678,8695.0,,,OSM,,node/5248183891,
VP0063,viewpoint,Basin Overlook,38.4793039,-109.7325755,5929.0,OTHER,,Private,PVT,0.05,180.0,38.478516,-109.732577,5374.0,,,OSM,,node/2296224270,
VP0064,viewpoint,Bat Cave,38.2101863,-105.8144465,9405.0,OTHER,,Private,PVT,0.06,249.0,38.209833,-105.815583,9285.0,,,OSM,,node/8268997846,
VP0065,viewpoint,Bath Tub,37.2466565,-113.3143286,3647.0,OTHER,,Private,PVT,0.08,0.0,37.247965,-113.314318,3659.0,,,OSM,,node/13135337899,
VP0066,viewpoint,Beacon Knob,41.0145737,-112.207851,4961.0,CALL FIRST,e,State land - state land office permission,ST,14.44,248.0,40.922857,-112.50172,4203.0,,,OSM,,node/5903037085,
VP0067,viewpoint,Bear Lake Overlook,41.9211444,-111.4568569,7592.0,CALL FIRST,f,USFS - check forest orders,USFS,7.82,110.0,41.875454,-111.293468,6030.0,,,OSM,,node/2405688803,
VP0068,viewpoint,Beaver Creek Overlook 1,38.5038923,-105.0059701,6076.0,LANDABLE,g,BLM land,BLM,0.0,,38.503892,-105.00597,6076.0,,,OSM,,node/13414440303,
VP0069,viewpoint,Beaver Creek Overlook 2,38.5001267,-105.00282,6024.0,LANDABLE,g,BLM land,BLM,0.0,,38.500127,-105.00282,6024.0,,,OSM,,node/13414369800,
VP0070,viewpoint,Beaver Creek Overlook 3,38.4972773,-105.0012707,5951.0,LANDABLE,g,BLM land,BLM,0.0,,38.497277,-105.001271,5951.0,,,OSM,,node/13414838719,
VP0071,viewpoint,Beaver Dam,39.0971695,-106.9467264,9584.0,CALL FIRST,f,USFS - check forest orders,USFS,6.66,343.0,39.203243,-106.989141,8325.0,,,OSM,,node/5013212206,
VP0072,viewpoint,Beaver Dam Overlook,39.9084007,-111.6471433,8373.0,CALL FIRST,f,USFS - check forest orders,USFS,5.32,20.0,39.991733,-111.607214,8703.0,,,OSM,,node/5808209390,
VP0073,viewpoint,Bedrock Overlook,38.3030089,-108.8802254,6049.0,LANDABLE,g,BLM land,BLM,0.0,,38.303009,-108.880225,6049.0,,,OSM,,node/13440595706,
VP0074,viewpoint,Behind the Rocks Overlook,38.4581909,-109.4770107,5700.0,LANDABLE,g,BLM land,BLM,0.0,,38.458191,-109.477011,5700.0,,,OSM,,node/11943027050,
VP0075,viewpoint,Bentonite Hills,38.3616725,-111.12797,5390.0,LANDABLE,g,BLM land,BLM,0.0,,38.361672,-111.12797,5390.0,,,OSM,,node/3227293628,
VP0076,viewpoint,Bet's Rock,35.0994222,-106.4364444,7647.0,NO-LAND,a,Wilderness,USFS,6.47,71.0,35.133641,-106.311808,6968.0,,"FAA AC 91-36D: pilots asked to stay >= 2,000 ft AGL over NPS, wilderness and refuges",OSM,,node/13854239330,
VP0077,viewpoint,Betatakin Overlook,36.6806426,-110.5341367,7064.0,NO-LAND,c,Tribal land - tribal permission required,BIA,34.28,357.0,37.251712,-110.577,5724.0,,,OSM,,node/150955976,
VP0078,viewpoint,Big Bend Viewpoint,37.2726313,-112.9466044,4407.0,NO-GO,,National Park Service,NPS,2.58,57.0,37.296002,-112.901293,6493.0,,"FAA AC 91-36D: pilots asked to stay >= 2,000 ft AGL over NPS, wilderness and refuges",OSM,,node/10737497749,
VP0079,viewpoint,Big Chief Overlook,38.520996,-109.7245253,5980.0,CALL FIRST,e,State land - state land office permission,ST,0.3,90.0,38.521001,-109.718076,4995.0,,,OSM,,node/2273998842,
VP0080,viewpoint,Big Fill Viewpoint,41.639458,-112.4741321,4405.0,NO-GO,,National Park Service,NPS,1.74,59.0,41.654338,-112.440901,4352.0,,"FAA AC 91-36D: pilots asked to stay >= 2,000 ft AGL over NPS, wilderness and refuges",OSM,,node/12212410491,
VP0081,viewpoint,Big Horn Overlook,38.4961361,-109.7484822,5797.0,CALL FIRST,e,State land - state land office permission,ST,0.08,270.0,38.496133,-109.750269,5322.0,,,OSM,,node/2297053289,
VP0082,viewpoint,Big Horn Viewpoint,37.6813325,-111.4488386,5360.0,NO-LAND,b,Wilderness Study Area,BLM,0.7,270.0,37.681368,-111.463504,5381.0,,,OSM,,node/1815072275,
VP0083,viewpoint,Big Island View,38.5728763,-107.694641,7672.0,NO-GO,,National Park Service,NPS,1.44,224.0,38.555745,-107.715971,8210.0,,"FAA AC 91-36D: pilots asked to stay >= 2,000 ft AGL over NPS, wilderness and refuges",OSM,1795309,node/358946067,
VP0084,viewpoint,Big Notch,37.7472215,-109.7620811,8286.0,CALL FIRST,f,USFS - check forest orders,USFS,3.87,104.0,37.731709,-109.683164,6634.0,,,OSM,,node/3558357618,
VP0085,viewpoint,Big horn canyon,37.6805382,-111.4558001,5331.0,NO-LAND,b,Wilderness Study Area,BLM,0.37,270.0,37.680557,-111.463507,5374.0,,,OSM,,node/12588303201,
VP0086,viewpoint,Bird Springs Overlook,36.9364815,-110.0614051,5132.0,NO-LAND,c,Tribal land - tribal permission required,BIA,14.32,24.0,37.154951,-109.940393,3977.0,,,OSM,,node/1744578577,
VP0087,viewpoint,Bird's View Butte & Crow's Head Spires Overlook,38.4948676,-109.769434,5797.0,LANDABLE,g,BLM land,BLM,0.0,,38.494868,-109.769434,5797.0,,,OSM,,node/3456328050,
VP0088,viewpoint,Birding Observatory,39.9329287,-104.7696416,5094.0,OTHER,,Private,PVT,24.48,271.0,39.936808,-105.299956,6518.0,,,OSM,,node/523116650,
VP0089,viewpoint,Bison Watching Spot,36.3205,-112.11207,8776.0,NO-GO,,National Park Service,NPS,20.87,206.0,36.006514,-112.297951,6166.0,,"FAA AC 91-36D: pilots asked to stay >= 2,000 ft AGL over NPS, wilderness and refuges | Inside Grand Canyon NP: Grand Canyon SFRA rules apply (14 CFR 93 Subpart U)",OSM,,node/1183476582,
VP0090,viewpoint,Black Arch Overlook,38.7972841,-109.6160343,5388.0,NO-GO,,National Park Service,NPS,1.13,47.0,38.810096,-109.5984,4798.0,,"FAA AC 91-36D: pilots asked to stay >= 2,000 ft AGL over NPS, wilderness and refuges",OSM,,node/720107328,
VP0091,viewpoint,Black Birch Canyon Overlook,37.494514,-112.254915,8752.0,NO-GO,,National Park Service,NPS,2.56,90.0,37.494861,-112.201207,7246.0,,"FAA AC 91-36D: pilots asked to stay >= 2,000 ft AGL over NPS, wilderness and refuges",OSM,,node/1024360300,
VP0092,viewpoint,Black Canyon Creek Overlook,40.6542508,-109.6277178,8465.0,CALL FIRST,f,USFS - check forest orders,USFS,3.88,198.0,40.592862,-109.654467,8094.0,,,OSM,,node/11360038869,
VP0093,viewpoint,Black Canyon Overlook,35.9924107,-114.7691328,2328.0,NO-LAND,a,Wilderness,NPS,5.25,270.0,35.993065,-114.876857,3515.0,,"FAA AC 91-36D: pilots asked to stay >= 2,000 ft AGL over NPS, wilderness and refuges",OSM,,node/3825335868,
VP0094,viewpoint,Black Dragon Canyon Viewpoint,38.940349,-110.482203,5364.0,LANDABLE,g,BLM land,BLM,0.0,,38.940349,-110.482203,5364.0,,,OSM,,node/3337016405,
VP0095,viewpoint,Black Jump Overlook,38.1061616,-110.4132596,5282.0,LANDABLE,g,BLM land,BLM,0.0,,38.106162,-110.41326,5282.0,,,OSM,,node/12887754693,
VP0096,viewpoint,Black ROck panorama,37.7756016,-115.9345646,6652.0,LANDABLE,g,BLM land,BLM,0.0,,37.775602,-115.934565,6652.0,,,OSM,,node/13516850386,
VP0097,viewpoint,Black Ridge Summit Overlook,37.2947438,-113.2749747,5588.0,LANDABLE,g,BLM land,BLM,0.0,,37.294744,-113.274975,5588.0,,,OSM,,node/1797922706,
VP0098,viewpoint,Black Velvet Canyon Overlook,36.0376265,-115.4442727,3848.0,NO-LAND,d,BLM National Monument / NCA,BLM,2.87,27.0,36.080191,-115.416993,3964.0,,,OSM,,node/877324958,
VP0099,viewpoint,Blair Lake Overlook,39.8045313,-107.4190977,11393.0,CALL FIRST,f,USFS - check forest orders,USFS,7.33,305.0,39.87434,-107.549306,7794.0,,,OSM,,node/11175057869,
VP0100,viewpoint,Blair Mountain Overlook,39.7993098,-107.4188248,11396.0,CALL FIRST,f,USFS - check forest orders,USFS,7.52,307.0,39.87434,-107.549306,7794.0,,,OSM,,node/11175057740,
VP0101,viewpoint,Blair Overlook,39.8152937,-107.4209708,11285.0,CALL FIRST,f,USFS - check forest orders,USFS,6.91,301.0,39.87434,-107.549306,7794.0,,,OSM,,node/11175057735,
VP0102,viewpoint,Blowout Pass,37.4651838,-106.4476279,11761.0,CALL FIRST,f,USFS - check forest orders,USFS,6.45,85.0,37.473723,-106.313088,9711.0,,,OSM,,node/2980378633,
VP0103,viewpoint,Blue Mesa Dam Overlook,38.4526012,-107.343279,7609.0,LANDABLE,g,BLM land,BLM,0.0,,38.452601,-107.343279,7609.0,,,OSM,,node/1431516371,
VP0104,viewpoint,Blue Mesa Viewpoint,34.9394579,-109.7562413,5586.0,NO-GO,,National Park Service,NPS,5.04,290.0,34.967812,-109.852511,5282.0,,"FAA AC 91-36D: pilots asked to stay >= 2,000 ft AGL over NPS, wilderness and refuges",OSM,,node/1739887802,
VP0105,viewpoint,Blue Pool Arch Viewpoint,37.0355556,-111.6308333,4075.0,NO-GO,,National Park Service,NPS,1.82,180.0,37.005209,-111.630832,4178.0,,"FAA AC 91-36D: pilots asked to stay >= 2,000 ft AGL over NPS, wilderness and refuges | Within 15 nm of Grand Canyon NP: check the Grand Canyon SFRA on the Grand Canyon VFR chart",OSM,,node/2121037539,
VP0106,viewpoint,Bob's Knob,40.4117368,-111.6122366,8461.0,CALL FIRST,f,USFS - check forest orders,USFS,5.73,76.0,40.43417,-111.490657,5499.0,,,OSM,,node/4812589475,
VP0107,viewpoint,Bobby's Rock,33.5176498,-111.9773364,1501.0,OTHER,,Private,PVT,5.69,148.0,33.436729,-111.917934,1160.0,,,OSM,,node/2169748009,
VP0108,viewpoint,Bodhi Tree,35.2048381,-106.4492455,9842.0,NO-LAND,a,Wilderness,PVT,6.13,26.0,35.29711,-106.39545,6599.0,,"FAA AC 91-36D: pilots asked to stay >= 2,000 ft AGL over NPS, wilderness and refuges",OSM,,node/11000971548,
VP0109,viewpoint,Bonita Vista,35.3612259,-111.5203261,6961.0,NO-GO,,National Park Service,NPS,11.32,95.0,35.345242,-111.290426,5726.0,,"FAA AC 91-36D: pilots asked to stay >= 2,000 ft AGL over NPS, wilderness and refuges",OSM,,node/10778272092,
VP0110,viewpoint,Book Cliffs View,39.1040382,-108.7272987,5699.0,NO-GO,,National Park Service,NPS,1.27,74.0,39.109888,-108.701185,4720.0,,"FAA AC 91-36D: pilots asked to stay >= 2,000 ft AGL over NPS, wilderness and refuges",OSM,,node/4415862199,
VP0111,viewpoint,Bourke Point View,36.21929,-111.9554,8464.0,NO-GO,,National Park Service,NPS,20.97,233.0,36.006514,-112.297951,6166.0,,"FAA AC 91-36D: pilots asked to stay >= 2,000 ft AGL over NPS, wilderness and refuges | Inside Grand Canyon NP: Grand Canyon SFRA rules apply (14 CFR 93 Subpart U)",OSM,,node/1183476403,
VP0112,viewpoint,Bowknot Bend Overlook,38.6045763,-110.039593,4747.0,NO-LAND,a,Wilderness,BLM,0.18,126.0,38.602821,-110.036497,3946.0,,"FAA AC 91-36D: pilots asked to stay >= 2,000 ft AGL over NPS, wilderness and refuges",OSM,,node/3214399845,
VP0113,viewpoint,Bowled Over,36.2211367,-114.6683897,1949.0,NO-LAND,a,Wilderness,NPS,0.91,270.0,36.221127,-114.687038,2155.0,,"FAA AC 91-36D: pilots asked to stay >= 2,000 ft AGL over NPS, wilderness and refuges",OSM,,node/11423755620,
VP0114,viewpoint,Box Canyon Overlook,38.6429798,-109.69174,5298.0,LANDABLE,g,BLM land,BLM,0.0,,38.64298,-109.69174,5298.0,,,OSM,,node/9194610263,
VP0115,viewpoint,Brainwash Bluff panorama,37.9007819,-116.5594864,6939.0,LANDABLE,g,BLM land,BLM,0.0,,37.900782,-116.559486,6939.0,,,OSM,,node/11153606777,
VP0116,viewpoint,Branson Overlook,32.3641899,-106.8802402,4504.0,NO-LAND,d,BLM National Monument / NCA,BLM,0.3,10.0,32.369103,-106.879261,4325.0,,,OSM,,node/9443773534,
VP0117,viewpoint,Brazos Ridge Overlook,36.9260219,-106.3557564,10740.0,CALL FIRST,f,USFS - check forest orders,USFS,10.1,66.0,36.994772,-106.163926,8885.0,,,OSM,,node/2444400604,
VP0118,viewpoint,Breakneck Pass,39.1485915,-106.0779006,10921.0,CALL FIRST,f,USFS - check forest orders,USFS,1.18,178.0,39.128995,-106.077103,10171.0,,,OSM,,node/2382873551,
VP0119,viewpoint,Bridal Veil Falls,32.9635907,-105.853678,5910.0,CALL FIRST,f,USFS - check forest orders,USFS,2.4,317.0,32.992915,-105.886082,5459.0,,,OSM,,node/11759272827,
VP0120,viewpoint,Bridge Canyon Viewpoint,35.2559808,-114.7271333,3686.0,NO-LAND,a,Wilderness,NPS,4.89,184.0,35.174625,-114.734744,2636.0,,"FAA AC 91-36D: pilots asked to stay >= 2,000 ft AGL over NPS, wilderness and refuges",OSM,,node/11421561293,
VP0121,viewpoint,Bridge Walkway,36.0142052,-114.7446202,1548.0,NO-GO,,National Park Service,NPS,6.44,270.0,36.014143,-114.876873,2788.0,,"FAA AC 91-36D: pilots asked to stay >= 2,000 ft AGL over NPS, wilderness and refuges",OSM,,node/2246997838,
VP0122,viewpoint,Bridge of Heaven,38.0385279,-107.6359277,12251.0,CALL FIRST,f,USFS - check forest orders,USFS,2.56,307.0,38.064349,-107.678838,8132.0,,,OSM,,node/12241580328,
VP0123,viewpoint,Bright Angel Point,36.1935055,-112.0486611,8071.0,NO-GO,,National Park Service,NPS,16.51,227.0,36.006514,-112.297951,6166.0,,"FAA AC 91-36D: pilots asked to stay >= 2,000 ft AGL over NPS, wilderness and refuges | Inside Grand Canyon NP: Grand Canyon SFRA rules apply (14 CFR 93 Subpart U)",OSM,,node/1414803493,
VP0124,viewpoint,Bright Angel Trailhead,36.0572825,-112.1436308,6790.0,NO-GO,,National Park Service,NPS,8.1,248.0,36.006514,-112.297951,6166.0,,"FAA AC 91-36D: pilots asked to stay >= 2,000 ft AGL over NPS, wilderness and refuges | Inside Grand Canyon NP: Grand Canyon SFRA rules apply (14 CFR 93 Subpart U)",OSM,,node/3241200192,
VP0125,viewpoint,Broomfield County Highpoint,39.9104876,-105.165393,5850.0,OTHER,,Private,PVT,6.31,280.0,39.927871,-105.300136,6597.0,,,OSM,,node/2623805413,
VP0126,viewpoint,Brother's Lookout,39.6264281,-105.3486522,7786.0,OTHER,,Private,PVT,5.26,227.0,39.566048,-105.431078,9643.0,,,OSM,,node/956638523,
VP0127,viewpoint,Browns Lake Overlook,40.6116976,-105.6927372,11143.0,NO-LAND,a,Wilderness,USFS,16.92,158.0,40.350777,-105.552046,8688.0,,"FAA AC 91-36D: pilots asked to stay >= 2,000 ft AGL over NPS, wilderness and refuges",OSM,,node/1267774999,
VP0128,viewpoint,Browns Pass,39.1746314,-106.0968478,11389.0,CALL FIRST,f,USFS - check forest orders,USFS,2.61,97.0,39.169303,-106.041245,10029.0,,,OSM,,node/2382804250,
VP0129,viewpoint,Brush Creek Canyon Overlook,40.6452119,-109.522074,8116.0,CALL FIRST,f,USFS - check forest orders,USFS,3.08,178.0,40.593889,-109.519473,6230.0,,,OSM,,node/8162289241,
VP0130,viewpoint,Bryce Point,37.6057765,-112.1574137,8182.0,NO-GO,,National Park Service,NPS,1.36,90.0,37.605764,-112.128866,7016.0,,"FAA AC 91-36D: pilots asked to stay >= 2,000 ft AGL over NPS, wilderness and refuges",OSM,,node/10681965030,
VP0131,viewpoint,Buck Canyon Overlook,38.3459608,-109.8603673,6265.0,NO-GO,,National Park Service,NPS,4.9,130.0,38.293747,-109.780559,3920.0,,"FAA AC 91-36D: pilots asked to stay >= 2,000 ft AGL over NPS, wilderness and refuges",OSM,,node/759280962,
VP0132,viewpoint,Buckskin Overlook,37.0074535,-111.9947496,4797.0,NO-LAND,a,Wilderness,BLM,1.57,299.0,37.020041,-112.023419,4865.0,,"FAA AC 91-36D: pilots asked to stay >= 2,000 ft AGL over NPS, wilderness and refuges",OSM,,node/1773897703,
VP0133,viewpoint,Buffalo Herd Overlook,39.7115078,-105.2990056,7673.0,OTHER,,Private,PVT,1.83,339.0,39.73999,-105.313114,6518.0,,,OSM,,node/619055610,
VP0134,viewpoint,Buggeln,35.9793002,-111.9558723,7309.0,NO-GO,,National Park Service,NPS,16.67,273.0,35.991906,-112.297917,6168.0,,"FAA AC 91-36D: pilots asked to stay >= 2,000 ft AGL over NPS, wilderness and refuges | Inside Grand Canyon NP: Grand Canyon SFRA rules apply (14 CFR 93 Subpart U)",OSM,,node/7005455486,
VP0135,viewpoint,Bull Canyon Viewpoint,33.7569885,-110.8587831,4711.0,CALL FIRST,f,USFS - check forest orders,USFS,18.38,175.0,33.450983,-110.829887,3220.0,,,OSM,,node/10711365794,
VP0136,viewpoint,Bull Pasture Overlook,38.2627239,-110.432588,5423.0,NO-LAND,b,Wilderness Study Area,BLM,0.0,62.0,38.26273,-110.432574,5423.0,,,OSM,,node/3228431467,
VP0137,viewpoint,Bull Pasture Viewpoint,32.0126955,-112.6978677,3369.0,NO-LAND,a,Wilderness,NPS,11.35,352.0,32.200584,-112.727442,2442.0,,"FAA AC 91-36D: pilots asked to stay >= 2,000 ft AGL over NPS, wilderness and refuges",OSM,,node/11285101776,
VP0138,viewpoint,Bullfrog Canyon Overlook,37.6790967,-110.8372191,4952.0,LANDABLE,g,BLM land,BLM,0.0,,37.679097,-110.837219,4952.0,,,OSM,,node/83152148,
VP0139,viewpoint,Burma Trail Viewpoint,37.0940301,-113.186512,5369.0,LANDABLE,g,BLM land,BLM,0.0,,37.09403,-113.186512,5369.0,,,OSM,,node/4520847700,
VP0140,viewpoint,Burr Point Overlook,38.1714982,-110.4614707,5553.0,LANDABLE,g,BLM land,BLM,0.0,,38.171498,-110.461471,5553.0,,,OSM,,node/1621652119,
VP0141,viewpoint,Bza,40.9003985,-109.4691203,6565.0,CALL FIRST,f,USFS - check forest orders,USFS,3.66,5.0,40.961276,-109.462248,6558.0,,,OSM,,node/11360025869,
VP0142,viewpoint,C-overlook,37.6424728,-113.034543,8238.0,LANDABLE,g,BLM land,BLM,0.0,,37.642473,-113.034543,8238.0,,,OSM,,node/2871756721,
VP0143,viewpoint,CDT Chama Basin Overview,37.0455559,-106.5125469,11255.0,CALL FIRST,f,USFS - check forest orders,USFS,12.52,271.0,37.047799,-106.773105,7897.0,,,OSM,,node/12107075988,
VP0144,viewpoint,Cabin ruins,39.4201139,-106.1680662,11467.0,OTHER,,Private,PVT,4.18,211.0,39.360322,-106.214222,11302.0,,,OSM,,node/4975799122,
VP0145,viewpoint,Cactus Forest Overlook,32.1983561,-110.7350347,2952.0,NO-GO,,National Park Service,NPS,1.37,353.0,32.220984,-110.738488,2764.0,,"FAA AC 91-36D: pilots asked to stay >= 2,000 ft AGL over NPS, wilderness and refuges",OSM,,node/5241563121,
VP0146,viewpoint,Calf Creek Viewpoint,37.8307037,-111.4149854,6296.0,NO-LAND,b,Wilderness Study Area,BLM,1.61,360.0,37.857515,-111.415014,6058.0,,,OSM,,node/5220850386,
VP0147,viewpoint,Calico I,36.146294,-115.4308244,3938.0,NO-LAND,d,BLM National Monument / NCA,BLM,2.66,152.0,36.107154,-115.40516,4767.0,,,OSM,,node/3700454628,
VP0148,viewpoint,Calico II,36.1518425,-115.4372502,4055.0,NO-LAND,d,BLM National Monument / NCA,BLM,3.1,150.0,36.107154,-115.40516,4767.0,,,OSM,,node/3217353646,
VP0149,viewpoint,Camel Butte Overlook,36.9515249,-110.0827113,5288.0,NO-LAND,c,Tribal land - tribal permission required,BIA,13.98,29.0,37.154951,-109.940393,3977.0,,,OSM,,node/4802792821,
VP0150,viewpoint,Canaan Mountain Highpoint,37.0738889,-113.0383333,7358.0,NO-LAND,a,Wilderness,BLM,0.96,181.0,37.05784,-113.038781,5214.0,,"FAA AC 91-36D: pilots asked to stay >= 2,000 ft AGL over NPS, wilderness and refuges",OSM,,node/2218222898,
VP0151,viewpoint,Candlestick Tower Overlook,38.3744185,-109.8691685,6121.0,NO-GO,,National Park Service,NPS,5.77,108.0,38.344472,-109.753011,4390.0,,"FAA AC 91-36D: pilots asked to stay >= 2,000 ft AGL over NPS, wilderness and refuges",OSM,,node/4401924190,
VP0152,viewpoint,Canon Del Agua Overlook,35.2352466,-106.4570616,10394.0,NO-LAND,a,Wilderness,USFS,4.79,39.0,35.29711,-106.39545,6599.0,,"FAA AC 91-36D: pilots asked to stay >= 2,000 ft AGL over NPS, wilderness and refuges",OSM,,node/10995115407,
VP0153,viewpoint,Canyon Overlook,34.9313825,-111.7609515,6850.0,NO-LAND,a,Wilderness,USFS,26.46,247.0,34.759235,-112.25436,5499.0,,"FAA AC 91-36D: pilots asked to stay >= 2,000 ft AGL over NPS, wilderness and refuges",OSM,,node/2152575053,
VP0154,viewpoint,Canyon Overlook,37.1740283,-112.8134867,5030.0,NO-LAND,b,Wilderness Study Area,BLM,1.24,10.0,37.194418,-112.808982,5560.0,,,OSM,,node/9213075384,
VP0155,viewpoint,Canyon Overlook,37.213335,-112.9459658,5289.0,NO-GO,,National Park Service,NPS,3.87,53.0,37.25239,-112.88158,6372.0,,"FAA AC 91-36D: pilots asked to stay >= 2,000 ft AGL over NPS, wilderness and refuges",OSM,,node/1579907364,
VP0156,viewpoint,Canyon Overlook,37.383532,-109.0756855,5199.0,NO-GO,,National Park Service,NPS,0.11,180.0,37.381738,-109.075692,5209.0,,"FAA AC 91-36D: pilots asked to stay >= 2,000 ft AGL over NPS, wilderness and refuges",OSM,,node/1287060382,
VP0157,viewpoint,Canyon Overlook,40.7705018,-111.8185958,5459.0,CALL FIRST,f,USFS - check forest orders,USFS,2.67,157.0,40.729412,-111.795953,5691.0,,,OSM,,node/4497222586,
VP0158,viewpoint,Canyonlands Overlook,38.4043536,-109.7092945,5855.0,LANDABLE,g,BLM land,BLM,0.0,,38.404354,-109.709294,5855.0,,,OSM,,node/3458329270,
VP0159,viewpoint,Cape Royal,36.1172234,-111.9487914,7804.0,NO-GO,,National Park Service,NPS,18.23,249.0,36.006514,-112.297951,6166.0,,"FAA AC 91-36D: pilots asked to stay >= 2,000 ft AGL over NPS, wilderness and refuges | Inside Grand Canyon NP: Grand Canyon SFRA rules apply (14 CFR 93 Subpart U)",OSM,,node/1414803509,
VP0160,viewpoint,Caprock View,34.9830539,-103.3577846,4845.0,OTHER,,Private,PVT,8.62,315.0,35.085262,-103.480977,3986.0,,,OSM,,node/2629340856,
VP0161,viewpoint,Carl's Point,39.7514432,-105.1626917,6026.0,OTHER,,Private,PVT,6.98,266.0,39.743564,-105.313077,6827.0,,,OSM,,node/321937546,
VP0162,viewpoint,Carol Karlin Overlook,39.6705918,-105.3630501,7697.0,OTHER,,Private,PVT,4.23,8.0,39.74056,-105.35087,6674.0,,,OSM,,node/2423104958,
VP0163,viewpoint,Carson Valley Viewpoint,39.2363536,-119.7246229,6447.0,LANDABLE,g,BLM land,BLM,0.0,,39.236354,-119.724623,6447.0,,,OSM,,node/12885325263,
VP0164,viewpoint,Cascade Falls,38.7095571,-106.2401875,8940.0,CALL FIRST,f,USFS - check forest orders,USFS,4.89,96.0,38.701366,-106.136639,8300.0,,,OSM,,node/5125401040,
VP0165,viewpoint,Casey House,33.2938248,-111.9440906,1164.0,OTHER,,Private,PVT,8.44,9.0,33.432999,-111.917835,1128.0,,,OSM,,node/5180126724,
VP0166,viewpoint,Cashin Mine Overlook,38.3117645,-108.9481518,5587.0,OTHER,,Private,PVT,0.02,314.0,38.312054,-108.948527,5562.0,,,OSM,,node/13451999446,
VP0167,viewpoint,Castle Rock,37.2952778,-111.9066667,5960.0,NO-LAND,b,Wilderness Study Area,BLM,0.52,108.0,37.292585,-111.896311,4960.0,,,OSM,,node/2422715346,
VP0168,viewpoint,Castle Valley Overlook,38.633173,-109.334735,6866.0,LANDABLE,g,BLM land,BLM,0.0,,38.633173,-109.334735,6866.0,,,OSM,,node/9554505879,
VP0169,viewpoint,Castle Valley Overlook,38.6776505,-109.459569,5448.0,LANDABLE,g,BLM land,BLM,0.0,,38.67765,-109.459569,5448.0,,,OSM,,node/9359676992,
VP0170,viewpoint,Castle Valley Overlook 1,38.5943978,-109.3773327,6805.0,LANDABLE,g,BLM land,BLM,0.0,,38.594398,-109.377333,6805.0,,,OSM,,node/433545074,
VP0171,viewpoint,Castle Valley Overlook 2,38.6001946,-109.3866236,6690.0,LANDABLE,g,BLM land,BLM,0.0,,38.600195,-109.386624,6690.0,,,OSM,,node/9362454639,
VP0172,viewpoint,Castle Valley Overlook 3,38.6071686,-109.394791,6789.0,LANDABLE,g,BLM land,BLM,0.0,,38.607169,-109.394791,6789.0,,,OSM,,node/13308559934,
VP0173,viewpoint,Castleton Tower Overlook,38.6403579,-109.3444981,6510.0,LANDABLE,g,BLM land,BLM,0.0,,38.640358,-109.344498,6510.0,,,OSM,,node/9554505877,
VP0174,viewpoint,Cat's Pause Overlook,35.472536,-105.93469,6480.0,OTHER,,Private,PVT,3.19,155.0,35.424165,-105.907685,6276.0,,,OSM,,node/7443697643,
VP0175,viewpoint,Catamount Overlook,39.5133963,-105.3784216,9417.0,OTHER,,Local government,LG,3.98,322.0,39.565841,-105.431093,9643.0,,,OSM,,node/5222399400,
VP0176,viewpoint,Cataract rapids (Waterfall),39.7364527,-105.3757359,6788.0,OTHER,,Private,PVT,1.18,78.0,39.74056,-105.35087,6674.0,,,OSM,,node/5845122278,
VP0177,viewpoint,Cathedral Cave,37.8234305,-114.4128604,4836.0,CALL FIRST,e,State land - state land office permission,ST,0.23,90.0,37.823441,-114.408064,4947.0,,,OSM,,node/7966699086,
VP0178,viewpoint,Cathedral Rock Viewpoint,34.8191917,-111.792256,4792.0,CALL FIRST,f,USFS - check forest orders,USFS,23.12,261.0,34.759235,-112.25436,5499.0,,,OSM,,node/2152145878,
VP0179,viewpoint,Cathedral Spires,38.8735186,-104.7672134,6536.0,OTHER,,Private,PVT,7.21,248.0,38.828032,-104.909534,7606.0,,,OSM,,node/10162332101,
VP0180,viewpoint,Cathedral Vista Point,31.8865064,-109.1719885,5131.0,CALL FIRST,f,USFS - check forest orders,USFS,2.9,354.0,31.934716,-109.177583,5338.0,,,OSM,,node/1782273516,
VP0181,viewpoint,Cattle Guard Viewing Area,37.0531747,-112.712904,6084.0,CALL FIRST,e,State land - state land office permission,ST,0.07,270.0,37.053175,-112.714303,6097.0,,,OSM,,node/9536038034,
VP0182,viewpoint,Cave,36.897338,-111.4421463,4376.0,OTHER,,Private,PVT,4.38,286.0,36.917859,-111.529415,3998.0,,Within 15 nm of Grand Canyon NP: check the Grand Canyon SFRA on the Grand Canyon VFR chart,OSM,,node/12043860329,
VP0183,viewpoint,Cañon La Cueva Overlook,35.2098885,-106.4599689,8974.0,NO-LAND,a,Wilderness,USFS,6.11,31.0,35.29711,-106.39545,6599.0,,"FAA AC 91-36D: pilots asked to stay >= 2,000 ft AGL over NPS, wilderness and refuges",OSM,,node/9910707113,
VP0184,viewpoint,Cedar Gate panorama,37.7430367,-116.2193763,6088.0,LANDABLE,g,BLM land,BLM,0.0,,37.743037,-116.219376,6088.0,,,OSM,,node/13101185547,
VP0185,viewpoint,Cedar Mountain Overlook,39.175032,-110.6393115,7586.0,LANDABLE,g,BLM land,BLM,0.0,,39.175032,-110.639312,7586.0,,,OSM,,node/11464644373,
VP0186,viewpoint,Cedar Point,38.5769295,-107.7226643,7835.0,NO-LAND,a,Wilderness,NPS,1.27,181.0,38.555797,-107.722924,8358.0,,"FAA AC 91-36D: pilots asked to stay >= 2,000 ft AGL over NPS, wilderness and refuges",OSM,186870,node/1323146899,
VP0187,viewpoint,Cedar Wash Arch Photopoint,37.6600695,-111.5402067,5579.0,LANDABLE,g,BLM land,BLM,0.0,,37.66007,-111.540207,5579.0,,,OSM,,node/1806394304,
VP0188,viewpoint,Centella Point,31.88215,-109.2682343,9256.0,NO-LAND,a,Wilderness,USFS,4.95,36.0,31.949308,-109.211732,5391.0,,"FAA AC 91-36D: pilots asked to stay >= 2,000 ft AGL over NPS, wilderness and refuges",OSM,2686,node/359244092,
VP0189,viewpoint,Center Camp Plaza,40.7773719,-119.2156124,3906.0,NO-LAND,d,BLM National Monument / NCA,BLM,1.77,180.0,40.747782,-119.215591,3908.0,,,OSM,,node/12109309448,
VP0190,viewpoint,Chaco Canyon,36.0560596,-107.9583744,6136.0,NO-GO,,National Park Service,NPS,2.37,327.0,36.089093,-107.985218,6327.0,,"FAA AC 91-36D: pilots asked to stay >= 2,000 ft AGL over NPS, wilderness and refuges",OSM,,node/7344918886,
VP0191,viewpoint,Chain Reaction,37.0962002,-113.3735123,3121.0,OTHER,,Private,PVT,0.3,90.0,37.096208,-113.367186,3098.0,,,OSM,,node/13042169601,
VP0192,viewpoint,Chaplain Point,40.1664505,-111.1874754,7622.0,CALL FIRST,f,USFS - check forest orders,USFS,13.85,182.0,39.935555,-111.198025,6255.0,,,OSM,,node/7807263878,
VP0193,viewpoint,Charlie Taylor Water Wheel,39.7404529,-105.5159293,7532.0,OTHER,,Private,PVT,1.34,26.0,39.760444,-105.503219,8878.0,,,OSM,,node/947586528,
VP0194,viewpoint,Chasm View,38.5814377,-107.714373,7582.0,NO-GO,,National Park Service,NPS,1.48,0.0,38.606105,-107.714283,8242.0,,"FAA AC 91-36D: pilots asked to stay >= 2,000 ft AGL over NPS, wilderness and refuges",OSM,1795272,node/1323146992,
VP0195,viewpoint,Chautauqua Trail Overlook,39.9958489,-105.2862005,5882.0,OTHER,,Local government,LG,2.91,313.0,40.028655,-105.33274,6098.0,,,OSM,,node/14092193101,
VP0196,viewpoint,Chawalauna Overlook,36.6821832,-105.6837595,7490.0,NO-LAND,d,BLM National Monument / NCA,BLM,3.58,52.0,36.71892,-105.625155,7606.0,,,OSM,,node/537214296,
VP0197,viewpoint,Checkerboard Mesa,37.2302487,-112.8787483,5655.0,NO-GO,,National Park Service,NPS,1.11,104.0,37.225798,-112.85629,6423.0,,"FAA AC 91-36D: pilots asked to stay >= 2,000 ft AGL over NPS, wilderness and refuges",OSM,,node/4810807521,
VP0198,viewpoint,Chesler Park Trail,38.1248171,-109.8345162,5378.0,NO-GO,,National Park Service,NPS,3.8,180.0,38.061475,-109.834612,5864.0,,"FAA AC 91-36D: pilots asked to stay >= 2,000 ft AGL over NPS, wilderness and refuges",OSM,,node/4828747723,
VP0199,viewpoint,Chesler Park Viewpoint,38.1035533,-109.8570595,5623.0,NO-GO,,National Park Service,NPS,2.53,180.0,38.061289,-109.857134,5682.0,,"FAA AC 91-36D: pilots asked to stay >= 2,000 ft AGL over NPS, wilderness and refuges",OSM,,node/2351320072,
VP0200,viewpoint,Chessmen Ridge Overlook,37.6307213,-112.8325538,10466.0,NO-GO,,National Park Service,NPS,4.65,284.0,37.648931,-112.927403,8331.0,,"FAA AC 91-36D: pilots asked to stay >= 2,000 ft AGL over NPS, wilderness and refuges",OSM,,node/1508433637,
VP0201,viewpoint,Chicago Lakes Lookout,39.6017954,-105.6423137,12845.0,OTHER,,Private,PVT,7.95,141.0,39.498281,-105.535413,8950.0,,,OSM,,node/1771481014,
VP0202,viewpoint,Chicken Corner,38.4505721,-109.7153676,4436.0,LANDABLE,g,BLM land,BLM,0.0,,38.450572,-109.715368,4436.0,,,OSM,,node/3467729917,
VP0203,viewpoint,Chicken Corners,38.4413993,-109.7374388,4376.0,LANDABLE,g,BLM land,BLM,0.0,,38.441399,-109.737439,4376.0,,,OSM,,node/1832245678,
VP0204,viewpoint,Chicken Point,34.8290266,-111.7548022,4577.0,CALL FIRST,f,USFS - check forest orders,USFS,25.04,261.0,34.759235,-112.25436,5499.0,,,OSM,,node/4785251394,
VP0205,viewpoint,Chimney Rock Overlook,38.313766,-111.297791,6556.0,NO-GO,,National Park Service,NPS,1.08,256.0,38.309477,-111.320012,6276.0,,"FAA AC 91-36D: pilots asked to stay >= 2,000 ft AGL over NPS, wilderness and refuges",OSM,,node/6853048091,
VP0206,viewpoint,Chimney Rock Overlook,38.8640458,-110.8139008,7234.0,LANDABLE,g,BLM land,BLM,0.0,,38.864046,-110.813901,7234.0,,,OSM,,node/11472458870,
VP0207,viewpoint,Chimney Rock Viewpoint,36.3381216,-106.4838459,7013.0,CALL FIRST,f,USFS - check forest orders,USFS,4.15,360.0,36.407378,-106.48403,7132.0,,,OSM,,node/13832174383,
VP0208,viewpoint,Chinde Point,35.0867338,-109.7958916,5770.0,NO-GO,,National Park Service,NPS,4.12,224.0,35.036882,-109.853605,5374.0,,"FAA AC 91-36D: pilots asked to stay >= 2,000 ft AGL over NPS, wilderness and refuges",OSM,2860,node/359244291,
VP0209,viewpoint,Chiricahua Mountains Wildernes,32.0146092,-109.3182617,6835.0,NO-GO,,National Park Service,NPS,3.67,90.0,32.014627,-109.246266,5386.0,,"FAA AC 91-36D: pilots asked to stay >= 2,000 ft AGL over NPS, wilderness and refuges",OSM,,node/10739316698,
VP0210,viewpoint,Christmas Rock Overlook,38.9166646,-104.8854449,7004.0,OTHER,,Private,PVT,4.68,211.0,38.84966,-104.936852,7462.0,,,OSM,,node/9866277170,
VP0211,viewpoint,Cinder Hills Overlook,35.3714257,-111.4900875,7064.0,NO-GO,,National Park Service,NPS,9.92,99.0,35.345242,-111.290426,5726.0,,"FAA AC 91-36D: pilots asked to stay >= 2,000 ft AGL over NPS, wilderness and refuges",OSM,,node/876581448,
VP0212,viewpoint,Citadel Overlook,37.3909845,-109.8126729,5800.0,NO-LAND,b,Wilderness Study Area,BLM,0.84,333.0,37.403445,-109.820537,5941.0,,,OSM,,node/10977881706,
VP0213,viewpoint,City Overlook,35.1992303,-111.6621747,7159.0,OTHER,,Private,PVT,19.89,67.0,35.330725,-111.290431,5855.0,,,OSM,,node/4814822823,
VP0214,viewpoint,Clear Creek Reservoir Overlook,39.0262784,-106.3415411,12221.0,CALL FIRST,f,USFS - check forest orders,USFS,1.44,84.0,39.028608,-106.310983,9926.0,,,OSM,,node/11034740757,
VP0215,viewpoint,Cliff Canyon,37.1620266,-108.471719,6779.0,NO-GO,,National Park Service,NPS,7.09,62.0,37.217878,-108.341288,6170.0,,"FAA AC 91-36D: pilots asked to stay >= 2,000 ft AGL over NPS, wilderness and refuges",OSM,,node/1137771501,
VP0216,viewpoint,Cliff Palace Overlook,37.1652292,-108.4755084,6799.0,NO-GO,,National Park Service,NPS,7.17,64.0,37.217878,-108.341288,6170.0,,"FAA AC 91-36D: pilots asked to stay >= 2,000 ft AGL over NPS, wilderness and refuges",OSM,,node/1137854972,
VP0217,viewpoint,Cliff Rock Viewpoint,39.1009105,-119.8650958,6602.0,CALL FIRST,f,USFS - check forest orders,USFS,4.0,76.0,39.117563,-119.782122,5020.0,,,OSM,,node/12520907395,
VP0218,viewpoint,Clock Tower,39.6226017,-104.889295,5614.0,OTHER,,Private,PVT,20.86,290.0,39.73999,-105.313114,6518.0,,,OSM,,node/5349960891,
VP0219,viewpoint,Cly Butte Overlook,36.9513794,-110.0665469,5244.0,NO-LAND,c,Tribal land - tribal permission required,BIA,13.62,26.0,37.154951,-109.940393,3977.0,,,OSM,,node/4802793223,
VP0220,viewpoint,Coalmine Canyon Viewpoint,36.0139005,-111.0468629,5818.0,NO-LAND,c,Tribal land - tribal permission required,BIA,21.1,220.0,35.742488,-111.322515,4198.0,,,OSM,,node/1824718182,
VP0221,viewpoint,Coconino Overlook,36.2154159,-112.0530344,7742.0,NO-GO,,National Park Service,NPS,17.28,224.0,36.006514,-112.297951,6166.0,,"FAA AC 91-36D: pilots asked to stay >= 2,000 ft AGL over NPS, wilderness and refuges | Inside Grand Canyon NP: Grand Canyon SFRA rules apply (14 CFR 93 Subpart U)",OSM,,node/476051810,
VP0222,viewpoint,Cocophanto Elaphanto Peak,37.066421,-113.4171576,4004.0,LANDABLE,g,BLM land,BLM,0.0,,37.066421,-113.417158,4004.0,,,OSM,,node/13042123286,
VP0223,viewpoint,Cold Shivers Point,39.0312445,-108.6545436,6095.0,NO-GO,,National Park Service,NPS,0.76,197.0,39.019112,-108.659418,6401.0,,"FAA AC 91-36D: pilots asked to stay >= 2,000 ft AGL over NPS, wilderness and refuges",OSM,,node/1718434265,
VP0224,viewpoint,Colorado Overlook,35.9708362,-114.7274872,1599.0,NO-GO,,National Park Service,NPS,7.31,275.0,35.982166,-114.876904,2809.0,,"FAA AC 91-36D: pilots asked to stay >= 2,000 ft AGL over NPS, wilderness and refuges",OSM,,node/1658981513,
VP0225,viewpoint,Colorado River Overlook,38.2157861,-109.8298722,4886.0,NO-GO,,National Park Service,NPS,1.94,94.0,38.213632,-109.788992,4811.0,,"FAA AC 91-36D: pilots asked to stay >= 2,000 ft AGL over NPS, wilderness and refuges",OSM,,node/1832245682,
VP0226,viewpoint,Colorado River Overlook,38.4429654,-109.690943,4192.0,LANDABLE,g,BLM land,BLM,0.0,,38.442965,-109.690943,4192.0,,,OSM,,node/2262209953,
VP0227,viewpoint,Colorado River Overlook,38.450621,-109.7186538,4352.0,CALL FIRST,e,State land - state land office permission,ST,0.11,90.0,38.450624,-109.716395,4332.0,,,OSM,,node/10575186524,
VP0228,viewpoint,Colorado River Overlook,38.4936181,-109.7294065,5911.0,CALL FIRST,e,State land - state land office permission,ST,0.1,90.0,38.493621,-109.727247,5893.0,,,OSM,,node/3455781205,
VP0229,viewpoint,Colorado River Overlook,38.6075393,-109.5354,4499.0,LANDABLE,g,BLM land,BLM,0.0,,38.607539,-109.5354,4499.0,,,OSM,,node/1556400347,
VP0230,viewpoint,Colorado River Overlook,38.6788915,-109.4925986,5192.0,LANDABLE,g,BLM land,BLM,0.0,,38.678892,-109.492599,5192.0,,,OSM,,node/9554582712,
VP0231,viewpoint,Colorado River View,36.1045485,-112.0917073,3085.0,NO-GO,,National Park Service,NPS,11.63,240.0,36.006514,-112.297951,6166.0,,"FAA AC 91-36D: pilots asked to stay >= 2,000 ft AGL over NPS, wilderness and refuges | Inside Grand Canyon NP: Grand Canyon SFRA rules apply (14 CFR 93 Subpart U)",OSM,,node/1467648247,
VP0232,viewpoint,Comanche Reservoir Overlook,40.5966763,-105.6747546,10330.0,NO-LAND,a,Wilderness,USFS,15.78,159.0,40.350777,-105.552046,8688.0,,"FAA AC 91-36D: pilots asked to stay >= 2,000 ft AGL over NPS, wilderness and refuges",OSM,,node/1267687529,
VP0233,viewpoint,Comb Ridge,37.4954667,-109.6460369,5299.0,LANDABLE,g,BLM land,BLM,0.0,,37.495467,-109.646037,5299.0,,,OSM,,node/83720003,
VP0234,viewpoint,Comb Wash Overlook,37.5854442,-109.6897868,5879.0,NO-LAND,d,BLM National Monument / NCA,BLM,1.15,246.0,37.577584,-109.711818,5927.0,,,OSM,,node/9797493187,
VP0235,viewpoint,Comb Wash Overlook,37.6005349,-109.6715004,6139.0,NO-LAND,d,BLM National Monument / NCA,BLM,0.41,333.0,37.606644,-109.675402,5754.0,,,OSM,,node/10295847257,
VP0236,viewpoint,Competition Hill,37.057403,-113.4097175,4079.0,LANDABLE,g,BLM land,BLM,0.0,,37.057403,-113.409718,4079.0,,,OSM,,node/13042150172,
VP0237,viewpoint,Confluence Overlook,38.1818868,-109.880988,4874.0,NO-GO,,National Park Service,NPS,4.59,71.0,38.206397,-109.789006,4808.0,,"FAA AC 91-36D: pilots asked to stay >= 2,000 ft AGL over NPS, wilderness and refuges",OSM,,node/1832245685,
VP0238,viewpoint,Continental Divide Overlook,39.9279297,-105.2979939,6757.0,OTHER,,Private,PVT,0.1,271.0,39.927967,-105.300133,6597.0,,,OSM,,node/530425880,
VP0239,viewpoint,Copper Mine Overlook,40.5016268,-112.1771658,8979.0,OTHER,,Private,PVT,0.88,293.0,40.507406,-112.194747,7662.0,,,OSM,,node/454739090,
VP0240,viewpoint,Corkscrew Pass Viewpoint,37.8983996,-107.679374,12239.0,LANDABLE,g,BLM land,BLM,0.0,,37.8984,-107.679374,12239.0,,,OSM,,node/2122586213,
VP0241,viewpoint,Coronado Memorial Overlook,31.3456963,-110.2845925,6852.0,NO-GO,,National Park Service,NPS,7.85,78.0,31.372702,-110.135058,4279.0,,"FAA AC 91-36D: pilots asked to stay >= 2,000 ft AGL over NPS, wilderness and refuges",OSM,,node/542711528,
VP0242,viewpoint,Cosmic Ashtray Overlook,37.6829429,-111.3163813,5689.0,NO-LAND,b,Wilderness Study Area,BLM,0.43,152.0,37.676622,-111.312134,5324.0,,,OSM,,node/11331642880,
VP0243,viewpoint,Cottenwood Teepees Viewpoint,36.9501792,-112.0036825,6241.0,NO-LAND,a,Wilderness,BLM,1.48,286.0,36.956764,-112.033267,5221.0,,"FAA AC 91-36D: pilots asked to stay >= 2,000 ft AGL over NPS, wilderness and refuges",OSM,,node/1782661930,
VP0244,viewpoint,Cottonwood Creek Wetlands,39.6268011,-104.8509456,5563.0,OTHER,,Unclassified (private / other),OTHFE,22.46,288.0,39.73999,-105.313114,6518.0,,,OSM,,node/2276383266,
VP0245,viewpoint,Court Point Overlook,38.6319316,-109.66894,5598.0,LANDABLE,g,BLM land,BLM,0.0,,38.631932,-109.66894,5598.0,,,OSM,,node/9101920846,
VP0246,viewpoint,Cove of Caves Viewpoint Trail,38.6882066,-109.5430184,5105.0,NO-GO,,National Park Service,NPS,1.71,68.0,38.699033,-109.509376,4608.0,,"FAA AC 91-36D: pilots asked to stay >= 2,000 ft AGL over NPS, wilderness and refuges",OSM,,node/720334011,
VP0247,viewpoint,Covert Arch Viewpoint,38.7797113,-109.5053031,4811.0,NO-LAND,b,Wilderness Study Area,BLM,0.71,295.0,38.784781,-109.518901,4697.0,,,OSM,,node/2235197224,
VP0248,viewpoint,Coyote Deck,33.8158514,-106.8611816,4514.0,NO-GO,,Fish & Wildlife Service refuge,FWS,3.37,345.0,33.870162,-106.879016,4554.0,,"FAA AC 91-36D: pilots asked to stay >= 2,000 ft AGL over NPS, wilderness and refuges",OSM,,node/3259254687,
VP0249,viewpoint,Coyote Wash Overlook,38.2239966,-109.0168677,5990.0,LANDABLE,g,BLM land,BLM,0.0,,38.223997,-109.016868,5990.0,,,OSM,,node/13451107655,
VP0250,viewpoint,Crags Hotel Ruins,39.927225,-105.2949541,6658.0,OTHER,,Local government,LG,0.24,279.0,39.927871,-105.300136,6597.0,,,OSM,,node/530425881,
VP0251,viewpoint,Crater,39.4052936,-112.853283,4654.0,LANDABLE,g,BLM land,BLM,0.0,,39.405294,-112.853283,4654.0,,,OSM,,node/2644394829,
VP0252,viewpoint,Crinoid Fossils,35.1975438,-106.4351013,10302.0,CALL FIRST,f,USFS - check forest orders,USFS,6.22,47.0,35.26895,-106.343287,6268.0,,,OSM,,node/12809670825,
VP0253,viewpoint,Crooked Creek Pass,39.4413845,-106.6852139,10003.0,CALL FIRST,f,USFS - check forest orders,USFS,8.54,331.0,39.566326,-106.773536,7703.0,,,OSM,,node/2322687547,
VP0254,viewpoint,Cross Fissures View,38.5711708,-107.7019634,7853.0,NO-LAND,a,Wilderness,NPS,1.14,215.0,38.555745,-107.715971,8210.0,,"FAA AC 91-36D: pilots asked to stay >= 2,000 ft AGL over NPS, wilderness and refuges",OSM,186859,node/1323146974,
VP0255,viewpoint,Cross Mountain Summit,38.7489617,-106.5913804,11825.0,CALL FIRST,f,USFS - check forest orders,USFS,5.13,278.0,38.761453,-106.699426,9780.0,,,OSM,,node/11183837687,
VP0256,viewpoint,Cross of the Martyrs Hill,35.689543,-105.932961,7128.0,OTHER,,Private,PVT,2.46,131.0,35.662626,-105.895036,7638.0,,,OSM,,node/6392062211,
VP0257,viewpoint,Crows Nest,40.0673844,-105.3893403,8555.0,OTHER,,Private,PVT,0.02,135.0,40.067119,-105.388989,8543.0,,,OSM,,node/3894535529,
VP0258,viewpoint,Crystal Canyon Viewpoint,36.2524771,-112.1922772,7968.0,NO-GO,,National Park Service,NPS,15.61,199.0,36.006514,-112.297951,6166.0,,"FAA AC 91-36D: pilots asked to stay >= 2,000 ft AGL over NPS, wilderness and refuges | Inside Grand Canyon NP: Grand Canyon SFRA rules apply (14 CFR 93 Subpart U)",OSM,,node/11877469876,
VP0259,viewpoint,Crystal Forest Viewpoint,34.8644738,-109.7910216,5535.0,NO-GO,,National Park Service,NPS,6.89,334.0,34.967812,-109.852511,5282.0,,"FAA AC 91-36D: pilots asked to stay >= 2,000 ft AGL over NPS, wilderness and refuges",OSM,,node/2882821712,
VP0260,viewpoint,Curious Arch Viewpoint,38.4988256,-109.5839244,4269.0,LANDABLE,g,BLM land,BLM,0.0,,38.498826,-109.583924,4269.0,,,OSM,,node/9675129096,
VP0261,viewpoint,DRY FALLS,32.993243,-105.8987853,5352.0,LANDABLE,g,BLM land,BLM,0.0,,32.993243,-105.898785,5352.0,,,OSM,,node/11807115709,
VP0262,viewpoint,Dabbler Deck,33.7903825,-106.8922801,4503.0,NO-GO,,Fish & Wildlife Service refuge,FWS,4.78,360.0,33.870139,-106.892587,4736.0,,"FAA AC 91-36D: pilots asked to stay >= 2,000 ft AGL over NPS, wilderness and refuges",OSM,,node/3259254688,
VP0263,viewpoint,Dam Overlook,35.1885305,-114.5735045,808.0,OTHER,,Private,PVT,1.19,154.0,35.170617,-114.562872,552.0,,,OSM,,node/9576932938,
VP0264,viewpoint,Danger: House-Sized Boulders & Pitfalls,39.2416977,-105.4382943,8993.0,NO-LAND,a,Wilderness,USFS,10.7,347.0,39.415431,-105.490789,8204.0,,"FAA AC 91-36D: pilots asked to stay >= 2,000 ft AGL over NPS, wilderness and refuges",OSM,,node/5215801114,
VP0265,viewpoint,Davidson Mesa Overlook,39.9670971,-105.1882383,5671.0,OTHER,,Private,PVT,5.42,252.0,39.938886,-105.29993,6537.0,,,OSM,,node/945471273,
VP0266,viewpoint,Day Canyon Point,38.5677728,-109.660178,4509.0,LANDABLE,g,BLM land,BLM,0.0,,38.567773,-109.660178,4509.0,,,OSM,,node/6897203402,
VP0267,viewpoint,De Na Zin Overlook (no access to trail),36.3141437,-108.0180716,6368.0,NO-LAND,a,Wilderness,BLM,0.59,120.0,36.309194,-108.007597,6456.0,,"FAA AC 91-36D: pilots asked to stay >= 2,000 ft AGL over NPS, wilderness and refuges",OSM,,node/2501035094,
VP0268,viewpoint,Dead Horse Point,38.469357099999996,-109.73944968842827,5918.0,CALL FIRST,e,State land - state land office permission,ST,0.1,180.0,38.467646,-109.739454,5169.0,,,OSM,,way/161216793,
VP0269,viewpoint,Deadhorse Gulch,38.5451593,-107.6519723,8297.0,NO-LAND,a,Wilderness,NPS,0.94,85.0,38.546473,-107.63211,8656.0,,"FAA AC 91-36D: pilots asked to stay >= 2,000 ft AGL over NPS, wilderness and refuges",OSM,,node/177655811,
VP0270,viewpoint,Deadman Lookout Tower,40.8301034,-105.7518183,10707.0,CALL FIRST,f,USFS - check forest orders,USFS,5.9,1.0,40.928447,-105.748593,8964.0,,,OSM,,node/2366488716,
VP0271,viewpoint,Deep Creek Overlook,39.6849581,-107.1810275,9908.0,CALL FIRST,f,USFS - check forest orders,USFS,1.06,90.0,39.684912,-107.158066,7894.0,,,OSM,,node/538153616,
VP0272,viewpoint,Deer Creek Overlook,40.4492642,-111.5620181,6885.0,CALL FIRST,f,USFS - check forest orders,USFS,3.34,102.0,40.437652,-111.490656,5671.0,,,OSM,,node/7899101036,
VP0273,viewpoint,Dekleined,37.1004969,-113.3543107,3164.0,OTHER,,Private,PVT,0.17,180.0,37.097684,-113.35431,3229.0,,,OSM,,node/13042138696,
VP0274,viewpoint,Del Agua Overlook,35.2379254,-106.4499251,10001.0,NO-LAND,a,Wilderness,USFS,4.44,37.0,35.29711,-106.39545,6599.0,,"FAA AC 91-36D: pilots asked to stay >= 2,000 ft AGL over NPS, wilderness and refuges",OSM,,node/1895716331,
VP0275,viewpoint,Denny's Dune,37.0803854,-113.3930907,3681.0,CALL FIRST,e,State land - state land office permission,ST,0.17,360.0,37.083156,-113.393097,3691.0,,,OSM,,node/13042169437,
VP0276,viewpoint,Denver & New Orleans Railroad,39.5162899,-104.7564338,5881.0,OTHER,,Private,PVT,25.75,263.0,39.465462,-105.307011,8037.0,,,OSM,,node/6363752157,
VP0277,viewpoint,Denver Basin Overlook,39.6756931,-105.1920993,6159.0,OTHER,,Private,PVT,6.8,305.0,39.73999,-105.313114,6518.0,,,OSM,,node/12824922018,
VP0278,viewpoint,Denver Mountain Parks,39.7321674,-105.2416832,7325.0,OTHER,,Private,PVT,3.34,278.0,39.73999,-105.313114,6518.0,,,OSM,,node/1053211263,
VP0279,viewpoint,Desert Living Overlook,32.1794387,-110.7346631,3101.0,NO-GO,,National Park Service,NPS,2.5,356.0,32.220984,-110.738488,2764.0,,"FAA AC 91-36D: pilots asked to stay >= 2,000 ft AGL over NPS, wilderness and refuges",OSM,,node/4586319572,
VP0280,viewpoint,Desert View Overlook,36.3366125,-115.6287335,8188.0,CALL FIRST,f,USFS - check forest orders,USFS,5.04,0.0,36.420674,-115.628573,5856.0,,,OSM,,node/8318259617,
VP0281,viewpoint,Desert View Watchtower,36.0440087,-111.82620674063145,7417.0,NO-GO,,National Park Service,NPS,23.07,265.0,36.006514,-112.297951,6166.0,,"FAA AC 91-36D: pilots asked to stay >= 2,000 ft AGL over NPS, wilderness and refuges | Inside Grand Canyon NP: Grand Canyon SFRA rules apply (14 CFR 93 Subpart U)",OSM,,way/171444052,en:Desert View Watchtower
VP0282,viewpoint,Devil's Canyon View Area,38.8480718,-110.9253964,7152.0,LANDABLE,g,BLM land,BLM,0.0,,38.848072,-110.925396,7152.0,,,OSM,,node/1014205131,
VP0283,viewpoint,Devil's Kitchen Viewpoint,39.80327565,-111.68846680935141,8351.0,CALL FIRST,f,USFS - check forest orders,USFS,4.76,181.0,39.723877,-111.689679,6548.0,,,OSM,,way/225128487,
VP0284,viewpoint,Devil's Lookout,38.5742132,-107.7051426,7714.0,NO-LAND,a,Wilderness,NPS,1.22,205.0,38.555745,-107.715971,8210.0,,"FAA AC 91-36D: pilots asked to stay >= 2,000 ft AGL over NPS, wilderness and refuges",OSM,1795271,node/2521820608,
VP0285,viewpoint,Devil's Playground,37.0632663,-113.4319884,3982.0,LANDABLE,g,BLM land,BLM,0.0,,37.063266,-113.431988,3982.0,,,OSM,,node/13042114339,
VP0286,viewpoint,Devil's Punchbowl,39.1194305,-106.7084321,9437.0,CALL FIRST,f,USFS - check forest orders,USFS,12.47,326.0,39.291277,-106.859249,7916.0,,,OSM,,node/12058032346,
VP0287,viewpoint,Devil's Slide,41.0638501,-111.5475875,5234.0,OTHER,,Private,PVT,0.05,206.0,41.063094,-111.548078,5335.0,,,OSM,,node/6630594048,en:Devil's Slide (Utah)
VP0288,viewpoint,Dinosaur Rock,35.0886788,-113.907001,7656.0,OTHER,,Undetermined,UND,0.24,360.0,35.092688,-113.907011,7532.0,,,OSM,,node/10218587170,
VP0289,viewpoint,Dinosaur Tracks,37.0249505,-113.3659596,3222.0,LANDABLE,g,BLM land,BLM,0.0,,37.02495,-113.36596,3222.0,,,OSM,,node/13042169603,
VP0290,viewpoint,Dirty Devil Crossing Overlook,38.0969171,-110.4170811,4486.0,LANDABLE,g,BLM land,BLM,0.0,,38.096917,-110.417081,4486.0,,,OSM,,node/12964836929,
VP0291,viewpoint,Dirty Devil Overlook,38.1056015,-110.4051264,4521.0,LANDABLE,g,BLM land,BLM,0.0,,38.105602,-110.405126,4521.0,,,OSM,,node/12887754617,
VP0292,viewpoint,Dirty Devil Overlook,38.1273471,-110.4183483,5264.0,LANDABLE,g,BLM land,BLM,0.0,,38.127347,-110.418348,5264.0,,,OSM,,node/12887754667,
VP0293,viewpoint,Distant View,39.110998,-108.7372577,5601.0,NO-GO,,National Park Service,NPS,1.47,6.0,39.135417,-108.733714,4580.0,,"FAA AC 91-36D: pilots asked to stay >= 2,000 ft AGL over NPS, wilderness and refuges",OSM,,node/1442787036,
VP0294,viewpoint,Dog Head Rock,36.4487948,-105.0240679,9067.0,OTHER,,Private,PVT,11.9,195.0,36.257166,-105.088678,8695.0,,,OSM,,node/4586292303,
VP0295,viewpoint,Dollar Lake Viewpoint,37.5508074,-107.4657659,12317.0,NO-LAND,a,Wilderness,USFS,13.45,208.0,37.352462,-107.59769,7878.0,,"FAA AC 91-36D: pilots asked to stay >= 2,000 ft AGL over NPS, wilderness and refuges",OSM,,node/7734907285,
VP0296,viewpoint,Dolores Canyon Overlook,37.8080944,-108.7915852,7847.0,LANDABLE,g,BLM land,BLM,0.0,,37.808094,-108.791585,7847.0,,,OSM,,node/13387871103,
VP0297,viewpoint,Dolores Canyon Overlook,37.9609234,-108.8497611,7046.0,LANDABLE,g,BLM land,BLM,0.0,,37.960923,-108.849761,7046.0,,,OSM,,node/13401935562,
VP0298,viewpoint,Dolores Canyon Overlook,38.1733108,-108.902979,5978.0,NO-LAND,b,Wilderness Study Area,BLM,0.76,247.0,38.168353,-108.917828,5962.0,,,OSM,,node/177668616,
VP0299,viewpoint,Dolores Canyon Overlook,38.2499036,-108.9608987,6422.0,LANDABLE,g,BLM land,BLM,0.0,,38.249904,-108.960899,6422.0,,,OSM,,node/13733615590,
VP0300,viewpoint,Dolores River Canyon Overlook,37.9517876,-108.8363036,7153.0,LANDABLE,g,BLM land,BLM,0.0,,37.951788,-108.836304,7153.0,,,OSM,,node/13387816740,
VP0301,viewpoint,Dolores River Overlook,38.1891401,-108.9197713,5718.0,NO-LAND,b,Wilderness Study Area,BLM,0.65,195.0,38.178726,-108.923316,6114.0,,,OSM,,node/13447355040,
VP0302,viewpoint,Domingo Baca Canyon Overlook,35.2010936,-106.4448382,10105.0,NO-LAND,a,Wilderness,USFS,6.24,23.0,35.29711,-106.39545,6599.0,,"FAA AC 91-36D: pilots asked to stay >= 2,000 ft AGL over NPS, wilderness and refuges",OSM,,node/11569936482,
VP0303,viewpoint,Double Arch Island Overlook,33.219589049999996,-107.21828773745614,4475.0,OTHER,,Bureau of Reclamation,USBR,0.68,251.0,33.215829,-107.231075,4528.0,,,OSM,,way/1368969021,
VP0304,viewpoint,Double Sammi (7),37.0909661,-113.3859125,3450.0,LANDABLE,g,BLM land,BLM,0.0,,37.090966,-113.385912,3450.0,,,OSM,,node/13042169438,
VP0305,viewpoint,Dowd Mountain Overlook,40.8971246,-109.6256528,7675.0,CALL FIRST,f,USFS - check forest orders,USFS,4.73,348.0,40.974307,-109.647157,6102.0,,,OSM,,node/9996117408,
VP0306,viewpoint,Dragon Point,38.5749964,-107.725928,7705.0,NO-LAND,a,Wilderness,NPS,1.15,181.0,38.555822,-107.726162,8350.0,,"FAA AC 91-36D: pilots asked to stay >= 2,000 ft AGL over NPS, wilderness and refuges",OSM,1795274,node/2521820649,
VP0307,viewpoint,Dragonfly Overlook,33.4436884,-104.4063646,3497.0,NO-GO,,Fish & Wildlife Service refuge,FWS,0.74,246.0,33.438601,-104.419778,3512.0,,"FAA AC 91-36D: pilots asked to stay >= 2,000 ft AGL over NPS, wilderness and refuges",OSM,,node/8716115638,
VP0308,viewpoint,Dragon’s Back Peak,38.0188881,-107.5629552,12836.0,NO-LAND,a,Wilderness,USFS,1.71,222.0,37.997596,-107.586813,12634.0,,"FAA AC 91-36D: pilots asked to stay >= 2,000 ft AGL over NPS, wilderness and refuges",OSM,,node/7767501885,
VP0309,viewpoint,Dream Lake Overlook,40.3125866,-105.6591117,10493.0,NO-LAND,a,Wilderness,NPS,5.2,71.0,40.340738,-105.551916,9030.0,,"FAA AC 91-36D: pilots asked to stay >= 2,000 ft AGL over NPS, wilderness and refuges",OSM,,node/51328345,
VP0310,viewpoint,Dry Mesa Overlook,38.6766973,-109.4792018,5270.0,LANDABLE,g,BLM land,BLM,0.0,,38.676697,-109.479202,5270.0,,,OSM,,node/11942760198,
VP0311,viewpoint,Dubinky Point Overlook,38.711019,-109.8981114,5516.0,LANDABLE,g,BLM land,BLM,0.0,,38.711019,-109.898111,5516.0,,,OSM,,node/9508359698,
VP0312,viewpoint,Dunckley Pass Overlook,40.2015351,-107.1574449,9775.0,CALL FIRST,f,USFS - check forest orders,USFS,0.87,206.0,40.188508,-107.165731,8986.0,,,OSM,,node/2654471921,
VP0313,viewpoint,Dune Overlook,36.0627241,-115.115191,2029.0,OTHER,,Private,PVT,1.28,219.0,36.04624,-115.131775,2093.0,,,OSM,,node/3097623181,
VP0314,viewpoint,Eagle Arch Viewpoint,37.0830946,-112.3673137,5242.0,OTHER,,Private,PVT,0.15,270.0,37.083089,-112.370382,5355.0,,,OSM,,node/1806292241,
VP0315,viewpoint,Eagle Canyon Overlook,38.8553283,-110.9077059,7109.0,LANDABLE,g,BLM land,BLM,0.0,,38.855328,-110.907706,7109.0,,,OSM,,node/3328463758,
VP0316,viewpoint,Eagle Canyon Overlook,38.8630885,-110.8678984,6856.0,LANDABLE,g,BLM land,BLM,0.0,,38.863088,-110.867898,6856.0,,,OSM,,node/10156049706,
VP0317,viewpoint,Eagle Cliffs Overlook,39.5199845,-105.3836573,9534.0,OTHER,,Local government,LG,3.52,321.0,39.565841,-105.431093,9643.0,,,OSM,,node/5222399699,
VP0318,viewpoint,Eagle Point,36.0113603,-113.8110675,4613.0,NO-LAND,c,Tribal land - tribal permission required,BIA,5.22,245.0,35.974243,-113.908118,4910.0,,Within 15 nm of Grand Canyon NP: check the Grand Canyon SFRA on the Grand Canyon VFR chart,OSM,,node/1902336671,
VP0319,viewpoint,Eagle Point Trailhead,37.8321117,-114.4144004,5028.0,CALL FIRST,e,State land - state land office permission,ST,0.3,90.0,37.832127,-114.408108,5010.0,,,OSM,,node/7966704685,
VP0320,viewpoint,Eagle Scout Deck,33.7992911,-106.8842161,4507.0,NO-GO,,Fish & Wildlife Service refuge,FWS,4.24,0.0,33.870155,-106.883878,4641.0,,"FAA AC 91-36D: pilots asked to stay >= 2,000 ft AGL over NPS, wilderness and refuges",OSM,,node/3259254689,
VP0321,viewpoint,Eagles Perch Overlook,38.636848,-109.672139,5671.0,LANDABLE,g,BLM land,BLM,0.0,,38.636848,-109.672139,5671.0,,,OSM,,node/433534713,
VP0322,viewpoint,East Fork Overlook,41.2053458,-111.8280238,6268.0,OTHER,,Private,PVT,7.1,64.0,41.256884,-111.686796,6352.0,,,OSM,,node/1454625530,
VP0323,viewpoint,East Meadow Overlook,40.2374946,-105.7843152,8546.0,NO-LAND,a,Wilderness,NPS,4.26,271.0,40.239061,-105.877,8586.0,,"FAA AC 91-36D: pilots asked to stay >= 2,000 ft AGL over NPS, wilderness and refuges",OSM,,node/13069964701,
VP0324,viewpoint,East Overlook,39.671163,-105.0727454,5515.0,OTHER,,Private,PVT,11.87,290.0,39.73999,-105.313114,6518.0,,,OSM,,node/11115357025,
VP0325,viewpoint,East Rim Viewpoint,36.4153446,-112.0893016,8859.0,CALL FIRST,f,USFS - check forest orders,USFS,26.51,203.0,36.006514,-112.297951,6166.0,,Within 15 nm of Grand Canyon NP: check the Grand Canyon SFRA on the Grand Canyon VFR chart,OSM,,node/174549784,
VP0326,viewpoint,East and West Mitten Overlook,36.9804872,-110.1037411,5327.0,NO-LAND,c,Tribal land - tribal permission required,BIA,13.07,36.0,37.156155,-109.942555,3971.0,,,OSM,,node/1744753114,
VP0327,viewpoint,Echo Canyon Viewpoint,33.5208871,-111.9700679,1687.0,OTHER,,Private,PVT,5.68,153.0,33.436729,-111.917934,1160.0,,,OSM,,node/5213336322,
VP0328,viewpoint,Echo Overlook,36.2458874,-115.6413304,8973.0,CALL FIRST,f,USFS - check forest orders,USFS,5.88,224.0,36.174883,-115.724973,5806.0,,,OSM,,node/12473004780,
VP0329,viewpoint,Echo Park Overlook,40.5128274,-109.0328789,7667.0,NO-GO,,National Park Service,NPS,2.33,211.0,40.479577,-109.059319,6510.0,,"FAA AC 91-36D: pilots asked to stay >= 2,000 ft AGL over NPS, wilderness and refuges",OSM,,node/412064364,
VP0330,viewpoint,Ecker Hill,40.7407811,-111.5752023,7055.0,OTHER,,Private,PVT,5.11,90.0,40.741188,-111.463255,6651.0,,,OSM,1440863,node/356678215,
VP0331,viewpoint,El Calderon cinder cone,34.9575016,-108.0166605,7593.0,LANDABLE,g,BLM land,BLM,0.0,,34.957502,-108.01666,7593.0,,,OSM,,node/4845695322,
VP0332,viewpoint,Elephant Butte Overlook,36.968526,-110.089579,5178.0,NO-LAND,c,Tribal land - tribal permission required,BIA,13.27,33.0,37.154951,-109.940393,3977.0,,,OSM,,node/1744753134,
VP0333,viewpoint,Elephant Hill,38.1344315,-109.8312355,5501.0,NO-GO,,National Park Service,NPS,4.37,180.0,38.061472,-109.831346,5996.0,,"FAA AC 91-36D: pilots asked to stay >= 2,000 ft AGL over NPS, wilderness and refuges",OSM,1427789,node/356672644,
VP0334,viewpoint,Emerald Lake Overlook,40.3145505,-105.6703515,11391.0,NO-LAND,a,Wilderness,NPS,5.66,74.0,40.340738,-105.551916,9030.0,,"FAA AC 91-36D: pilots asked to stay >= 2,000 ft AGL over NPS, wilderness and refuges",OSM,,node/51328203,
VP0335,viewpoint,Emory Pass Vista,32.9098741,-107.7640488,8185.0,CALL FIRST,f,USFS - check forest orders,USFS,7.68,119.0,32.847004,-107.6315,6293.0,,,OSM,,node/1231837989,
VP0336,viewpoint,Empire Pass Viewpoint,40.6061428,-111.5087887,8951.0,OTHER,,Private,PVT,1.49,257.0,40.600569,-111.540604,9181.0,,,OSM,,node/8960298699,
VP0337,viewpoint,End of the World Overlook,37.0345601,-113.2503934,5863.0,LANDABLE,g,BLM land,BLM,0.0,,37.03456,-113.250393,5863.0,,,OSM,,node/4520751592,
VP0338,viewpoint,Ensign Peak,40.7943754,-111.8907037,5407.0,OTHER,,Private,PVT,5.82,132.0,40.729412,-111.795953,5691.0,,,OSM,,node/2327804977,
VP0339,viewpoint,Escalante Overlook,37.7761053,-111.5011805,6068.0,NO-LAND,b,Wilderness Study Area,BLM,1.13,180.0,37.757276,-111.501367,6028.0,,,OSM,,node/1813998956,
VP0340,viewpoint,Escalante Overlook,40.3252819,-108.9457908,7712.0,NO-GO,,National Park Service,NPS,0.11,242.0,40.32441,-108.947948,7562.0,,"FAA AC 91-36D: pilots asked to stay >= 2,000 ft AGL over NPS, wilderness and refuges",OSM,,node/2642801155,
VP0341,viewpoint,Exclamation Point,38.5869026,-107.720935,7564.0,NO-LAND,a,Wilderness,NPS,1.15,0.0,38.606119,-107.720865,8277.0,,"FAA AC 91-36D: pilots asked to stay >= 2,000 ft AGL over NPS, wilderness and refuges",OSM,,node/2447364952,
VP0342,viewpoint,Extreme 4x4 Jeeps could not continue North 9-24-2-25,37.0436298,-113.4068337,3920.0,LANDABLE,g,BLM land,BLM,0.0,,37.04363,-113.406834,3920.0,,,OSM,,node/13042174891,
VP0343,viewpoint,Fallen Rock Overlook,39.0392311,-108.7102847,6416.0,NO-GO,,National Park Service,NPS,0.37,205.0,39.033631,-108.713602,6548.0,,"FAA AC 91-36D: pilots asked to stay >= 2,000 ft AGL over NPS, wilderness and refuges",OSM,,node/1718434279,
VP0344,viewpoint,Farm Deck,33.8326838,-106.8610046,4517.0,NO-GO,,Fish & Wildlife Service refuge,FWS,2.42,338.0,33.870162,-106.879016,4554.0,,"FAA AC 91-36D: pilots asked to stay >= 2,000 ft AGL over NPS, wilderness and refuges",OSM,,node/3259254690,
VP0345,viewpoint,Farview Curve Overlook,40.3992335,-105.8352788,10115.0,NO-GO,,National Park Service,NPS,9.59,192.0,40.242516,-105.8769,8651.0,,"FAA AC 91-36D: pilots asked to stay >= 2,000 ft AGL over NPS, wilderness and refuges",OSM,,node/3358829358,
VP0346,viewpoint,Farview Point,37.544546,-112.2468593,8802.0,NO-GO,,National Park Service,NPS,2.56,122.0,37.521829,-112.201406,7079.0,,"FAA AC 91-36D: pilots asked to stay >= 2,000 ft AGL over NPS, wilderness and refuges",OSM,,node/1024418060,
VP0347,viewpoint,Fault Line,37.1056074,-113.4414176,2750.0,LANDABLE,g,BLM land,BLM,0.0,,37.105607,-113.441418,2750.0,,,OSM,,node/13042150192,
VP0348,viewpoint,Fifty-Mile Point,37.2497428,-110.9867728,5808.0,NO-GO,,National Park Service,NPS,1.55,270.0,37.249744,-111.019215,5709.0,,"FAA AC 91-36D: pilots asked to stay >= 2,000 ft AGL over NPS, wilderness and refuges",OSM,,node/6125810555,
VP0349,viewpoint,Fire Canyon Overlook,36.4466281,-114.508327,2025.0,CALL FIRST,e,State land - state land office permission,ST,0.97,15.0,36.46222,-114.503205,2023.0,,,OSM,,node/2498964811,
VP0350,viewpoint,Fire Point,36.3562471,-112.3570854,7559.0,NO-GO,,National Park Service,NPS,18.78,280.0,36.411903,-112.738568,5635.0,,"FAA AC 91-36D: pilots asked to stay >= 2,000 ft AGL over NPS, wilderness and refuges | Inside Grand Canyon NP: Grand Canyon SFRA rules apply (14 CFR 93 Subpart U)",OSM,,node/1933933021,
VP0351,viewpoint,Fire Temple Overlook,37.1647167,-108.4792161,6790.0,NO-GO,,National Park Service,NPS,7.17,330.0,37.268108,-108.554608,7171.0,,"FAA AC 91-36D: pilots asked to stay >= 2,000 ft AGL over NPS, wilderness and refuges",OSM,,node/5563023734,
VP0352,viewpoint,First Creek Overlook,39.8221625,-104.7945095,5322.0,NO-GO,,Fish & Wildlife Service refuge,FWS,24.2,285.0,39.927871,-105.300136,6597.0,,"FAA AC 91-36D: pilots asked to stay >= 2,000 ft AGL over NPS, wilderness and refuges",OSM,,node/8447352017,
VP0353,viewpoint,Fisher Point,35.1517661,-111.595666,7020.0,CALL FIRST,f,USFS - check forest orders,USFS,18.44,54.0,35.330725,-111.290431,5855.0,,,OSM,,node/5287693909,
VP0354,viewpoint,Fisher Valley Overlook,38.6161412,-109.2230363,8430.0,CALL FIRST,f,USFS - check forest orders,USFS,1.29,0.0,38.637659,-109.223007,6435.0,,,OSM,,node/3688110569,
VP0355,viewpoint,Fisherman's Point,32.6335474,-108.8537653,3900.0,NO-LAND,b,Wilderness Study Area,BLM,0.04,90.0,32.633549,-108.852963,3909.0,,,OSM,,node/1993235628,
VP0356,viewpoint,Five Valleys Viewpoint,39.0959708,-119.8683839,7048.0,CALL FIRST,f,USFS - check forest orders,USFS,4.23,72.0,39.117563,-119.782122,5020.0,,,OSM,,node/5925958061,
VP0357,viewpoint,Flag Point Overlook,37.0624874,-112.2783408,6487.0,LANDABLE,g,BLM land,BLM,0.0,,37.062487,-112.278341,6487.0,,,OSM,,node/11105951196,
VP0358,viewpoint,Flat Rock Overlook,35.0978567,-106.4330675,8241.0,NO-LAND,a,Wilderness,USFS,6.34,70.0,35.133641,-106.311808,6968.0,,"FAA AC 91-36D: pilots asked to stay >= 2,000 ft AGL over NPS, wilderness and refuges",OSM,,node/13854185279,
VP0359,viewpoint,Flight Deck,33.8048326,-106.8844325,4507.0,NO-GO,,Fish & Wildlife Service refuge,FWS,3.91,0.0,33.870155,-106.883878,4641.0,,"FAA AC 91-36D: pilots asked to stay >= 2,000 ft AGL over NPS, wilderness and refuges",OSM,,node/1040651047,
VP0360,viewpoint,Forest Canyon Overlook,40.395813,-105.7139527,11681.0,NO-LAND,a,Wilderness,NPS,7.9,110.0,40.350777,-105.552046,8688.0,,"FAA AC 91-36D: pilots asked to stay >= 2,000 ft AGL over NPS, wilderness and refuges",OSM,,node/3357047101,
VP0361,viewpoint,Forrest Allen Overlook,38.8278897,-104.8920451,6918.0,OTHER,,Private,PVT,0.82,270.0,38.827858,-104.909533,7606.0,,,OSM,,node/1447394935,
VP0362,viewpoint,Forrest Gump Point,37.1014683,-109.9908441,5120.0,NO-LAND,c,Tribal land - tribal permission required,BIA,4.01,35.0,37.156155,-109.942555,3971.0,,,OSM,,node/4337882953,
VP0363,viewpoint,Fort Grant Vista Point,32.6920777,-109.9045685,9342.0,CALL FIRST,f,USFS - check forest orders,USFS,8.41,354.0,32.831753,-109.921104,3249.0,,,OSM,,node/7603825429,
VP0364,viewpoint,Fountain Valley Overlook,39.4309548,-105.0707787,6237.0,OTHER,,Local government,LG,11.14,280.0,39.461795,-105.30718,8369.0,,,OSM,,node/1184048004,
VP0365,viewpoint,Four Arches Canyon Overlook,38.5711735,-109.747384,5752.0,LANDABLE,g,BLM land,BLM,0.0,,38.571174,-109.747384,5752.0,,,OSM,,node/9570031985,
VP0366,viewpoint,Fray Cristobal Mountain Overlook,33.253486699999996,-107.19198918429603,4485.0,OTHER,,Bureau of Reclamation,USBR,0.92,351.0,33.26864,-107.194888,4508.0,,,OSM,,way/1368969005,
VP0367,viewpoint,Freeway Overlook,38.9240182,-110.399282,4439.0,OTHER,,Private,PVT,0.13,211.0,38.922196,-110.400685,4244.0,,,OSM,,node/3237880719,
VP0368,viewpoint,Fremont Gorge Overlook,38.276014,-111.2795945,6490.0,NO-GO,,National Park Service,NPS,1.04,270.0,38.276021,-111.301595,7024.0,,"FAA AC 91-36D: pilots asked to stay >= 2,000 ft AGL over NPS, wilderness and refuges",OSM,,node/3996590124,
VP0369,viewpoint,Frijoles Canyon Overlook,35.7892501,-106.283998,6623.0,NO-GO,,National Park Service,NPS,6.67,79.0,35.811355,-106.150065,5678.0,,"FAA AC 91-36D: pilots asked to stay >= 2,000 ft AGL over NPS, wilderness and refuges",OSM,,node/292789809,
VP0370,viewpoint,Frijoles Canyon Viewpoint,35.835638,-106.4163218,8807.0,NO-GO,,National Park Service,NPS,9.68,173.0,35.675155,-106.392731,5964.0,,"FAA AC 91-36D: pilots asked to stay >= 2,000 ft AGL over NPS, wilderness and refuges",OSM,,node/2375419810,
VP0371,viewpoint,Front Range Overlook,39.6759009,-105.1932562,6172.0,OTHER,,Private,PVT,6.75,305.0,39.73999,-105.313114,6518.0,,,OSM,,node/12824922019,
VP0372,viewpoint,Fruita Canyon View,39.1058979,-108.7389737,5646.0,NO-GO,,National Park Service,NPS,1.78,60.0,39.120702,-108.705977,4558.0,,"FAA AC 91-36D: pilots asked to stay >= 2,000 ft AGL over NPS, wilderness and refuges",OSM,,node/6699568922,
VP0373,viewpoint,Fryingpan Overlook,39.3721201,-106.8281143,9134.0,CALL FIRST,f,USFS - check forest orders,USFS,4.64,198.0,39.298517,-106.859219,8399.0,,,OSM,,node/2968107248,
VP0374,viewpoint,Future Generations Overlook,32.181025,-110.7344857,3085.0,NO-GO,,National Park Service,NPS,2.4,355.0,32.220984,-110.738488,2764.0,,"FAA AC 91-36D: pilots asked to stay >= 2,000 ft AGL over NPS, wilderness and refuges",OSM,,node/4586319573,
VP0375,viewpoint,Galisteo Basin Overlook,35.532161,-105.8690208,7298.0,OTHER,,Private,PVT,3.89,128.0,35.492365,-105.806329,7171.0,,,OSM,,node/9117321564,
VP0376,viewpoint,Garden of the Gods Overlook,38.8828842,-104.8717282,6534.0,OTHER,,Private,PVT,3.59,232.0,38.846116,-104.932167,8092.0,,,OSM,,node/545604913,
VP0377,viewpoint,Garland Prairie Vista,35.2585268,-111.9922471,7211.0,CALL FIRST,f,USFS - check forest orders,USFS,23.45,267.0,35.237243,-112.468721,5274.0,,,OSM,,node/7641984853,
VP0378,viewpoint,Gates Pass,32.2232669,-111.1016448,3160.0,OTHER,,Undetermined,UND,1.99,199.0,32.191755,-111.114053,2671.0,,,OSM,,node/578003043,
VP0379,viewpoint,Genoa Fault Viewpoint,38.9853899,-119.8353266,4699.0,CALL FIRST,f,USFS - check forest orders,USFS,6.09,52.0,39.04846,-119.733203,4746.0,,,OSM,,node/13075093503,
VP0380,viewpoint,Geologic Overlook,37.276567,-108.482995,8112.0,NO-GO,,National Park Service,NPS,0.84,360.0,37.290589,-108.483143,6917.0,,"FAA AC 91-36D: pilots asked to stay >= 2,000 ft AGL over NPS, wilderness and refuges",OSM,,node/1141397078,
VP0381,viewpoint,Geologic Overlook,38.9175619,-105.2789298,8406.0,NO-GO,,National Park Service,NPS,3.3,68.0,38.938347,-105.213561,9050.0,,"FAA AC 91-36D: pilots asked to stay >= 2,000 ft AGL over NPS, wilderness and refuges",OSM,,node/11251558985,
VP0382,viewpoint,Geology Vista,32.3705424,-110.7111966,6653.0,CALL FIRST,f,USFS - check forest orders,USFS,8.44,189.0,32.231528,-110.738547,2704.0,,,OSM,,node/2337592320,
VP0383,viewpoint,Georgetown Loop Overlook,39.6991938,-105.7109174,8929.0,OTHER,,Private,PVT,9.06,59.0,39.777041,-105.54325,9349.0,,,OSM,,node/3007968720,
VP0384,viewpoint,Gila and Salt River Initial Point monument,33.37717415,-112.3061106,1143.0,NO-LAND,c,Tribal land - tribal permission required,BIA,5.29,77.0,33.396861,-112.203401,980.0,,,OSM,,way/662730801,
VP0385,viewpoint,Giraffe Overlook,33.4504324,-111.9468106,1238.0,OTHER,,Undetermined,UND,1.67,120.0,33.436729,-111.917934,1160.0,,,OSM,,node/1190577962,
VP0386,viewpoint,Glen Canyon Dam Visitor Center,36.935676,-111.4855303,3769.0,NO-GO,,National Park Service,NPS,2.11,270.0,36.935665,-111.52942,3777.0,,"FAA AC 91-36D: pilots asked to stay >= 2,000 ft AGL over NPS, wilderness and refuges | Within 15 nm of Grand Canyon NP: check the Grand Canyon SFRA on the Grand Canyon VFR chart",OSM,,node/4231446192,
VP0387,viewpoint,Golden Throne Viewpoint,38.214401,-111.187256,6140.0,NO-GO,,National Park Service,NPS,1.58,228.0,38.196713,-111.211924,6109.0,,"FAA AC 91-36D: pilots asked to stay >= 2,000 ft AGL over NPS, wilderness and refuges",OSM,,node/1374277523,
VP0388,viewpoint,Gooseneck Overlook,38.4557851,-109.7696313,4836.0,LANDABLE,g,BLM land,BLM,0.0,,38.455785,-109.769631,4836.0,,,OSM,,node/3452855129,
VP0389,viewpoint,Goosenecks Overlook,38.2986706,-111.2989374,6305.0,NO-GO,,National Park Service,NPS,0.48,195.0,38.29087,-111.301576,6610.0,,"FAA AC 91-36D: pilots asked to stay >= 2,000 ft AGL over NPS, wilderness and refuges",OSM,,node/1559347336,
VP0390,viewpoint,Goosenecks Viewpoint,37.1741725,-109.9273958,4962.0,CALL FIRST,e,State land - state land office permission,ST,0.02,269.0,37.174167,-109.92791,4867.0,,,OSM,,node/2398662953,
VP0391,viewpoint,Gore Range Overlook,40.4325989,-105.7684643,12023.0,NO-GO,,National Park Service,NPS,11.07,116.0,40.350777,-105.552046,8688.0,,"FAA AC 91-36D: pilots asked to stay >= 2,000 ft AGL over NPS, wilderness and refuges",OSM,,node/12897065415,
VP0392,viewpoint,Gorge Bridge Scenic Overlook,36.4747357,-105.7350437,6983.0,NO-LAND,d,BLM National Monument / NCA,BLM,2.02,227.0,36.45169,-105.765431,7036.0,,,OSM,,node/11034531340,
VP0393,viewpoint,Gorge Overlook,36.9796848,-113.709664,3570.0,LANDABLE,g,BLM land,BLM,0.0,,36.979685,-113.709664,3570.0,,,OSM,,node/2041589143,
VP0394,viewpoint,Graffiti Rock,31.5345655,-110.3717942,6006.0,NO-GO,,Army,ARMY,7.08,101.0,31.510936,-110.236441,4522.0,,DoD land: check restricted / military airspace,OSM,,node/14091119684,
VP0395,viewpoint,Grambo's Lookout,39.609210250000004,-106.02801046453857,9230.0,CALL FIRST,f,USFS - check forest orders,USFS,17.03,157.0,39.348301,-105.88304,9763.0,,,OSM,,way/1304641090,
VP0396,viewpoint,Grand Canyon,36.112764,-113.9960696,1174.0,NO-GO,,National Park Service,NPS,5.25,180.0,36.025061,-113.996037,2800.0,,"FAA AC 91-36D: pilots asked to stay >= 2,000 ft AGL over NPS, wilderness and refuges | Within 15 nm of Grand Canyon NP: check the Grand Canyon SFRA on the Grand Canyon VFR chart",OSM,,node/5400294721,
VP0397,viewpoint,Grand Canyon Skywalk,36.0119074,-113.8107365,4390.0,NO-LAND,c,Tribal land - tribal permission required,BIA,5.25,245.0,35.974243,-113.908118,4910.0,,Within 15 nm of Grand Canyon NP: check the Grand Canyon SFRA on the Grand Canyon VFR chart,OSM,,node/1756749204,
VP0398,viewpoint,Grand Falls view,35.427838,-111.2001497,4604.0,NO-LAND,c,Tribal land - tribal permission required,BIA,2.75,311.0,35.457658,-111.242769,4674.0,,,OSM,,node/174409156,
VP0399,viewpoint,Grand View,39.0905704,-108.7232555,5837.0,NO-GO,,National Park Service,NPS,1.55,42.0,39.109888,-108.701185,4720.0,,"FAA AC 91-36D: pilots asked to stay >= 2,000 ft AGL over NPS, wilderness and refuges",OSM,,node/1442790746,
VP0400,viewpoint,Grand View Overlook,38.8739431,-104.7780203,6561.0,OTHER,,Private,PVT,6.75,246.0,38.828032,-104.909534,7606.0,,,OSM,,node/3098189233,
VP0401,viewpoint,Grand View Overlook Park,36.9334964,-111.458446,4212.0,OTHER,,Private,PVT,3.41,270.0,36.933478,-111.529419,3758.0,,Within 15 nm of Grand Canyon NP: check the Grand Canyon SFRA on the Grand Canyon VFR chart,OSM,,node/9012761617,
VP0402,viewpoint,Grand View Point,38.303352,-109.8678199,6183.0,NO-GO,,National Park Service,NPS,4.16,98.0,38.293747,-109.780559,3920.0,,"FAA AC 91-36D: pilots asked to stay >= 2,000 ft AGL over NPS, wilderness and refuges",OSM,,node/759280960,
VP0403,viewpoint,Grandstaff Canyon Overlook,38.5924058,-109.484313,4785.0,LANDABLE,g,BLM land,BLM,0.0,,38.592406,-109.484313,4785.0,,,OSM,,node/11942760253,
VP0404,viewpoint,Grandview,33.7303596,-111.8650751,2824.0,OTHER,,Private,PVT,5.88,206.0,33.642088,-111.916666,1539.0,,,OSM,,node/11407424921,
VP0405,viewpoint,Grandview Point,35.998478,-111.9877648,7394.0,NO-GO,,National Park Service,NPS,15.1,270.0,35.998004,-112.297931,6152.0,,"FAA AC 91-36D: pilots asked to stay >= 2,000 ft AGL over NPS, wilderness and refuges | Within 15 nm of Grand Canyon NP: check the Grand Canyon SFRA on the Grand Canyon VFR chart",OSM,,node/4437250889,
VP0406,viewpoint,Granite Creek Canyon Overlook,38.8365077,-109.0440225,6527.0,LANDABLE,g,BLM land,BLM,0.0,,38.836508,-109.044022,6527.0,,,OSM,,node/12848204847,
VP0407,viewpoint,Grapevine Canyon Petroglyphs,35.2270545,-114.6863,2427.0,NO-LAND,d,BLM National Monument / NCA,NPS,3.38,142.0,35.182537,-114.644042,1398.0,,"FAA AC 91-36D: pilots asked to stay >= 2,000 ft AGL over NPS, wilderness and refuges",OSM,,node/2390069360,
VP0408,viewpoint,Grassy Valley Mining Overlook,38.7547607,-105.1376271,10293.0,OTHER,,Private,PVT,0.07,69.0,38.755168,-105.136243,10256.0,,,OSM,,node/11922960669,
VP0409,viewpoint,Gray Fox Overlook,34.8059984,-111.8220247,3940.0,OTHER,,Undetermined,UND,21.55,263.0,34.759235,-112.25436,5499.0,,,OSM,,node/12863590809,
VP0410,viewpoint,Green River Great Overlook,38.3781774,-109.8881868,5834.0,NO-GO,,National Park Service,NPS,6.23,1.0,38.482126,-109.885369,5201.0,,"FAA AC 91-36D: pilots asked to stay >= 2,000 ft AGL over NPS, wilderness and refuges",OSM,,node/4448589592,
VP0411,viewpoint,Green River Overlook,38.9501766,-110.1664544,4478.0,LANDABLE,g,BLM land,BLM,0.0,,38.950177,-110.166454,4478.0,,,OSM,,node/3211636691,
VP0412,viewpoint,Greendale Overlook,40.8724938,-109.4961117,7401.0,CALL FIRST,f,USFS - check forest orders,USFS,5.54,16.0,40.961276,-109.462248,6558.0,,,OSM,,node/2590285412,
VP0413,viewpoint,Greenlee Reservoir Wildlife Viewing,39.9975091,-105.1142427,5326.0,OTHER,,Private,PVT,9.26,248.0,39.938886,-105.29993,6537.0,,,OSM,,node/1576434549,
VP0414,viewpoint,Greenlee Trail Overlook,38.8409328,-104.8864423,6488.0,OTHER,,Private,PVT,1.33,234.0,38.828032,-104.909534,7606.0,,,OSM,,node/9367435569,
VP0415,viewpoint,Griffin Road Viewoint,37.8491007,-111.8841256,9816.0,CALL FIRST,f,USFS - check forest orders,USFS,6.71,125.0,37.785329,-111.76803,7108.0,,,OSM,,node/83100492,
VP0416,viewpoint,Gronquist Arroyo Overlook,35.665555,-105.9282355,7155.0,OTHER,,Private,PVT,1.63,96.0,35.662626,-105.895036,7638.0,,,OSM,,node/8861430339,
VP0417,viewpoint,Guano Point,36.0329107,-113.8249917,4632.0,NO-LAND,c,Tribal land - tribal permission required,BIA,5.36,229.0,35.974243,-113.908118,4910.0,,Within 15 nm of Grand Canyon NP: check the Grand Canyon SFRA on the Grand Canyon VFR chart,OSM,,node/1756749084,
VP0418,viewpoint,Gun Barrel Hill,40.0628177,-105.1604074,5417.0,OTHER,,Private,PVT,8.14,256.0,40.029684,-105.331655,6125.0,,,OSM,178712,node/358913355,
VP0419,viewpoint,Gunbarrel Henge,40.0635988,-105.1604354,5418.0,OTHER,,Private,PVT,8.15,256.0,40.029684,-105.331655,6125.0,,,OSM,,node/1127220777,
VP0420,viewpoint,Gunnison Forks Overlook,38.7861798,-107.8372224,5325.0,NO-LAND,d,BLM National Monument / NCA,BLM,0.44,86.0,38.78672,-107.827782,5110.0,,,OSM,,node/3728357763,
VP0421,viewpoint,Gunnison Point,38.5557041,-107.6864003,8044.0,NO-LAND,a,Wilderness,NPS,1.39,270.0,38.555745,-107.715971,8210.0,,"FAA AC 91-36D: pilots asked to stay >= 2,000 ft AGL over NPS, wilderness and refuges",OSM,1795269,node/1323148584,
VP0422,viewpoint,Gunsight Pass Summit,38.8848111,-107.0583087,12100.0,CALL FIRST,f,USFS - check forest orders,USFS,1.42,41.0,38.90268,-107.03845,10009.0,,,OSM,,node/11253394953,
VP0423,viewpoint,Gypsum Canyon Overlook,38.008005,-110.0443987,5626.0,NO-GO,,National Park Service,NPS,1.57,90.0,38.008015,-110.011376,5941.0,,"FAA AC 91-36D: pilots asked to stay >= 2,000 ft AGL over NPS, wilderness and refuges",OSM,,node/3579242820,
VP0424,viewpoint,Hackett Gulch Overlook,39.0836202,-105.3041217,8678.0,CALL FIRST,f,USFS - check forest orders,USFS,7.85,122.0,39.014632,-105.161359,9005.0,,,OSM,,node/8716569948,
VP0425,viewpoint,Halls Creek Overlook,37.7178695,-110.930269,5282.0,NO-GO,,National Park Service,NPS,0.0,43.0,37.717917,-110.930214,5282.0,,"FAA AC 91-36D: pilots asked to stay >= 2,000 ft AGL over NPS, wilderness and refuges",OSM,,node/1583547348,
VP0426,viewpoint,Hanging Flume Viewpoint,38.3981195,-108.8096371,5065.0,LANDABLE,g,BLM land,BLM,0.0,,38.39812,-108.809637,5065.0,,,OSM,,node/3524393799,
VP0427,viewpoint,Happy Canyon Overlook,38.165278,-110.345,5450.0,CALL FIRST,e,State land - state land office permission,ST,0.01,270.0,38.165278,-110.345216,5446.0,,,OSM,,node/3410477688,
VP0428,viewpoint,Happy Valley Overlook,35.4819796,-105.9149411,6623.0,OTHER,,Private,PVT,3.48,174.0,35.424165,-105.907685,6276.0,,,OSM,,node/4283198742,
VP0429,viewpoint,Hardscrabble Saddle,39.578108,-106.8874786,8861.0,LANDABLE,g,BLM land,BLM,0.0,,39.578108,-106.887479,8861.0,,,OSM,,node/3724132073,
VP0430,viewpoint,Harley Dome View Area,39.1891572,-109.1163782,4797.0,CALL FIRST,e,State land - state land office permission,ST,0.1,360.0,39.190762,-109.116384,4728.0,,,OSM,,node/1014209939,
VP0431,viewpoint,Harper's Corner,40.5344804,-109.0079966,7297.0,NO-GO,,National Park Service,NPS,2.76,1.0,40.58058,-109.007336,8258.0,,"FAA AC 91-36D: pilots asked to stay >= 2,000 ft AGL over NPS, wilderness and refuges",OSM,,node/412064247,
VP0432,viewpoint,Harris's Hawk Vista,33.6882199,-111.8050296,3088.0,OTHER,,Private,PVT,6.24,244.0,33.642088,-111.916666,1539.0,,,OSM,,node/12773223861,
VP0433,viewpoint,Hatchery Saddle Point,36.081235,-114.8020708,1147.0,NO-GO,,National Park Service,NPS,3.76,256.0,36.065571,-114.876916,2588.0,,"FAA AC 91-36D: pilots asked to stay >= 2,000 ft AGL over NPS, wilderness and refuges",OSM,,node/11812910620,
VP0434,viewpoint,Havasupai Point,36.1878406,-112.3494301,6699.0,NO-GO,,National Park Service,NPS,10.89,176.0,36.006581,-112.333582,6116.0,,"FAA AC 91-36D: pilots asked to stay >= 2,000 ft AGL over NPS, wilderness and refuges | Inside Grand Canyon NP: Grand Canyon SFRA rules apply (14 CFR 93 Subpart U)",OSM,,node/6503588785,
VP0435,viewpoint,Hawk Watch,39.6946571,-105.1999929,6612.0,OTHER,,Private,PVT,5.9,297.0,39.73999,-105.313114,6518.0,,,OSM,,node/10120079582,
VP0436,viewpoint,Haynes Canyon Vista,32.9311442,-105.761619,8869.0,CALL FIRST,f,USFS - check forest orders,USFS,7.15,305.0,33.000045,-105.87733,5685.0,,,OSM,,node/1217059395,
VP0437,viewpoint,Head Of The Rocks Overlook,37.7466233,-111.4538226,6150.0,LANDABLE,g,BLM land,BLM,0.0,,37.746623,-111.453823,6150.0,,,OSM,,node/1183478317,
VP0438,viewpoint,Heart Bowl,36.2225422,-114.670639,1962.0,NO-LAND,a,Wilderness,NPS,0.8,270.0,36.222534,-114.687039,2392.0,,"FAA AC 91-36D: pilots asked to stay >= 2,000 ft AGL over NPS, wilderness and refuges",OSM,,node/11423755618,
VP0439,viewpoint,Heaven's Gate Overlook,35.479945,-105.933801,6594.0,OTHER,,Private,PVT,3.58,159.0,35.424165,-105.907685,6276.0,,,OSM,,node/4283198418,
VP0440,viewpoint,Heber Valley Overlook,40.5833483,-111.5692288,10143.0,CALL FIRST,f,USFS - check forest orders,USFS,1.41,52.0,40.597902,-111.54511,9339.0,,,OSM,,node/10574991241,
VP0441,viewpoint,Height 5770,37.2961705,-111.9202135,5453.0,NO-LAND,b,Wilderness Study Area,BLM,1.15,110.0,37.289715,-111.89756,4946.0,,,OSM,,node/1772863283,
VP0442,viewpoint,Height 6216 (Five-Mile Valley Quadrangle),37.2554656,-111.9962403,6207.0,NO-LAND,b,Wilderness Study Area,BLM,1.55,142.0,37.235161,-111.976095,4841.0,,,OSM,,node/1800759839,
VP0443,viewpoint,Hell Dive Canyon Overlook,37.0442984,-112.6403311,6209.0,NO-LAND,b,Wilderness Study Area,BLM,1.02,103.0,37.040558,-112.619605,5923.0,,,OSM,,node/10187186662,
VP0444,viewpoint,Hell Roaring Canyon Overlook,38.5679129,-109.9855022,4806.0,LANDABLE,g,BLM land,BLM,0.0,,38.567913,-109.985502,4806.0,,,OSM,,node/9143622044,
VP0445,viewpoint,Hell Roaring Canyon Overlook,38.6214279,-109.9009553,5071.0,LANDABLE,g,BLM land,BLM,0.0,,38.621428,-109.900955,5071.0,,,OSM,,node/9723747230,
VP0446,viewpoint,Hell's Hole Overlook,34.1680258,-112.3175706,6649.0,CALL FIRST,f,USFS - check forest orders,USFS,2.37,180.0,34.128454,-112.317537,5290.0,,,OSM,,node/4516995139,
VP0447,viewpoint,Hemenway House,37.1565708,-108.461659,6661.0,NO-GO,,National Park Service,NPS,6.84,57.0,37.217878,-108.341288,6170.0,,"FAA AC 91-36D: pilots asked to stay >= 2,000 ft AGL over NPS, wilderness and refuges",OSM,,node/5562628603,
VP0448,viewpoint,Hermits Rest Overlook,38.4633193,-107.5185183,8954.0,LANDABLE,g,BLM land,BLM,0.0,,38.463319,-107.518518,8954.0,,,OSM,,node/1431559234,
VP0449,viewpoint,Hermits Rest Viewpoint,36.0607594,-112.2124811,6644.0,NO-GO,,National Park Service,NPS,5.28,232.0,36.006514,-112.297951,6166.0,,"FAA AC 91-36D: pilots asked to stay >= 2,000 ft AGL over NPS, wilderness and refuges | Inside Grand Canyon NP: Grand Canyon SFRA rules apply (14 CFR 93 Subpart U)",OSM,,node/1915946851,
VP0450,viewpoint,Hi View Point,34.4367133,-111.2940473,7496.0,CALL FIRST,f,USFS - check forest orders,USFS,32.49,7.0,34.974799,-111.212067,6165.0,,,OSM,,node/9932515395,
VP0451,viewpoint,Hickman Bridge Overlook,38.291531,-111.232505,5645.0,NO-GO,,National Park Service,NPS,2.69,215.0,38.254613,-111.264919,6413.0,,"FAA AC 91-36D: pilots asked to stay >= 2,000 ft AGL over NPS, wilderness and refuges",OSM,,node/483029348,
VP0452,viewpoint,Hidden Canyon Overlook,38.7116056,-109.8205827,5031.0,LANDABLE,g,BLM land,BLM,0.0,,38.711606,-109.820583,5031.0,,,OSM,,node/3451154412,
VP0453,viewpoint,Hidden Haven Falls,37.7721008,-112.8334509,7265.0,CALL FIRST,e,State land - state land office permission,ST,0.15,90.0,37.772091,-112.830212,7774.0,,,OSM,,node/1372561964,
VP0454,viewpoint,Hidden Pinyon Lookout,37.2073844,-113.6481633,3473.0,NO-LAND,d,BLM National Monument / NCA,ST,1.81,47.0,37.228042,-113.620486,4428.0,,,OSM,,node/11392845169,
VP0455,viewpoint,Hidden Splendor Overlook,38.5658209,-110.9536762,4821.0,LANDABLE,g,BLM land,BLM,0.0,,38.565821,-110.953676,4821.0,,,OSM,,node/9518125326,
VP0456,viewpoint,High Point,38.5626283,-107.7415176,8287.0,NO-GO,,National Park Service,NPS,0.4,180.0,38.555902,-107.741571,7439.0,,"FAA AC 91-36D: pilots asked to stay >= 2,000 ft AGL over NPS, wilderness and refuges",OSM,1795276,node/358946005,
VP0457,viewpoint,High Point Overlook,36.1704384,-115.4661596,4761.0,NO-LAND,d,BLM National Monument / NCA,BLM,4.62,156.0,36.100075,-115.427057,4002.0,,,OSM,,node/3700454175,
VP0458,viewpoint,High Point Overlook,38.8655409,-104.879743,6378.0,OTHER,,Private,PVT,2.65,212.0,38.828032,-104.909534,7606.0,,,OSM,,node/5214882276,
VP0459,viewpoint,High Point(2889'),33.7292551,-111.8649057,2874.0,OTHER,,Private,PVT,5.83,206.0,33.642088,-111.916666,1539.0,,,OSM,,node/13825850969,
VP0460,viewpoint,High View Point,34.4376153,-111.2928504,7506.0,CALL FIRST,f,USFS - check forest orders,USFS,32.42,7.0,34.974799,-111.212067,6165.0,,,OSM,,node/9932060229,
VP0461,viewpoint,Highland View,39.0621824,-108.7300104,6478.0,NO-GO,,National Park Service,NPS,0.74,226.0,39.053567,-108.741447,6491.0,,"FAA AC 91-36D: pilots asked to stay >= 2,000 ft AGL over NPS, wilderness and refuges",OSM,,node/360960263,
VP0462,viewpoint,Highlands Point,39.5116548,-104.9562426,6313.0,OTHER,,Private,PVT,16.53,260.0,39.465462,-105.307011,8037.0,,,OSM,196609,node/358931502,
VP0463,viewpoint,Historic Trails View,39.1167223,-108.7386663,5337.0,NO-GO,,National Park Service,NPS,1.14,12.0,39.135417,-108.733714,4580.0,,"FAA AC 91-36D: pilots asked to stay >= 2,000 ft AGL over NPS, wilderness and refuges",OSM,,node/4344183286,
VP0464,viewpoint,Hite Overlook,37.8811386,-110.4080005,4212.0,NO-GO,,National Park Service,NPS,2.92,348.0,37.928853,-110.4209,5129.0,,"FAA AC 91-36D: pilots asked to stay >= 2,000 ft AGL over NPS, wilderness and refuges",OSM,,node/1183475676,
VP0465,viewpoint,Hog Point Overlook,37.062369,-112.5085767,5721.0,LANDABLE,g,BLM land,BLM,0.0,,37.062369,-112.508577,5721.0,,,OSM,,node/10608787957,
VP0466,viewpoint,Homestead Overlook,38.0116259,-111.3586336,9391.0,CALL FIRST,f,USFS - check forest orders,USFS,5.26,116.0,37.972854,-111.259191,6450.0,,,OSM,,node/2344691853,
VP0467,viewpoint,Hondoo Arch Viewpoint,38.6845462,-110.9988309,5066.0,LANDABLE,g,BLM land,BLM,0.0,,38.684546,-110.998831,5066.0,,,OSM,,node/3331844309,
VP0468,viewpoint,Hoodoo Viewpoint,37.1550168,-111.7615263,4514.0,NO-LAND,b,Wilderness Study Area,BLM,0.77,4.0,37.167748,-111.760341,4606.0,,,OSM,,node/1755084773,
VP0469,viewpoint,Hoover Dam Lookout,36.01368,-114.73215,1440.0,NO-GO,,National Park Service,NPS,7.04,270.0,36.013612,-114.876873,2806.0,,"FAA AC 91-36D: pilots asked to stay >= 2,000 ft AGL over NPS, wilderness and refuges",OSM,,node/1183476014,
VP0470,viewpoint,Hope Pass,39.0197302,-106.4051071,12528.0,CALL FIRST,f,USFS - check forest orders,USFS,4.13,58.0,39.056365,-106.33022,10425.0,,,OSM,,node/14140618201,
VP0471,viewpoint,Hopi Point,36.0745219,-112.1548851,6894.0,NO-GO,,National Park Service,NPS,8.07,240.0,36.006514,-112.297951,6166.0,,"FAA AC 91-36D: pilots asked to stay >= 2,000 ft AGL over NPS, wilderness and refuges | Inside Grand Canyon NP: Grand Canyon SFRA rules apply (14 CFR 93 Subpart U)",OSM,5933,node/1915882342,
VP0472,viewpoint,Horizon Hut,39.49277405,-106.0873302669473,10764.0,CALL FIRST,f,USFS - check forest orders,USFS,9.89,217.0,39.360322,-106.214222,11302.0,,,OSM,,way/469268307,
VP0473,viewpoint,Horse Ranch Pass,40.960721,-105.9259804,8623.0,LANDABLE,g,BLM land,BLM,0.0,,40.960721,-105.92598,8623.0,,,OSM,,node/4929537037,
VP0474,viewpoint,Horsecollar Ruin Overlook,37.611433,-110.0202771,6003.0,NO-GO,,National Park Service,NPS,0.38,328.0,37.616765,-110.024443,6187.0,,"FAA AC 91-36D: pilots asked to stay >= 2,000 ft AGL over NPS, wilderness and refuges",OSM,,node/1419421525,
VP0475,viewpoint,Horseshoe Bend Viewpoint,36.8808747,-111.5108627,4114.0,NO-GO,,National Park Service,NPS,2.39,338.0,36.917859,-111.529415,3998.0,,"FAA AC 91-36D: pilots asked to stay >= 2,000 ft AGL over NPS, wilderness and refuges | Within 15 nm of Grand Canyon NP: check the Grand Canyon SFRA on the Grand Canyon VFR chart",OSM,,node/8495480313,
VP0476,viewpoint,Horseshoe Pass,39.1956661,-106.1796714,13196.0,OTHER,,Private,PVT,1.27,346.0,39.216267,-106.186246,12369.0,,,OSM,,node/2934928370,
VP0477,viewpoint,Horseshoe Vista,34.3798056,-111.0657638,7872.0,CALL FIRST,f,USFS - check forest orders,USFS,25.79,48.0,34.669289,-110.680543,6033.0,,,OSM,,node/9932060157,
VP0478,viewpoint,Horshoe Bottom Overlook,40.809793,-108.939435,5442.0,NO-GO,,Fish & Wildlife Service refuge,FWS,0.13,360.0,40.811971,-108.939452,5447.0,,"FAA AC 91-36D: pilots asked to stay >= 2,000 ft AGL over NPS, wilderness and refuges",OSM,,node/7096146969,
VP0479,viewpoint,House of Many Windows Viewpoint,37.1594743,-108.4707124,6779.0,NO-GO,,National Park Service,NPS,7.12,61.0,37.217878,-108.341288,6170.0,,"FAA AC 91-36D: pilots asked to stay >= 2,000 ft AGL over NPS, wilderness and refuges",OSM,,node/1356520064,
VP0480,viewpoint,Hueghs Creek Falls Viewpoint,40.6461676,-111.7795174,6170.0,CALL FIRST,f,USFS - check forest orders,USFS,3.85,188.0,40.582625,-111.791281,5338.0,,,OSM,,node/11896014199,
VP0481,viewpoint,Hunter Canyon Overlook,38.4666156,-109.5010233,5433.0,LANDABLE,g,BLM land,BLM,0.0,,38.466616,-109.501023,5433.0,,,OSM,,node/10580038221,
VP0482,viewpoint,INC Las Vegas Locale,36.1702267,-115.1074669,1817.0,OTHER,,Private,PVT,2.87,176.0,36.122421,-115.103116,1893.0,,,OSM,,node/4161526092,
VP0483,viewpoint,Ice Caves,40.7187221,-110.8900899,10436.0,CALL FIRST,f,USFS - check forest orders,USFS,10.6,307.0,40.826085,-111.074813,9459.0,,,OSM,,node/4994948681,
VP0484,viewpoint,Icebox Canyon Overlook,38.6022036,-109.5402559,4421.0,LANDABLE,g,BLM land,BLM,0.0,,38.602204,-109.540256,4421.0,,,OSM,,node/10183513406,
VP0485,viewpoint,Illinois Overlook,38.5822081,-106.6243014,9421.0,CALL FIRST,f,USFS - check forest orders,USFS,0.98,226.0,38.570875,-106.639284,8957.0,,,OSM,,node/3815706762,
VP0486,viewpoint,Imogene Pass Summit,37.9328781,-107.736707,13115.0,OTHER,,Private,PVT,2.94,125.0,37.904497,-107.686238,12026.0,,,OSM,,node/5819317296,
VP0487,viewpoint,Imperial Canyon Overlook,38.036577,-110.023689,5362.0,NO-GO,,National Park Service,NPS,0.58,90.0,38.03657,-110.011383,5483.0,,"FAA AC 91-36D: pilots asked to stay >= 2,000 ft AGL over NPS, wilderness and refuges",OSM,,node/9600963196,
VP0488,viewpoint,Improving Shop Creek—A Story of Success,39.6310682,-104.8339155,5576.0,OTHER,,Unclassified (private / other),OTHFE,23.14,287.0,39.73999,-105.313114,6518.0,,,OSM,,node/8777792519,
VP0489,viewpoint,Inchworm Arch Lower Viewpoint,37.1104448,-112.3164195,5652.0,LANDABLE,g,BLM land,BLM,0.0,,37.110445,-112.31642,5652.0,,,OSM,,node/9454275654,
VP0490,viewpoint,Inchworm Arch Middle Viewpoint,37.110644,-112.3160444,5688.0,LANDABLE,g,BLM land,BLM,0.0,,37.110644,-112.316044,5688.0,,,OSM,,node/11301399206,
VP0491,viewpoint,Inchworm Arch Upper Viewpoint,37.1105095,-112.3169012,5666.0,LANDABLE,g,BLM land,BLM,0.0,,37.11051,-112.316901,5666.0,,,OSM,,node/11301399204,
VP0492,viewpoint,Independence Ghost Town Lookout,39.1067531,-106.6036778,10946.0,CALL FIRST,f,USFS - check forest orders,USFS,10.94,69.0,39.171954,-106.384739,9975.0,,,OSM,,node/13123043543,
VP0493,viewpoint,Independence Monument View,39.0936387,-108.7321193,5812.0,NO-GO,,National Park Service,NPS,1.74,56.0,39.109888,-108.701185,4720.0,,"FAA AC 91-36D: pilots asked to stay >= 2,000 ft AGL over NPS, wilderness and refuges",OSM,,node/4344570879,
VP0494,viewpoint,Independence Pass Continental Divide,39.1083063,-106.5641646,12100.0,CALL FIRST,f,USFS - check forest orders,USFS,9.2,65.0,39.171954,-106.384739,9975.0,,,OSM,,node/1305519476,
VP0495,viewpoint,Independence Pass Viewpoint,39.1196065,-106.580282,11394.0,CALL FIRST,f,USFS - check forest orders,USFS,9.65,71.0,39.171954,-106.384739,9975.0,,,OSM,,node/9784476050,
VP0496,viewpoint,Indian Creek Viewpoint,38.2594742,-109.6969862,6265.0,LANDABLE,g,BLM land,BLM,0.0,,38.259474,-109.696986,6265.0,,,OSM,,node/5712630111,
VP0497,viewpoint,Indian Point,38.9160238,-108.1800243,9989.0,CALL FIRST,f,USFS - check forest orders,USFS,2.38,270.0,38.916202,-108.230807,7125.0,,,OSM,,node/2385846788,
VP0498,viewpoint,Indiana Pass,37.4551601,-106.5483717,11938.0,CALL FIRST,f,USFS - check forest orders,USFS,11.09,17.0,37.631599,-106.478555,8837.0,,,OSM,,node/2980381456,
VP0499,viewpoint,Inspiration Point,36.4128824,-104.9948032,8174.0,OTHER,,Private,PVT,10.38,206.0,36.257166,-105.088678,8695.0,,,OSM,,node/4587712818,
VP0500,viewpoint,Inspiration Viewpoint,33.6677534,-111.8275819,2728.0,OTHER,,Private,PVT,4.72,251.0,33.642088,-111.916666,1539.0,,,OSM,,node/6219872010,
VP0501,viewpoint,Interdune,32.7953359,-106.2388256,3979.0,NO-GO,,National Park Service,NPS,5.16,91.0,32.794043,-106.136803,4014.0,,"FAA AC 91-36D: pilots asked to stay >= 2,000 ft AGL over NPS, wilderness and refuges",OSM,,node/2876962752,
VP0502,viewpoint,Iron Springs Bench Overlook,40.4896624,-109.0686932,7673.0,NO-GO,,National Park Service,NPS,0.61,180.0,40.479571,-109.068682,6776.0,,"FAA AC 91-36D: pilots asked to stay >= 2,000 ft AGL over NPS, wilderness and refuges",OSM,,node/412064409,
VP0503,viewpoint,Island Park Overlook,40.4863162,-109.0943992,7535.0,NO-GO,,National Park Service,NPS,0.41,174.0,40.479558,-109.093504,7530.0,,"FAA AC 91-36D: pilots asked to stay >= 2,000 ft AGL over NPS, wilderness and refuges",OSM,,node/412064394,
VP0504,viewpoint,Island Peaks View,38.5672531,-107.6902424,7891.0,NO-LAND,a,Wilderness,NPS,1.39,240.0,38.555745,-107.715971,8210.0,,"FAA AC 91-36D: pilots asked to stay >= 2,000 ft AGL over NPS, wilderness and refuges",OSM,1795310,node/358946069,
VP0505,viewpoint,Jacks Cabin Pass,38.7251007,-106.8136187,8742.0,CALL FIRST,f,USFS - check forest orders,USFS,4.76,68.0,38.754193,-106.719359,9382.0,,,OSM,,node/2399755627,
VP0506,viewpoint,Jacob Lake Lookout Tower,36.6997613,-112.2137934,8166.0,CALL FIRST,f,USFS - check forest orders,USFS,8.87,339.0,36.838103,-112.279129,6113.0,,,OSM,24066,node/359260872,
VP0507,viewpoint,James Peak Overlook,39.8561136,-105.65826,11535.0,CALL FIRST,f,USFS - check forest orders,USFS,5.91,109.0,39.824144,-105.537251,8934.0,,,OSM,,node/11142469002,
VP0508,viewpoint,Jasper Forest Viewpoint,34.888913,-109.8075057,5520.0,NO-GO,,National Park Service,NPS,5.22,335.0,34.967812,-109.852511,5282.0,,"FAA AC 91-36D: pilots asked to stay >= 2,000 ft AGL over NPS, wilderness and refuges",OSM,,node/2394097803,
VP0509,viewpoint,Jemez Canyon Overlook,35.8573425,-106.6284647,8002.0,CALL FIRST,f,USFS - check forest orders,USFS,13.17,262.0,35.826342,-106.895755,7537.0,,,OSM,,node/7511418970,
VP0510,viewpoint,John Ford's Point,36.9544257,-110.0873739,5289.0,NO-LAND,c,Tribal land - tribal permission required,BIA,13.94,30.0,37.154951,-109.940393,3977.0,,,OSM,,node/907126872,en:Monument Valley
VP0511,viewpoint,John Wayne's Point,36.9817801,-110.1117109,5620.0,NO-LAND,c,Tribal land - tribal permission required,BIA,13.23,38.0,37.156155,-109.942555,3971.0,,,OSM,,node/4802540221,
VP0512,viewpoint,John's Trail,37.092723,-113.4201671,3341.0,LANDABLE,g,BLM land,BLM,0.0,,37.092723,-113.420167,3341.0,,,OSM,,node/13042169436,
VP0513,viewpoint,Johnson Lake Outlook,38.9457972,-114.3010441,11304.0,NO-GO,,National Park Service,NPS,1.29,255.0,38.940251,-114.327657,9595.0,,"FAA AC 91-36D: pilots asked to stay >= 2,000 ft AGL over NPS, wilderness and refuges",OSM,,node/6940368459,
VP0514,viewpoint,Joint Effort,37.0937241,-113.3813087,3311.0,CALL FIRST,e,State land - state land office permission,ST,0.19,270.0,37.093723,-113.385283,3368.0,,,OSM,,node/13042138695,
VP0515,viewpoint,Jolley Gulch,37.251999,-112.877087,6125.0,NO-GO,,National Park Service,NPS,0.02,0.0,37.252372,-112.877085,6128.0,,"FAA AC 91-36D: pilots asked to stay >= 2,000 ft AGL over NPS, wilderness and refuges",OSM,,node/9236815017,
VP0516,viewpoint,Juan Tabo Overlook,35.2228093,-106.4827077,6978.0,CALL FIRST,f,USFS - check forest orders,USFS,5.8,17.0,35.315464,-106.448429,5929.0,,,OSM,,node/13332714077,
VP0517,viewpoint,Judd Hollow Viewpoint,36.9953228,-111.7816372,4305.0,NO-LAND,a,Wilderness,BLM,1.09,318.0,37.008863,-111.796901,5095.0,,"FAA AC 91-36D: pilots asked to stay >= 2,000 ft AGL over NPS, wilderness and refuges | Within 15 nm of Grand Canyon NP: check the Grand Canyon SFRA on the Grand Canyon VFR chart",OSM,,node/1755149289,
VP0518,viewpoint,Jumbo Overlook,39.5059655,-106.0267128,9944.0,CALL FIRST,f,USFS - check forest orders,USFS,11.57,145.0,39.348301,-105.88304,9763.0,,,OSM,,node/12563616546,
VP0519,viewpoint,Jumbo Tron,39.6990422,-105.1967818,6129.0,OTHER,,Private,PVT,5.92,295.0,39.73999,-105.313114,6518.0,,,OSM,,node/5860018096,
VP0520,viewpoint,Jumbo Tron View,39.6983806,-105.1969706,6152.0,OTHER,,Private,PVT,5.93,295.0,39.73999,-105.313114,6518.0,,,OSM,,node/5860052015,
VP0521,viewpoint,Junction Overlook,36.1383069,-109.4935046,6050.0,NO-GO,,National Park Service,NPS,36.99,144.0,35.639601,-109.046365,6973.0,,"FAA AC 91-36D: pilots asked to stay >= 2,000 ft AGL over NPS, wilderness and refuges",OSM,24473,node/151560062,
VP0522,viewpoint,Kachina Point,35.084545,-109.7880889,5784.0,NO-GO,,National Park Service,NPS,4.31,229.0,35.036882,-109.853605,5374.0,,"FAA AC 91-36D: pilots asked to stay >= 2,000 ft AGL over NPS, wilderness and refuges",OSM,6576,node/359247431,
VP0523,viewpoint,Kane Creek Canyon Overlook,38.445028,-109.581322,5482.0,LANDABLE,g,BLM land,BLM,0.0,,38.445028,-109.581322,5482.0,,,OSM,,node/9760464983,
VP0524,viewpoint,Kane Creek Canyon Overlook,38.4703697,-109.587007,5403.0,LANDABLE,g,BLM land,BLM,0.0,,38.47037,-109.587007,5403.0,,,OSM,,node/83756423,
VP0525,viewpoint,Keg Spring Bottom Viewpoint,38.660685,-110.050689,4586.0,LANDABLE,g,BLM land,BLM,0.0,,38.660685,-110.050689,4586.0,,,OSM,,node/8659497042,
VP0526,viewpoint,Kennedy Point,35.8969959,-105.602284,9409.0,NO-LAND,a,Wilderness,USFS,14.16,270.0,35.897314,-105.89277,7507.0,,"FAA AC 91-36D: pilots asked to stay >= 2,000 ft AGL over NPS, wilderness and refuges",OSM,,node/6703509501,
VP0527,viewpoint,Kenosha Pass - South Park,39.4034871,-105.7546609,9904.0,OTHER,,Private,PVT,4.69,212.0,39.337344,-105.808336,9407.0,,,OSM,,node/1432157639,
VP0528,viewpoint,Kenosha Pass Overlook,39.3994528,-105.742283,10119.0,CALL FIRST,f,USFS - check forest orders,USFS,4.81,210.0,39.330049,-105.794243,9385.0,,,OSM,,node/6856276585,
VP0529,viewpoint,Kenosha Pass Overlook,39.4084066,-105.7141844,11040.0,CALL FIRST,f,USFS - check forest orders,USFS,6.0,218.0,39.330049,-105.794243,9385.0,,,OSM,,node/10694265458,
VP0530,viewpoint,Kettletop Overlook,33.235420500000004,-107.20890935203818,4497.0,OTHER,,Bureau of Reclamation,USBR,1.24,296.0,33.24461,-107.231011,4683.0,,,OSM,,way/1368969024,
VP0531,viewpoint,KhPeak Overlook,40.3012687,-111.6256639,6678.0,CALL FIRST,f,USFS - check forest orders,USFS,5.34,248.0,40.267951,-111.733411,4497.0,,,OSM,,node/415803094,
VP0532,viewpoint,Kneeling Camel View,38.561894,-107.6778069,7865.0,NO-LAND,a,Wilderness,NPS,1.83,258.0,38.555745,-107.715971,8210.0,,"FAA AC 91-36D: pilots asked to stay >= 2,000 ft AGL over NPS, wilderness and refuges",OSM,1795311,node/358946071,
VP0533,viewpoint,Knob Hill Overlook,40.0534962,-105.4690109,8971.0,CALL FIRST,f,USFS - check forest orders,USFS,1.89,298.0,40.06821,-105.505279,9020.0,,,OSM,,node/10258124008,
VP0534,viewpoint,Knob Point,39.0921619,-119.8572245,6032.0,CALL FIRST,f,USFS - check forest orders,USFS,3.82,67.0,39.117563,-119.782122,5020.0,,,OSM,,node/5925943450,
VP0535,viewpoint,Knocking on Heaven's Door Overlook,35.4350972,-105.958066,6210.0,OTHER,,Private,PVT,1.62,144.0,35.4133,-105.938534,6141.0,,,OSM,,node/9709664940,
VP0536,viewpoint,Kodak House Overlook,37.1761031,-108.5306472,6981.0,NO-GO,,National Park Service,NPS,5.63,348.0,37.268108,-108.554608,7171.0,,"FAA AC 91-36D: pilots asked to stay >= 2,000 ft AGL over NPS, wilderness and refuges",OSM,,node/1141027341,
VP0537,viewpoint,La Junta Point,36.6560632,-105.6868766,7387.0,NO-LAND,d,BLM National Monument / NCA,BLM,4.47,174.0,36.581799,-105.677126,7056.0,,,OSM,,node/537214294,
VP0538,viewpoint,La Sal Mountains Viewpoint,38.6263303,-109.5911955,4484.0,NO-GO,,National Park Service,NPS,1.18,226.0,38.612604,-109.609141,4046.0,,"FAA AC 91-36D: pilots asked to stay >= 2,000 ft AGL over NPS, wilderness and refuges",OSM,,node/759250925,
VP0539,viewpoint,La Ventana Arch Viewpoint,34.8697956,-107.8895443,6999.0,NO-LAND,a,Wilderness,BLM,5.63,342.0,34.9593,-107.924291,6852.0,,"FAA AC 91-36D: pilots asked to stay >= 2,000 ft AGL over NPS, wilderness and refuges",OSM,,node/1891869797,
VP0540,viewpoint,La Verkin Canyon Overlook,37.290448,-113.2726991,5338.0,NO-LAND,a,Wilderness,BLM,0.07,264.0,37.290337,-113.274067,5280.0,,"FAA AC 91-36D: pilots asked to stay >= 2,000 ft AGL over NPS, wilderness and refuges",OSM,,node/13260780740,
VP0541,viewpoint,Labyrinth Canyon Overlook,38.597798,-110.0290964,4752.0,LANDABLE,g,BLM land,BLM,0.0,,38.597798,-110.029096,4752.0,,,OSM,,node/9194628881,
VP0542,viewpoint,Lacey Point View,35.0630401,-109.8027061,5706.0,NO-GO,,National Park Service,NPS,2.96,238.0,35.036882,-109.853605,5374.0,,"FAA AC 91-36D: pilots asked to stay >= 2,000 ft AGL over NPS, wilderness and refuges",OSM,,node/1792620318,
VP0543,viewpoint,Lake Ann Pass,38.9127233,-106.468594,12593.0,NO-LAND,a,Wilderness,USFS,10.13,47.0,39.028608,-106.310983,9926.0,,"FAA AC 91-36D: pilots asked to stay >= 2,000 ft AGL over NPS, wilderness and refuges",OSM,,node/14142998503,
VP0544,viewpoint,Lake Emma Overlook,37.9026073,-107.6131812,12317.0,OTHER,,Private,PVT,0.09,257.0,37.902252,-107.615107,12223.0,,,OSM,,node/11067270504,
VP0545,viewpoint,Lake Holloman - Bird Watch Post,32.8063411,-106.1227424,4030.0,NO-GO,,Department of Defense,DOD,0.15,159.0,32.803951,-106.121667,4021.0,,DoD land: check restricted / military airspace,OSM,,node/4145845089,
VP0546,viewpoint,Lake Mead Viewpoint,35.7087674,-114.7107713,802.0,NO-GO,,National Park Service,NPS,3.25,270.0,35.709188,-114.777241,1953.0,,"FAA AC 91-36D: pilots asked to stay >= 2,000 ft AGL over NPS, wilderness and refuges",OSM,,node/3128452791,
VP0547,viewpoint,Lake Pleasant Overlook,33.9773696,-112.3534773,2179.0,OTHER,,Private,PVT,0.48,172.0,33.969492,-112.352178,1896.0,,,OSM,,node/14005052617,
VP0548,viewpoint,Lakeview Overlook,36.0172846,-114.7619358,1659.0,NO-GO,,National Park Service,NPS,5.59,270.0,36.017231,-114.876875,2790.0,,"FAA AC 91-36D: pilots asked to stay >= 2,000 ft AGL over NPS, wilderness and refuges",OSM,,node/1183480121,
VP0549,viewpoint,Land of Lakes Overlook,39.0290486,-108.0190484,10791.0,CALL FIRST,f,USFS - check forest orders,USFS,3.87,143.0,38.977305,-107.969391,7781.0,,,OSM,,node/6621979611,
VP0550,viewpoint,Las Uvas,32.5885473,-107.1427823,5094.0,NO-LAND,d,BLM National Monument / NCA,BLM,2.11,299.0,32.605421,-107.179257,4683.0,,,OSM,,node/4941172233,
VP0551,viewpoint,Las Vegas Bay Overlook,36.1170996,-114.863007,1259.0,NO-GO,,National Park Service,NPS,2.18,212.0,36.086148,-114.886417,2062.0,,"FAA AC 91-36D: pilots asked to stay >= 2,000 ft AGL over NPS, wilderness and refuges",OSM,,node/8861274049,
VP0552,viewpoint,Las Vegas Bay Picnic Area,36.1191634,-114.8667442,1235.0,NO-GO,,National Park Service,NPS,2.2,206.0,36.086148,-114.886417,2062.0,,"FAA AC 91-36D: pilots asked to stay >= 2,000 ft AGL over NPS, wilderness and refuges",OSM,,node/11813120440,
VP0553,viewpoint,Lava Caves (entry forbidden),34.9693423,-108.0034631,7278.0,NO-GO,,National Park Service,NPS,0.71,203.0,34.958491,-108.00905,7370.0,,"FAA AC 91-36D: pilots asked to stay >= 2,000 ft AGL over NPS, wilderness and refuges",OSM,,node/1890273470,
VP0554,viewpoint,Lava Cliffs,40.4247537,-105.7534386,12076.0,NO-GO,,National Park Service,NPS,10.24,116.0,40.350777,-105.552046,8688.0,,"FAA AC 91-36D: pilots asked to stay >= 2,000 ft AGL over NPS, wilderness and refuges",OSM,,node/3357078186,
VP0555,viewpoint,Lava Point Overlook A,37.3837138,-113.0283655,7853.0,NO-GO,,National Park Service,NPS,0.6,7.0,37.393657,-113.02677,6931.0,,"FAA AC 91-36D: pilots asked to stay >= 2,000 ft AGL over NPS, wilderness and refuges",OSM,,node/1814607958,
VP0556,viewpoint,Lava Point Overlook B,37.3841814,-113.0290818,7805.0,NO-GO,,National Park Service,NPS,0.58,11.0,37.393657,-113.02677,6931.0,,"FAA AC 91-36D: pilots asked to stay >= 2,000 ft AGL over NPS, wilderness and refuges",OSM,,node/11074252347,
VP0557,viewpoint,Lava Trench,34.9595868,-108.0117685,7426.0,NO-GO,,National Park Service,NPS,0.06,180.0,34.958504,-108.011776,7420.0,,"FAA AC 91-36D: pilots asked to stay >= 2,000 ft AGL over NPS, wilderness and refuges",OSM,,node/9710182929,
VP0558,viewpoint,Le Fevre Overlook,36.8306108,-112.2546741,6840.0,CALL FIRST,f,USFS - check forest orders,USFS,1.26,291.0,36.838103,-112.279129,6113.0,,,OSM,,node/1183479342,
VP0559,viewpoint,Ledge Point,37.7521425,-112.3057149,7859.0,CALL FIRST,f,USFS - check forest orders,USFS,1.25,270.0,37.752191,-112.332059,7461.0,,,OSM,,node/12219859201,
VP0560,viewpoint,Ledge Ruin Overlook,36.1593345,-109.467784,6178.0,NO-GO,,National Park Service,NPS,37.3,146.0,35.639601,-109.046365,6973.0,,"FAA AC 91-36D: pilots asked to stay >= 2,000 ft AGL over NPS, wilderness and refuges",OSM,,node/4826940822,
VP0561,viewpoint,Lehmer Lookout,36.7159667,-108.2132683,5285.0,OTHER,,Private,PVT,0.57,219.0,36.70856,-108.220618,5365.0,,,OSM,,node/11963618802,
VP0562,viewpoint,Leopard Creek Pass,37.6457199,-106.8042866,11301.0,CALL FIRST,f,USFS - check forest orders,USFS,7.21,72.0,37.682381,-106.660092,8278.0,,,OSM,,node/2980380937,
VP0563,viewpoint,Lightning Scarred Tree,35.0992904,-106.4372974,7529.0,NO-LAND,a,Wilderness,USFS,6.51,72.0,35.133641,-106.311808,6968.0,,"FAA AC 91-36D: pilots asked to stay >= 2,000 ft AGL over NPS, wilderness and refuges",OSM,,node/11198885771,
VP0564,viewpoint,Lindenmeier Overlook,40.977706,-105.099569,6634.0,OTHER,,Private,PVT,12.05,243.0,40.886726,-105.33589,6413.0,,,OSM,,node/2474538036,en:Lindenmeier site
VP0565,viewpoint,Lion's Back Viewpoint,38.5794178,-109.528909,4694.0,LANDABLE,g,BLM land,BLM,0.0,,38.579418,-109.528909,4694.0,,,OSM,,node/8707699265,
VP0566,viewpoint,Lion's Head,38.2926022,-111.4918533,7341.0,LANDABLE,g,BLM land,BLM,0.0,,38.292602,-111.491853,7341.0,,,OSM,,node/3220412382,
VP0567,viewpoint,Lipan Point,36.0330297,-111.8531791,7365.0,NO-GO,,National Park Service,NPS,21.71,266.0,36.006514,-112.297951,6166.0,,"FAA AC 91-36D: pilots asked to stay >= 2,000 ft AGL over NPS, wilderness and refuges | Inside Grand Canyon NP: Grand Canyon SFRA rules apply (14 CFR 93 Subpart U)",OSM,,node/1824753538,
VP0568,viewpoint,Little Canyon Overlook,38.6266953,-109.6755552,5214.0,LANDABLE,g,BLM land,BLM,0.0,,38.626695,-109.675555,5214.0,,,OSM,,node/9194628964,
VP0569,viewpoint,Little Colorado Gorge Overlook,35.9201607,-111.5634934,4962.0,NO-LAND,c,Tribal land - tribal permission required,BIA,14.87,146.0,35.713548,-111.394798,4766.0,,Within 15 nm of Grand Canyon NP: check the Grand Canyon SFRA on the Grand Canyon VFR chart,OSM,,node/835078403,
VP0570,viewpoint,Little Colorado River Navajo Tribal Park,35.9401151,-111.650604,5288.0,NO-LAND,c,Tribal land - tribal permission required,BIA,18.44,137.0,35.713548,-111.394798,4766.0,,Within 15 nm of Grand Canyon NP: check the Grand Canyon SFRA on the Grand Canyon VFR chart,OSM,,node/4418403994,
VP0571,viewpoint,Little Creek Waterhole,37.0424287,-113.2068867,5623.0,CALL FIRST,e,State land - state land office permission,ST,0.16,180.0,37.039737,-113.206883,5664.0,,,OSM,,node/4520780090,
VP0572,viewpoint,Little Finland,36.450741,-114.2143902,1880.0,NO-LAND,d,BLM National Monument / NCA,BLM,8.32,326.0,36.565739,-114.31061,1523.0,,,OSM,,node/443814633,en:Little Finland
VP0573,viewpoint,Little Moab,38.8819987,-104.769147,6426.0,OTHER,,Private,PVT,7.33,244.0,38.828032,-104.909534,7606.0,,,OSM,,node/9921154013,
VP0574,viewpoint,Little Notch,37.720436,-109.800961,8415.0,CALL FIRST,f,USFS - check forest orders,USFS,5.61,90.0,37.720489,-109.683147,6397.0,,,OSM,,node/83573249,
VP0575,viewpoint,Little Swallow Overlook,40.8597159,-109.1393168,5431.0,LANDABLE,g,BLM land,BLM,0.0,,40.859716,-109.139317,5431.0,,,OSM,,node/12469923806,
VP0576,viewpoint,Living Room,40.7666218,-111.8117005,5997.0,CALL FIRST,f,USFS - check forest orders,USFS,2.34,162.0,40.729412,-111.795953,5691.0,,,OSM,,node/5297902485,
VP0577,viewpoint,Lockhart Basin Overlook,38.337836,-109.636492,5701.0,LANDABLE,g,BLM land,BLM,0.0,,38.337836,-109.636492,5701.0,,,OSM,,node/8600144149,
VP0578,viewpoint,Logan Shoals Vista Point,39.0584667,-119.9439493,6375.0,CALL FIRST,f,USFS - check forest orders,USFS,8.2,74.0,39.095843,-119.775228,4852.0,,,OSM,,node/3050741119,
VP0579,viewpoint,Lone Eagle Overlook,38.877091,-105.1983384,9363.0,OTHER,,Local government,LG,2.95,127.0,38.847456,-105.148096,9484.0,,,OSM,,node/7952834365,
VP0580,viewpoint,Long Canyon Overlook,37.9184971,-111.2390687,6350.0,NO-LAND,d,BLM National Monument / NCA,BLM,0.18,41.0,37.920775,-111.236605,6228.0,,,OSM,,node/1446200053,
VP0581,viewpoint,Long House Overlook,37.185055,-108.5347536,7012.0,NO-GO,,National Park Service,NPS,5.07,349.0,37.268108,-108.554608,7171.0,,"FAA AC 91-36D: pilots asked to stay >= 2,000 ft AGL over NPS, wilderness and refuges",OSM,,node/1141027392,
VP0582,viewpoint,Long View Scenic Overlook,36.0987407,-114.8428348,1467.0,NO-GO,,National Park Service,NPS,2.25,250.0,36.086148,-114.886417,2062.0,,"FAA AC 91-36D: pilots asked to stay >= 2,000 ft AGL over NPS, wilderness and refuges",OSM,,node/11287421873,
VP0583,viewpoint,Longbow Arch Viewpoint,38.5420374,-109.6126762,4445.0,LANDABLE,g,BLM land,BLM,0.0,,38.542037,-109.612676,4445.0,,,OSM,,node/10571199689,
VP0584,viewpoint,Longwater Gulch Overlook,39.109952,-105.313977,8340.0,CALL FIRST,f,USFS - check forest orders,USFS,9.14,129.0,39.014632,-105.161359,9005.0,,,OSM,,node/12633865071,
VP0585,viewpoint,Look Out Point,38.0165166,-107.6708139,8154.0,OTHER,,Private,PVT,2.72,333.0,38.056779,-107.697189,8126.0,,,OSM,,node/13935706000,
VP0586,viewpoint,Looking Glass Arch View,38.2749403,-109.4050396,6126.0,LANDABLE,g,BLM land,BLM,0.0,,38.27494,-109.40504,6126.0,,,OSM,,node/10226546151,
VP0587,viewpoint,Lookout Escalante,37.7728572,-111.4221681,5496.0,NO-LAND,d,BLM National Monument / NCA,BLM,2.01,242.0,37.757298,-111.459519,6284.0,,,OSM,,node/1183476897,
VP0588,viewpoint,Lookout Grill,39.9408095,-105.60797774835405,10606.0,CALL FIRST,f,USFS - check forest orders,USFS,7.72,155.0,39.824144,-105.537251,8934.0,,,OSM,,way/154719230,
VP0589,viewpoint,Lookout Terrace,36.0578923,-112.1413406,6803.0,NO-GO,,National Park Service,NPS,8.22,248.0,36.006514,-112.297951,6166.0,,"FAA AC 91-36D: pilots asked to stay >= 2,000 ft AGL over NPS, wilderness and refuges | Inside Grand Canyon NP: Grand Canyon SFRA rules apply (14 CFR 93 Subpart U)",OSM,,node/5774153553,
VP0590,viewpoint,Lookout Vermillion Cliffs,36.72653,-112.06626,6009.0,NO-LAND,d,BLM National Monument / NCA,USFS,10.6,4.0,36.902928,-112.049129,5556.0,,Within 15 nm of Grand Canyon NP: check the Grand Canyon SFRA on the Grand Canyon VFR chart,OSM,,node/1183476812,
VP0591,viewpoint,Lost Dog Overlook,33.6088005,-111.8088962,1976.0,OTHER,,Private,PVT,5.72,289.0,33.640171,-111.916665,1529.0,,,OSM,,node/1073824847,
VP0592,viewpoint,Loveland Pass,39.663936,-105.8789355,11978.0,CALL FIRST,f,USFS - check forest orders,USFS,14.8,351.0,39.907818,-105.928814,10760.0,,,OSM,,node/1867660938,en:Loveland Pass
VP0593,viewpoint,Lovers Leap,36.4243722,-105.0029156,7302.0,OTHER,,Private,PVT,10.85,203.0,36.257166,-105.088678,8695.0,,,OSM,891405,node/357576563,
VP0594,viewpoint,Lovers' Knoll,34.836308,-111.8206215,4194.0,CALL FIRST,f,USFS - check forest orders,USFS,21.92,258.0,34.759235,-112.25436,5499.0,,,OSM,,node/4810864521,
VP0595,viewpoint,Lower Delicate Arch Viewpoint,38.7342052,-109.5001433,4356.0,NO-GO,,National Park Service,NPS,0.43,90.0,38.734219,-109.490959,4453.0,,"FAA AC 91-36D: pilots asked to stay >= 2,000 ft AGL over NPS, wilderness and refuges",OSM,,node/4107296491,
VP0596,viewpoint,Lower Falls Vista,39.4211664,-106.0817673,11400.0,OTHER,,Private,PVT,7.16,239.0,39.360322,-106.214222,11302.0,,,OSM,,node/5436366414,
VP0597,viewpoint,Lower Inspiration Point,37.6160478,-112.1703492,8153.0,NO-GO,,National Park Service,NPS,2.04,104.0,37.608049,-112.128864,6959.0,,"FAA AC 91-36D: pilots asked to stay >= 2,000 ft AGL over NPS, wilderness and refuges",OSM,,node/895815942,
VP0598,viewpoint,Lower Lake Overlook,39.177816,-106.4912521,12079.0,NO-LAND,a,Wilderness,USFS,4.97,90.0,39.177934,-106.38475,9870.0,,"FAA AC 91-36D: pilots asked to stay >= 2,000 ft AGL over NPS, wilderness and refuges",OSM,,node/12122619822,
VP0599,viewpoint,Lower Overlook,35.1882433,-114.561962,659.0,NO-GO,,National Park Service,NPS,1.06,180.0,35.170618,-114.561957,564.0,,"FAA AC 91-36D: pilots asked to stay >= 2,000 ft AGL over NPS, wilderness and refuges",OSM,,node/12597828057,
VP0600,viewpoint,Lower South Desert Overlook,38.4041594,-111.2040322,5805.0,NO-GO,,National Park Service,NPS,0.5,90.0,38.404167,-111.19351,5805.0,,"FAA AC 91-36D: pilots asked to stay >= 2,000 ft AGL over NPS, wilderness and refuges",OSM,,node/3227293629,
VP0601,viewpoint,Lyons Overlook,39.4356202,-105.0715142,6258.0,OTHER,,Local government,LG,11.06,278.0,39.461795,-105.30718,8369.0,,,OSM,,node/1184047880,
VP0602,viewpoint,Maar Volcano,31.9587219,-106.9678845,4210.0,NO-LAND,d,BLM National Monument / NCA,BLM,1.38,235.0,31.945429,-106.990082,4149.0,,,OSM,,node/4906193041,
VP0603,viewpoint,Madera Overlook,35.212972,-106.4059506,8657.0,CALL FIRST,f,USFS - check forest orders,USFS,4.55,43.0,35.26895,-106.343287,6268.0,,,OSM,,node/6416909005,
VP0604,viewpoint,Magpies Perch,36.4295915,-104.9857593,7440.0,OTHER,,Private,PVT,11.47,206.0,36.257166,-105.088678,8695.0,,,OSM,,node/10213476203,
VP0605,viewpoint,Mailbox Overlook,39.8283459,-105.6647487,11677.0,CALL FIRST,f,USFS - check forest orders,USFS,5.9,92.0,39.824144,-105.537251,8934.0,,,OSM,,node/11142469004,
VP0606,viewpoint,Mammoth Spire Overlook,37.5235455,-112.005529,5836.0,CALL FIRST,e,State land - state land office permission,ST,0.51,360.0,37.532102,-112.005577,5950.0,,,OSM,,node/2315374355,
VP0607,viewpoint,Mancos Overlook,37.3044781,-108.4103165,7814.0,NO-GO,,National Park Service,NPS,0.68,125.0,37.297924,-108.398701,7235.0,,"FAA AC 91-36D: pilots asked to stay >= 2,000 ft AGL over NPS, wilderness and refuges",OSM,,node/1132920724,
VP0608,viewpoint,Many Parks Curve,40.3872779,-105.6312657,9637.0,NO-GO,,National Park Service,NPS,4.24,121.0,40.350777,-105.552046,8688.0,,"FAA AC 91-36D: pilots asked to stay >= 2,000 ft AGL over NPS, wilderness and refuges",OSM,,node/12749871901,
VP0609,viewpoint,Mao's Milestone,35.4770169,-105.9352399,6510.0,OTHER,,Private,PVT,3.44,157.0,35.424165,-105.907685,6276.0,,,OSM,,node/10798144235,
VP0610,viewpoint,Maple Canyon Viewpoint,39.5648033,-111.6978955,8046.0,CALL FIRST,f,USFS - check forest orders,USFS,2.13,151.0,39.533665,-111.675752,7354.0,,,OSM,,node/13056627466,
VP0611,viewpoint,Marble Valley,39.1042427,-107.2669258,7675.0,CALL FIRST,f,USFS - check forest orders,USFS,5.26,215.0,39.032378,-107.331635,8013.0,,,OSM,,node/10067645920,
VP0612,viewpoint,Marble Viewpoint,36.4024124,-112.061249,8924.0,CALL FIRST,f,USFS - check forest orders,USFS,26.36,206.0,36.006514,-112.297951,6166.0,,Within 15 nm of Grand Canyon NP: check the Grand Canyon SFRA on the Grand Canyon VFR chart,OSM,,node/8119173290,
VP0613,viewpoint,Marcellina Pass,38.8779853,-107.1053036,10330.0,CALL FIRST,f,USFS - check forest orders,USFS,3.46,65.0,38.90268,-107.03845,10009.0,,,OSM,,node/2399768451,
VP0614,viewpoint,Marching Man Photopoint,38.7854143,-109.6850859,5008.0,NO-GO,,National Park Service,NPS,0.45,270.0,38.785433,-109.694655,5012.0,,"FAA AC 91-36D: pilots asked to stay >= 2,000 ft AGL over NPS, wilderness and refuges",OSM,,node/1833496587,
VP0615,viewpoint,Margiesa Gulch Pass,38.6185238,-106.9746299,8465.0,LANDABLE,g,BLM land,BLM,0.0,,38.618524,-106.97463,8465.0,,,OSM,,node/2399752176,
VP0616,viewpoint,Maricopa Point,36.0719426,-112.1484058,6898.0,NO-GO,,National Park Service,NPS,8.27,242.0,36.006514,-112.297951,6166.0,,"FAA AC 91-36D: pilots asked to stay >= 2,000 ft AGL over NPS, wilderness and refuges | Inside Grand Canyon NP: Grand Canyon SFRA rules apply (14 CFR 93 Subpart U)",OSM,,node/1915865586,
VP0617,viewpoint,Marlette Lake Overlook,39.1584705,-119.8888736,8957.0,CALL FIRST,f,USFS - check forest orders,USFS,5.39,59.0,39.204447,-119.78955,4898.0,,,OSM,,node/14084865346,
VP0618,viewpoint,Marlette Lake Vista Point,39.1941639,-119.8998116,8653.0,CALL FIRST,e,State land - state land office permission,ST,5.18,83.0,39.204447,-119.78955,4898.0,,,OSM,,node/460356568,
VP0619,viewpoint,Mary Jane Coulter Lookout,36.0580632,-112.1424438,6722.0,NO-GO,,National Park Service,NPS,8.17,248.0,36.006514,-112.297951,6166.0,,"FAA AC 91-36D: pilots asked to stay >= 2,000 ft AGL over NPS, wilderness and refuges | Inside Grand Canyon NP: Grand Canyon SFRA rules apply (14 CFR 93 Subpart U)",OSM,,node/1822251669,
VP0620,viewpoint,Mary's Point (Scenic Overlook),36.0765525,-115.3402615,3194.0,LANDABLE,g,BLM land,BLM,0.0,,36.076552,-115.340262,3194.0,,,OSM,,node/8339554639,
VP0621,viewpoint,Massacre Cave Overlook,36.2370845,-109.3591489,6770.0,NO-GO,,National Park Service,NPS,38.91,157.0,35.639601,-109.046365,6973.0,,"FAA AC 91-36D: pilots asked to stay >= 2,000 ft AGL over NPS, wilderness and refuges",OSM,,node/1747628612,
VP0622,viewpoint,Mather Overlook,39.0203485,-114.2747641,9186.0,NO-GO,,National Park Service,NPS,1.38,48.0,39.035758,-114.252946,7695.0,,"FAA AC 91-36D: pilots asked to stay >= 2,000 ft AGL over NPS, wilderness and refuges",OSM,,node/301018400,
VP0623,viewpoint,Mather Point,36.0616497,-112.1079462,7110.0,NO-GO,,National Park Service,NPS,9.82,250.0,36.006514,-112.297951,6166.0,,"FAA AC 91-36D: pilots asked to stay >= 2,000 ft AGL over NPS, wilderness and refuges | Inside Grand Canyon NP: Grand Canyon SFRA rules apply (14 CFR 93 Subpart U)",OSM,7771,node/359248419,
VP0624,viewpoint,Mather Point Amphitheatre,36.0602123,-112.1066569,7105.0,NO-GO,,National Park Service,NPS,9.85,251.0,36.006514,-112.297951,6166.0,,"FAA AC 91-36D: pilots asked to stay >= 2,000 ft AGL over NPS, wilderness and refuges | Inside Grand Canyon NP: Grand Canyon SFRA rules apply (14 CFR 93 Subpart U)",OSM,,node/4886148328,
VP0625,viewpoint,Maze,37.0627909,-113.4298006,4006.0,LANDABLE,g,BLM land,BLM,0.0,,37.062791,-113.429801,4006.0,,,OSM,,node/13042150173,
VP0626,viewpoint,Maze Overlook,38.2327389,-110.0031332,5162.0,NO-GO,,National Park Service,NPS,8.41,297.0,38.296521,-110.161733,6022.0,,"FAA AC 91-36D: pilots asked to stay >= 2,000 ft AGL over NPS, wilderness and refuges",OSM,,node/3414384317,
VP0627,viewpoint,McKenna Point,38.934571,-119.8856064,8397.0,CALL FIRST,f,USFS - check forest orders,USFS,8.94,84.0,38.950447,-119.695803,4934.0,,,OSM,,node/13954381427,
VP0628,viewpoint,Meadow Pass,37.5716226,-106.6869346,10234.0,CALL FIRST,f,USFS - check forest orders,USFS,6.59,13.0,37.678794,-106.655537,8205.0,,,OSM,,node/2980381454,
VP0629,viewpoint,Meadow Views,39.017552,-114.282985,9085.0,NO-GO,,National Park Service,NPS,1.78,52.0,39.035758,-114.252946,7695.0,,"FAA AC 91-36D: pilots asked to stay >= 2,000 ft AGL over NPS, wilderness and refuges",OSM,,node/6584502985,
VP0630,viewpoint,Meander Overlook,38.4786697,-109.7457344,5863.0,OTHER,,Private,PVT,0.23,180.0,38.47491,-109.745745,5178.0,,,OSM,,node/2296224145,
VP0631,viewpoint,Medano Pass,37.8557582,-105.4320797,9974.0,CALL FIRST,f,USFS - check forest orders,USFS,5.34,180.0,37.766618,-105.432659,9719.0,,,OSM,,node/2970962607,
VP0632,viewpoint,Medicine Bow Curve,40.4472287,-105.7542111,11621.0,NO-GO,,National Park Service,NPS,10.92,122.0,40.350777,-105.552046,8688.0,,"FAA AC 91-36D: pilots asked to stay >= 2,000 ft AGL over NPS, wilderness and refuges",OSM,,node/3357079012,
VP0633,viewpoint,Meeks Mesa Overlook,38.3427828,-111.3687468,7578.0,CALL FIRST,f,USFS - check forest orders,USFS,1.11,180.0,38.324331,-111.368756,6431.0,,,OSM,,node/10836184935,
VP0634,viewpoint,Memorial Point Scenic Overlook,39.209391,-119.9297842,6258.0,CALL FIRST,e,State land - state land office permission,ST,6.04,43.0,39.282966,-119.841226,5107.0,,,OSM,,node/3050680332,
VP0635,viewpoint,Meridian Peak,40.8130486,-111.891255,5965.0,CALL FIRST,f,USFS - check forest orders,USFS,6.64,139.0,40.729412,-111.795953,5691.0,,,OSM,1443310,node/356679232,en:Meridian Peak
VP0636,viewpoint,Merriam Crater,35.312206,-111.2736764,6400.0,CALL FIRST,e,State land - state land office permission,ST,1.11,0.0,35.330706,-111.273645,5898.0,,,OSM,,node/1655221066,
VP0637,viewpoint,Merrick,36.9766793,-110.0970596,5234.0,NO-LAND,c,Tribal land - tribal permission required,BIA,13.07,35.0,37.154951,-109.940393,3977.0,,,OSM,,node/4802540321,
VP0638,viewpoint,Mesa Contenta Park Lookout Area,35.2626885,-106.6641292,5390.0,OTHER,,Private,PVT,9.22,59.0,35.34068,-106.502388,5207.0,,,OSM,,node/4888451596,
VP0639,viewpoint,Mesa Overlook,35.2344333,-106.9317833,5750.0,OTHER,,Private,PVT,5.41,260.0,35.218369,-107.040109,5781.0,,,OSM,,node/2218609418,
VP0640,viewpoint,Mesa Towers Overlook,38.171944,-110.4225,5010.0,LANDABLE,g,BLM land,BLM,0.0,,38.171944,-110.4225,5010.0,,,OSM,,node/3410477689,
VP0641,viewpoint,Mesa Trail Overlook,38.8392439,-104.886926,6551.0,OTHER,,Private,PVT,1.26,238.0,38.828032,-104.909534,7606.0,,,OSM,,node/429609482,
VP0642,viewpoint,Middle Inspiration Point,37.6151621,-112.169897,8201.0,NO-GO,,National Park Service,NPS,2.0,102.0,37.608049,-112.128864,6959.0,,"FAA AC 91-36D: pilots asked to stay >= 2,000 ft AGL over NPS, wilderness and refuges",OSM,,node/895815948,
VP0643,viewpoint,Military Sinkhole Observation Site,34.3088639,-110.9262106,7513.0,CALL FIRST,f,USFS - check forest orders,USFS,24.79,29.0,34.669289,-110.680543,6033.0,,,OSM,,node/3141894607,
VP0644,viewpoint,Millers Point,37.8299086,-114.4138208,4984.0,CALL FIRST,e,State land - state land office permission,ST,0.27,90.0,37.829928,-114.408097,4996.0,,,OSM,,node/1851731515,
VP0645,viewpoint,Milt's Mile,37.0995134,-113.3861485,3133.0,LANDABLE,g,BLM land,BLM,0.0,,37.099513,-113.386148,3133.0,,,OSM,,node/13042150187,
VP0646,viewpoint,Mineral Bottom Overlook,38.533339,-109.988796,4842.0,LANDABLE,g,BLM land,BLM,0.0,,38.533339,-109.988796,4842.0,,,OSM,,node/9177469957,
VP0647,viewpoint,Mineral Point Overlook,38.5501134,-109.993686,4724.0,LANDABLE,g,BLM land,BLM,0.0,,38.550113,-109.993686,4724.0,,,OSM,,node/9177469958,
VP0648,viewpoint,Mirador Overlook,35.4572456,-106.129618,6124.0,CALL FIRST,e,State land - state land office permission,ST,0.4,359.0,35.463914,-106.129731,6106.0,,,OSM,,node/6133736982,
VP0649,viewpoint,Mirror Lake Overlook,40.5530213,-105.7011368,12004.0,NO-LAND,a,Wilderness,NPS,13.92,151.0,40.350777,-105.552046,8688.0,,"FAA AC 91-36D: pilots asked to stay >= 2,000 ft AGL over NPS, wilderness and refuges",OSM,,node/1267696401,
VP0650,viewpoint,Moab trail,38.4266465,-108.8235071,4781.0,OTHER,,Private,PVT,0.04,45.0,38.427075,-108.822958,4786.0,,,OSM,,node/4947385223,
VP0651,viewpoint,Mohave Point,36.072369,-112.1660274,6951.0,NO-GO,,National Park Service,NPS,7.54,238.0,36.006514,-112.297951,6166.0,,"FAA AC 91-36D: pilots asked to stay >= 2,000 ft AGL over NPS, wilderness and refuges | Inside Grand Canyon NP: Grand Canyon SFRA rules apply (14 CFR 93 Subpart U)",OSM,8168,node/359248756,
VP0652,viewpoint,Molas Pass,37.7373684,-107.6969129,10896.0,CALL FIRST,f,USFS - check forest orders,USFS,0.5,67.0,37.740623,-107.687207,10377.0,,,OSM,,node/1833562938,
VP0653,viewpoint,Molino Canyon Vista,32.3268188,-110.70047679274629,4125.0,CALL FIRST,f,USFS - check forest orders,USFS,6.03,199.0,32.231528,-110.738547,2704.0,,,OSM,,way/336143155,
VP0654,viewpoint,Molly's Castle Overlook,38.5682057,-110.6938988,4824.0,CALL FIRST,e,State land - state land office permission,ST,0.8,31.0,38.579713,-110.68523,4903.0,,,OSM,,node/11105629918,
VP0655,viewpoint,Monarch Pass,38.4972291,-106.3263686,11305.0,CALL FIRST,f,USFS - check forest orders,USFS,6.43,77.0,38.52047,-106.193081,9186.0,,,OSM,,node/2399741176,
VP0656,viewpoint,Monitor and Merrimac Viewpoint,38.6464171,-109.7359287,4955.0,LANDABLE,g,BLM land,BLM,0.0,,38.646417,-109.735929,4955.0,,,OSM,,node/3130848941,
VP0657,viewpoint,Montezuma Overlook,37.2964279,-108.4417235,7812.0,NO-GO,,National Park Service,NPS,0.17,298.0,37.297715,-108.444781,7421.0,,"FAA AC 91-36D: pilots asked to stay >= 2,000 ft AGL over NPS, wilderness and refuges",OSM,,node/5560289074,
VP0658,viewpoint,Montezuma Pass Viewpoint,31.3505655,-110.2853553,6572.0,NO-GO,,National Park Service,NPS,7.83,80.0,31.372702,-110.135058,4279.0,,"FAA AC 91-36D: pilots asked to stay >= 2,000 ft AGL over NPS, wilderness and refuges",OSM,,node/7635813676,
VP0659,viewpoint,Monument Canyon View,39.0837499,-108.7157092,5947.0,NO-GO,,National Park Service,NPS,1.71,23.0,39.109888,-108.701185,4720.0,,"FAA AC 91-36D: pilots asked to stay >= 2,000 ft AGL over NPS, wilderness and refuges",OSM,,node/1442787067,
VP0660,viewpoint,Monument Creek Vista,36.060583,-112.1826424,6753.0,NO-GO,,National Park Service,NPS,6.48,240.0,36.006514,-112.297951,6166.0,,"FAA AC 91-36D: pilots asked to stay >= 2,000 ft AGL over NPS, wilderness and refuges | Inside Grand Canyon NP: Grand Canyon SFRA rules apply (14 CFR 93 Subpart U)",OSM,,node/6030540729,
VP0661,viewpoint,Moon Caves,37.819449,-114.4096121,4821.0,CALL FIRST,e,State land - state land office permission,ST,0.07,90.0,37.819453,-114.408049,4914.0,,,OSM,,node/7966704585,
VP0662,viewpoint,Moon House Overlook,37.434873,-109.7947027,5700.0,NO-LAND,b,Wilderness Study Area,BLM,1.07,223.0,37.421805,-109.809952,5886.0,,,OSM,,node/10278695939,
VP0663,viewpoint,Moon Overlook,38.4522769,-110.838012,4852.0,LANDABLE,g,BLM land,BLM,0.0,,38.452277,-110.838012,4852.0,,,OSM,,node/3200649278,
VP0664,viewpoint,Moran Point,36.0052133,-111.9242724,7125.0,NO-GO,,National Park Service,NPS,18.19,270.0,36.004642,-112.297947,6152.0,,"FAA AC 91-36D: pilots asked to stay >= 2,000 ft AGL over NPS, wilderness and refuges | Inside Grand Canyon NP: Grand Canyon SFRA rules apply (14 CFR 93 Subpart U)",OSM,,node/1824801531,
VP0665,viewpoint,Mormon Lake Overlook (North),34.9630112,-111.4382857,7292.0,CALL FIRST,f,USFS - check forest orders,USFS,11.18,86.0,34.974799,-111.212067,6165.0,,,OSM,,node/2224543355,
VP0666,viewpoint,Morrow Point Reservoir Viewpoint,38.4541667,-107.4030556,7631.0,LANDABLE,g,BLM land,BLM,0.0,,38.454167,-107.403056,7631.0,,,OSM,,node/2414708210,
VP0667,viewpoint,Mosquito Pass,39.2810905,-106.186139,13186.0,LANDABLE,g,BLM land,BLM,0.0,,39.28109,-106.186139,13186.0,,,OSM,,node/2993363135,
VP0668,viewpoint,Mosquito View Overlook,39.2797524,-106.3954861,10571.0,CALL FIRST,f,USFS - check forest orders,USFS,0.82,180.0,39.266063,-106.395387,10165.0,,,OSM,,node/12310636550,
VP0669,viewpoint,Mossy Cave,37.6636247,-112.1146499,6960.0,NO-GO,,National Park Service,NPS,0.89,108.0,37.65898,-112.096951,6709.0,,"FAA AC 91-36D: pilots asked to stay >= 2,000 ft AGL over NPS, wilderness and refuges",OSM,,node/1024494371,
VP0670,viewpoint,Mount Diablo panorama,37.8963632,-116.7555982,5531.0,LANDABLE,g,BLM land,BLM,0.0,,37.896363,-116.755598,5531.0,,,OSM,,node/13393781966,
VP0671,viewpoint,Mount McKinnon Viewpoint,41.4518642,-111.5051234,9081.0,CALL FIRST,f,USFS - check forest orders,USFS,3.98,91.0,41.451195,-111.416864,7444.0,,,OSM,,node/11173257248,
VP0672,viewpoint,Mount Tipton Overlook,35.0899002,-113.9100374,7858.0,OTHER,,Undetermined,UND,0.22,39.0,35.092687,-113.907278,7495.0,,,OSM,,node/5368369721,
VP0673,viewpoint,Mount Van Cott,40.7817726,-111.8242138,6301.0,OTHER,,Private,PVT,3.39,158.0,40.729412,-111.795953,5691.0,,,OSM,1446911,node/356680228,
VP0674,viewpoint,Mount Wire,40.7706363,-111.7984528,7121.0,CALL FIRST,f,USFS - check forest orders,USFS,2.47,177.0,40.729412,-111.795953,5691.0,,,OSM,1447490,node/10029781008,
VP0675,viewpoint,Mount of the Holy Cross Overlook,39.5580807,-106.2588788,10709.0,CALL FIRST,f,USFS - check forest orders,USFS,11.99,172.0,39.360058,-106.222716,11181.0,,,OSM,,node/3052695503,
VP0676,viewpoint,"Mountain Peak Viewpoint Along Rodeo Trail - Breckenridge, CO",39.4732022,-106.0407932,9685.0,OTHER,,Private,PVT,10.48,136.0,39.348301,-105.88304,9763.0,,,OSM,,node/11588946069,
VP0677,viewpoint,Mountain Viewpoint,31.8450057,-110.3558186,5060.0,OTHER,,Undetermined,UND,6.08,290.0,31.879373,-110.467859,4775.0,,,OSM,,node/1991371133,
VP0678,viewpoint,Mt. Scheurmann vista,34.8380682,-111.8279338,4781.0,CALL FIRST,f,USFS - check forest orders,USFS,21.59,257.0,34.759235,-112.25436,5499.0,,,OSM,,node/10119601517,
VP0679,viewpoint,Muddy Pass,39.7671968,-106.6044175,8623.0,CALL FIRST,f,USFS - check forest orders,USFS,2.08,251.0,39.756034,-106.647065,7942.0,,,OSM,,node/2317808934,
VP0680,viewpoint,Muley Point Overlook,37.2739701,-109.9395515,6286.0,LANDABLE,g,BLM land,BLM,0.0,,37.27397,-109.939552,6286.0,,,OSM,,node/2273271788,
VP0681,viewpoint,Mummy Cave Ruin Overlook,36.2286083,-109.3612509,6725.0,NO-GO,,National Park Service,NPS,38.48,156.0,35.639601,-109.046365,6973.0,,"FAA AC 91-36D: pilots asked to stay >= 2,000 ft AGL over NPS, wilderness and refuges",OSM,,node/1747748730,
VP0682,viewpoint,Mummy Cliff Lookout,38.3151426,-111.285266,6268.0,NO-GO,,National Park Service,NPS,1.58,230.0,38.298108,-111.310791,6414.0,,"FAA AC 91-36D: pilots asked to stay >= 2,000 ft AGL over NPS, wilderness and refuges",OSM,,node/9251178401,
VP0683,viewpoint,Murphy Point,38.3421222,-109.8889842,6040.0,NO-GO,,National Park Service,NPS,5.88,119.0,38.293747,-109.780559,3920.0,,"FAA AC 91-36D: pilots asked to stay >= 2,000 ft AGL over NPS, wilderness and refuges",OSM,,node/298481655,
VP0684,viewpoint,Mushroom Rock Scenic Point,33.6942329,-111.7948457,2693.0,OTHER,,Private,PVT,6.85,243.0,33.642088,-111.916666,1539.0,,,OSM,,node/12773223858,
VP0685,viewpoint,Mushroom Rocks,40.4132036,-105.7269768,12268.0,NO-GO,,National Park Service,NPS,8.85,115.0,40.350777,-105.552046,8688.0,,"FAA AC 91-36D: pilots asked to stay >= 2,000 ft AGL over NPS, wilderness and refuges",OSM,,node/6709186318,
VP0686,viewpoint,Nasty Half,37.1005634,-113.3810013,3100.0,OTHER,,Private,PVT,0.21,270.0,37.100564,-113.385285,3116.0,,,OSM,,node/13042150188,
VP0687,viewpoint,Natural Bridge Overlook,37.5318471,-112.2601908,8609.0,NO-GO,,National Park Service,NPS,2.87,102.0,37.521829,-112.201406,7079.0,,"FAA AC 91-36D: pilots asked to stay >= 2,000 ft AGL over NPS, wilderness and refuges",OSM,,node/1579908258,
VP0688,viewpoint,Nature Viewing Area,35.2993299,-106.5803756,5077.0,OTHER,,Private,PVT,4.56,57.0,35.34068,-106.502388,5207.0,,,OSM,,node/4919190299,
VP0689,viewpoint,Navajo Canyon Overlook,37.1668808,-108.4928789,6836.0,NO-GO,,National Park Service,NPS,6.75,334.0,37.268108,-108.554608,7171.0,,"FAA AC 91-36D: pilots asked to stay >= 2,000 ft AGL over NPS, wilderness and refuges",OSM,,node/1138169687,
VP0690,viewpoint,Navajo Knobs,38.3056562,-111.2700477,6926.0,NO-GO,,National Park Service,NPS,1.73,239.0,38.29087,-111.301576,6610.0,,"FAA AC 91-36D: pilots asked to stay >= 2,000 ft AGL over NPS, wilderness and refuges",OSM,,node/483029822,
VP0691,viewpoint,Navajo Lake Overlook,37.5295569,-112.7790131,9603.0,CALL FIRST,f,USFS - check forest orders,USFS,4.51,194.0,37.456401,-112.801137,7453.0,,,OSM,,node/10792130170,
VP0692,viewpoint,Navajo Point,36.0385961,-111.8374734,7436.0,NO-GO,,National Park Service,NPS,22.49,265.0,36.006514,-112.297951,6166.0,,"FAA AC 91-36D: pilots asked to stay >= 2,000 ft AGL over NPS, wilderness and refuges | Inside Grand Canyon NP: Grand Canyon SFRA rules apply (14 CFR 93 Subpart U)",OSM,,node/1368123127,
VP0693,viewpoint,Navajo Viewpoint,36.9641908,-111.4910825,3838.0,NO-GO,,National Park Service,NPS,2.12,241.0,36.946868,-111.529424,4054.0,,"FAA AC 91-36D: pilots asked to stay >= 2,000 ft AGL over NPS, wilderness and refuges | Within 15 nm of Grand Canyon NP: check the Grand Canyon SFRA on the Grand Canyon VFR chart",OSM,,node/5182365423,
VP0694,viewpoint,Needles District Viewpoint,37.911115,-109.4863702,8378.0,CALL FIRST,f,USFS - check forest orders,USFS,1.72,80.0,37.916324,-109.450796,7968.0,,,OSM,,node/2295423126,
VP0695,viewpoint,Needles Overlook,38.2601018,-109.6963374,6254.0,LANDABLE,g,BLM land,BLM,0.0,,38.260102,-109.696337,6254.0,,,OSM,,node/2630218852,
VP0696,viewpoint,Nelson Lake Point,34.2956464,-110.771445,7424.0,CALL FIRST,f,USFS - check forest orders,USFS,20.68,34.0,34.582208,-110.538981,6084.0,,,OSM,,node/359269911,
VP0697,viewpoint,Nevada Historical Marker #202 - Fairview,39.2832429,-118.2149464,4286.0,NO-GO,,Department of Defense,DOD,0.0,356.0,39.283274,-118.214949,4286.0,,DoD land: check restricted / military airspace,OSM,,node/13082573602,
VP0698,viewpoint,Nevada's Geographic Center,39.328889,-116.631111,6588.0,LANDABLE,g,BLM land,BLM,0.0,,39.328889,-116.631111,6588.0,,,OSM,,node/13306209228,
VP0699,viewpoint,Nizhoni Point,35.068989,-109.7945505,5757.0,NO-GO,,National Park Service,NPS,3.49,237.0,35.036882,-109.853605,5374.0,,"FAA AC 91-36D: pilots asked to stay >= 2,000 ft AGL over NPS, wilderness and refuges",OSM,8674,node/359249172,
VP0700,viewpoint,Nordenskiold House Overlook,37.1896956,-108.5409554,7124.0,NO-GO,,National Park Service,NPS,4.74,352.0,37.268108,-108.554608,7171.0,,"FAA AC 91-36D: pilots asked to stay >= 2,000 ft AGL over NPS, wilderness and refuges",OSM,,node/5559941751,
VP0701,viewpoint,North Fruita Overlook,38.2871449,-111.2373055,5566.0,NO-GO,,National Park Service,NPS,2.35,214.0,38.254613,-111.264919,6413.0,,"FAA AC 91-36D: pilots asked to stay >= 2,000 ft AGL over NPS, wilderness and refuges",OSM,,node/411670190,
VP0702,viewpoint,North Long Point,37.8563808,-109.8737382,8616.0,CALL FIRST,f,USFS - check forest orders,USFS,0.75,277.0,37.857922,-109.889389,7928.0,,,OSM,1453014,node/83736048,
VP0703,viewpoint,North Mesa Overlook,38.200833,-110.386389,5338.0,NO-LAND,b,Wilderness Study Area,ST,0.32,139.0,38.196861,-110.381939,5311.0,,,OSM,,node/3410477690,
VP0704,viewpoint,North Point Scenic Overlook,38.2716848,-110.5241728,4940.0,LANDABLE,g,BLM land,BLM,0.0,,38.271685,-110.524173,4940.0,,,OSM,,node/3216342000,
VP0705,viewpoint,North Sandia Peak Overlook,35.2350911,-106.456657,10435.0,NO-LAND,a,Wilderness,USFS,4.78,39.0,35.29711,-106.39545,6599.0,,"FAA AC 91-36D: pilots asked to stay >= 2,000 ft AGL over NPS, wilderness and refuges",OSM,,node/10995115405,
VP0706,viewpoint,North View Overlook,37.6565419,-112.8344723,10417.0,NO-GO,,National Park Service,NPS,3.88,354.0,37.720935,-112.842542,8836.0,,"FAA AC 91-36D: pilots asked to stay >= 2,000 ft AGL over NPS, wilderness and refuges",OSM,,node/1759903119,
VP0707,viewpoint,North Window Overlook,36.957133,-110.0727938,5296.0,NO-LAND,c,Tribal land - tribal permission required,BIA,13.45,28.0,37.154951,-109.940393,3977.0,,,OSM,,node/1744565304,
VP0708,viewpoint,Oak Creek Vista,34.8852137,-111.7417884,4486.0,CALL FIRST,f,USFS - check forest orders,USFS,26.42,254.0,34.759235,-112.25436,5499.0,,,OSM,,node/4529352193,
VP0709,viewpoint,Oak Creek Vista,35.0279858,-111.7340721,6359.0,CALL FIRST,f,USFS - check forest orders,USFS,25.9,96.0,34.978464,-111.212045,6173.0,,,OSM,,node/2825724203,
VP0710,viewpoint,Oak Tree House Overlook,37.1633032,-108.4769133,6782.0,NO-GO,,National Park Service,NPS,7.28,63.0,37.217878,-108.341288,6170.0,,"FAA AC 91-36D: pilots asked to stay >= 2,000 ft AGL over NPS, wilderness and refuges",OSM,,node/1138092875,
VP0711,viewpoint,Oakley Overlook,40.7216392,-111.2441695,7859.0,CALL FIRST,f,USFS - check forest orders,USFS,1.18,181.0,40.701959,-111.244471,7732.0,,,OSM,,node/10133910756,
VP0712,viewpoint,Oasis Overlook,33.9808542,-112.3575683,2230.0,OTHER,,Private,PVT,0.73,158.0,33.969492,-112.352178,1896.0,,,OSM,,node/14005052604,
VP0713,viewpoint,Observation Deck,34.221462,-112.7822137,5502.0,CALL FIRST,e,State land - state land office permission,ST,1.18,180.0,34.201683,-112.782177,4027.0,,,OSM,,node/4614226669,
VP0714,viewpoint,Observation Deck,35.047278,-106.61669,5320.0,OTHER,,Private,PVT,2.66,166.0,35.004105,-106.604045,5299.0,,,OSM,,node/9814230292,
VP0715,viewpoint,Observation Deck,37.0347281,-112.7307869,5936.0,CALL FIRST,e,State land - state land office permission,ST,0.15,331.0,37.036973,-112.732326,5938.0,,,OSM,,node/9536034231,
VP0716,viewpoint,Observation Lookout,33.2764254,-111.1613014,2423.0,OTHER,,Private,PVT,3.17,218.0,33.234902,-111.200353,3182.0,,,OSM,,node/9109442932,
VP0717,viewpoint,Observation Point,37.278296,-112.940396,6482.0,NO-GO,,National Park Service,NPS,2.15,60.0,37.296002,-112.901293,6493.0,,"FAA AC 91-36D: pilots asked to stay >= 2,000 ft AGL over NPS, wilderness and refuges",OSM,,node/137811493,
VP0718,viewpoint,Observation Site,35.1291943,-106.6810139,4970.0,CALL FIRST,e,State land - state land office permission,ST,7.51,181.0,35.003835,-106.683525,4923.0,,,OSM,,node/10251573853,
VP0719,viewpoint,Oh Point (Odom Point),37.9699695,-107.593678,12924.0,LANDABLE,g,BLM land,BLM,0.0,,37.96997,-107.593678,12924.0,,,OSM,,node/2574004182,
VP0720,viewpoint,Oil Well Point,38.2318984,-110.4926803,5230.0,LANDABLE,g,BLM land,BLM,0.0,,38.231898,-110.49268,5230.0,,,OSM,,node/3216567455,
VP0721,viewpoint,Oilwell Overlook,38.36703,-110.437414,5132.0,NO-LAND,b,Wilderness Study Area,BLM,0.0,87.0,38.367032,-110.437373,5132.0,,,OSM,,node/3214953770,
VP0722,viewpoint,Ojito Wilderness Overlook,35.5056833,-106.9289139,6000.0,NO-LAND,a,Wilderness,BLM,0.72,150.0,35.495354,-106.921545,5793.0,,"FAA AC 91-36D: pilots asked to stay >= 2,000 ft AGL over NPS, wilderness and refuges",OSM,,node/2218548914,
VP0723,viewpoint,Old Monarch Pass,38.4999496,-106.3369258,11335.0,CALL FIRST,f,USFS - check forest orders,USFS,6.89,80.0,38.52047,-106.193081,9186.0,,,OSM,,node/2399741156,
VP0724,viewpoint,Ooh Aah Point,36.061512,-112.0870428,6522.0,NO-GO,,National Park Service,NPS,10.78,252.0,36.006514,-112.297951,6166.0,,"FAA AC 91-36D: pilots asked to stay >= 2,000 ft AGL over NPS, wilderness and refuges | Inside Grand Canyon NP: Grand Canyon SFRA rules apply (14 CFR 93 Subpart U)",OSM,,node/5928285895,
VP0725,viewpoint,Open view on pikes mountain,38.8751207,-104.9863393,8974.0,CALL FIRST,f,USFS - check forest orders,USFS,2.61,126.0,38.849665,-104.941245,7358.0,,,OSM,,node/10119601617,
VP0726,viewpoint,Orange Cliff Overlook,38.3135015,-109.857276,6263.0,NO-GO,,National Park Service,NPS,3.81,108.0,38.293747,-109.780559,3920.0,,"FAA AC 91-36D: pilots asked to stay >= 2,000 ft AGL over NPS, wilderness and refuges",OSM,,node/492057460,
VP0727,viewpoint,Otto's Trail,39.0983096,-108.7271338,5697.0,NO-GO,,National Park Service,NPS,1.4,60.0,39.109888,-108.701185,4720.0,,"FAA AC 91-36D: pilots asked to stay >= 2,000 ft AGL over NPS, wilderness and refuges",OSM,,node/13150715401,
VP0728,viewpoint,Outdoor Classroom,39.4018752,-104.8962056,6204.0,OTHER,,Private,PVT,19.44,281.0,39.461795,-105.30718,8369.0,,,OSM,,node/2301942059,
VP0729,viewpoint,Overlook Capitol Reef NP,38.14239,-111.32813,8886.0,CALL FIRST,f,USFS - check forest orders,USFS,2.96,77.0,38.153288,-111.267185,7084.0,,,OSM,,node/1183477924,
VP0730,viewpoint,Overlook Colorado River,37.8892571,-110.3687961,3790.0,NO-GO,,National Park Service,NPS,2.31,143.0,37.85838,-110.339545,4540.0,,"FAA AC 91-36D: pilots asked to stay >= 2,000 ft AGL over NPS, wilderness and refuges",OSM,,node/1183477326,
VP0731,viewpoint,Overlook Waterpocket Fold,38.1323415,-111.3258024,8740.0,CALL FIRST,f,USFS - check forest orders,USFS,3.05,66.0,38.153288,-111.267185,7084.0,,,OSM,,node/1183478394,
VP0732,viewpoint,Owl's Rest,33.7274332,-111.8664109,2782.0,OTHER,,Private,PVT,5.7,206.0,33.642088,-111.916666,1539.0,,,OSM,,node/13822068958,
VP0733,viewpoint,Paint Mine Overlook,39.0143109,-104.2703191,6755.0,OTHER,,Private,PVT,13.94,166.0,38.788879,-104.197583,6001.0,,,OSM,,node/8221271162,
VP0734,viewpoint,Paint Rock Viewpoint,31.8328959,-109.2989657,9164.0,NO-LAND,a,Wilderness,USFS,8.27,33.0,31.949308,-109.211732,5391.0,,"FAA AC 91-36D: pilots asked to stay >= 2,000 ft AGL over NPS, wilderness and refuges",OSM,,node/3135482994,
VP0735,viewpoint,Painted Wall View,38.58094,-107.718194,7685.0,NO-LAND,a,Wilderness,NPS,1.51,181.0,38.555764,-107.718506,8282.0,,"FAA AC 91-36D: pilots asked to stay >= 2,000 ft AGL over NPS, wilderness and refuges",OSM,1795273,node/1323147085,
VP0736,viewpoint,Panorama Point,37.5152949,-112.0084696,5922.0,CALL FIRST,e,State land - state land office permission,ST,0.08,180.0,37.513902,-112.00846,5919.0,,,OSM,,node/2812565580,
VP0737,viewpoint,Panorama Point,38.2706942,-110.0391407,6230.0,NO-GO,,National Park Service,NPS,5.99,285.0,38.296521,-110.161733,6022.0,,"FAA AC 91-36D: pilots asked to stay >= 2,000 ft AGL over NPS, wilderness and refuges",OSM,1431084,node/1833496701,
VP0738,viewpoint,Panorama Point,38.7193697,-109.5541392,4912.0,NO-GO,,National Park Service,NPS,1.88,90.0,38.719411,-109.514009,4522.0,,"FAA AC 91-36D: pilots asked to stay >= 2,000 ft AGL over NPS, wilderness and refuges",OSM,,node/1732016864,
VP0739,viewpoint,Panorama Point,39.6577312,-105.2782942,7353.0,OTHER,,Private,PVT,5.19,342.0,39.73999,-105.313114,6518.0,,,OSM,,node/1168557430,
VP0740,viewpoint,Panorama Point,39.8760617,-105.4410676,9277.0,OTHER,,Local government,LG,3.72,221.0,39.82934,-105.49405,9016.0,,,OSM,,node/1387979627,
VP0741,viewpoint,Panorama Point Overlook,38.306222,-111.2959449,6201.0,NO-GO,,National Park Service,NPS,0.85,235.0,38.298108,-111.310791,6414.0,,"FAA AC 91-36D: pilots asked to stay >= 2,000 ft AGL over NPS, wilderness and refuges",OSM,,node/3995596593,
VP0742,viewpoint,Panorama Viewpoint,38.600003,-109.5627666,4650.0,LANDABLE,g,BLM land,BLM,0.0,,38.600003,-109.562767,4650.0,,,OSM,,node/3181263986,
VP0743,viewpoint,Paradise Divide,38.9890581,-107.0648451,11284.0,CALL FIRST,f,USFS - check forest orders,USFS,4.28,163.0,38.920633,-107.03851,9030.0,,,OSM,,node/2399763494,
VP0744,viewpoint,Paria Canyon Viewpoint,36.9568389,-111.6862583,5954.0,NO-LAND,d,BLM National Monument / NCA,BLM,2.3,22.0,36.992354,-111.668275,5570.0,,Within 15 nm of Grand Canyon NP: check the Grand Canyon SFRA on the Grand Canyon VFR chart,OSM,,node/2420089014,
VP0745,viewpoint,Paria Rim Rocks,37.1162556,-111.8841461,4869.0,NO-LAND,b,Wilderness Study Area,BLM,0.48,44.0,37.122111,-111.877175,4842.0,,,OSM,,node/759995248,
VP0746,viewpoint,Paria View,37.5951409,-112.1713883,8135.0,NO-GO,,National Park Service,NPS,2.03,93.0,37.593639,-112.128875,6852.0,,"FAA AC 91-36D: pilots asked to stay >= 2,000 ft AGL over NPS, wilderness and refuges",OSM,,node/1981689852,
VP0747,viewpoint,Park Avenue Viewpoint,38.6252734,-109.5997967,4555.0,NO-GO,,National Park Service,NPS,0.85,222.0,38.614688,-109.611853,4060.0,,"FAA AC 91-36D: pilots asked to stay >= 2,000 ft AGL over NPS, wilderness and refuges",OSM,,node/298848056,
VP0748,viewpoint,Park Point Overlook,37.2800237,-108.461462,8562.0,NO-GO,,National Park Service,NPS,0.63,1.0,37.290609,-108.461247,7386.0,,"FAA AC 91-36D: pilots asked to stay >= 2,000 ft AGL over NPS, wilderness and refuges",OSM,,node/1141401323,
VP0749,viewpoint,Park Point Overview,37.2815097,-108.4620776,8531.0,NO-LAND,a,Wilderness,NPS,0.55,1.0,37.290618,-108.461893,7424.0,,"FAA AC 91-36D: pilots asked to stay >= 2,000 ft AGL over NPS, wilderness and refuges",OSM,,node/1138400392,
VP0750,viewpoint,Parkview Pass,40.3465018,-106.1153964,10458.0,CALL FIRST,f,USFS - check forest orders,USFS,7.69,316.0,40.439385,-106.23093,9060.0,,,OSM,,node/3694132114,
VP0751,viewpoint,Pat Mullen Scenic Vista,34.154122,-109.8843406,7606.0,CALL FIRST,f,USFS - check forest orders,USFS,13.01,344.0,34.363402,-109.954492,6200.0,,,OSM,,node/9747120414,
VP0752,viewpoint,Paul Bunyan's Woodpile Overlook,39.7656279,-112.1156674,6522.0,LANDABLE,g,BLM land,BLM,0.0,,39.765628,-112.115667,6522.0,,,OSM,,node/9951862412,
VP0753,viewpoint,Pawnee Ridge,38.8757219,-104.7646469,6481.0,OTHER,,Private,PVT,7.37,247.0,38.828032,-104.909534,7606.0,,,OSM,,node/9971202705,
VP0754,viewpoint,Peak 10 Warming Hut,39.453770399999996,-106.07498618981177,11593.0,CALL FIRST,f,USFS - check forest orders,USFS,8.56,229.0,39.360322,-106.214222,11302.0,,,OSM,,way/470098855,
VP0755,viewpoint,Peek a boo arch,37.6138758,-112.1592892,7640.0,NO-GO,,National Park Service,NPS,1.49,104.0,37.608049,-112.128864,6959.0,,"FAA AC 91-36D: pilots asked to stay >= 2,000 ft AGL over NPS, wilderness and refuges",OSM,,node/6681658293,
VP0756,viewpoint,Periscope,35.0606426,-106.5678716,5344.0,OTHER,,Private,PVT,3.73,205.0,35.004091,-106.599592,5302.0,,,OSM,,node/7281995601,
VP0757,viewpoint,Petrified Dunes Viewpoint,38.6825393,-109.5825556,4670.0,NO-GO,,National Park Service,NPS,2.49,278.0,38.688063,-109.634982,4455.0,,"FAA AC 91-36D: pilots asked to stay >= 2,000 ft AGL over NPS, wilderness and refuges",OSM,,node/2840086928,
VP0758,viewpoint,Petrified Sand Dunes,37.2136946,-113.6454405,3610.0,NO-LAND,d,BLM National Monument / NCA,ST,1.47,54.0,37.228042,-113.620486,4428.0,,,OSM,,node/7966598187,
VP0759,viewpoint,Petroglyph Overlook,35.2315952,-111.552216,6730.0,OTHER,,Private,PVT,14.16,65.0,35.330725,-111.290431,5855.0,,,OSM,,node/6407327972,
VP0760,viewpoint,Phantastic Viewpoint,37.7578994,-111.4099189,5565.0,NO-LAND,b,Wilderness Study Area,BLM,1.1,144.0,37.742938,-111.396359,5916.0,,,OSM,,node/1815064037,
VP0761,viewpoint,Phantom Overlook,36.1047414,-112.0920118,3020.0,NO-GO,,National Park Service,NPS,11.62,240.0,36.006514,-112.297951,6166.0,,"FAA AC 91-36D: pilots asked to stay >= 2,000 ft AGL over NPS, wilderness and refuges | Inside Grand Canyon NP: Grand Canyon SFRA rules apply (14 CFR 93 Subpart U)",OSM,,node/1467620526,
VP0762,viewpoint,Photographers Point,36.9820419,-110.1116564,5616.0,NO-LAND,c,Tribal land - tribal permission required,BIA,13.22,38.0,37.156155,-109.942555,3971.0,,,OSM,,node/4802540121,
VP0763,viewpoint,Photopoint,37.257931,-111.9214385,5306.0,NO-LAND,b,Wilderness Study Area,BLM,0.33,180.0,37.252499,-111.921442,5073.0,,,OSM,,node/5626730728,
VP0764,viewpoint,Photopoint,37.6889423,-111.4157675,5495.0,NO-LAND,b,Wilderness Study Area,BLM,1.17,90.0,37.688968,-111.391124,5599.0,,,OSM,,node/1782740090,
VP0765,viewpoint,Pikes Peak Lookout,38.8807179,-104.7691909,6515.0,OTHER,,Private,PVT,7.3,244.0,38.828032,-104.909534,7606.0,,,OSM,,node/9921154012,
VP0766,viewpoint,Pikes Peak Overlook,39.5144558,-105.3807605,9498.0,OTHER,,Local government,LG,3.87,323.0,39.565841,-105.431093,9643.0,,,OSM,,node/5222399634,
VP0767,viewpoint,Pima point,36.0680965,-112.1972783,6534.0,NO-GO,,National Park Service,NPS,6.13,233.0,36.006514,-112.297951,6166.0,,"FAA AC 91-36D: pilots asked to stay >= 2,000 ft AGL over NPS, wilderness and refuges | Inside Grand Canyon NP: Grand Canyon SFRA rules apply (14 CFR 93 Subpart U)",OSM,,node/1915938398,
VP0768,viewpoint,Pink Cliffs Overlook,37.4190307,-112.3261136,9201.0,CALL FIRST,f,USFS - check forest orders,USFS,1.23,180.0,37.398525,-112.326108,7552.0,,,OSM,,node/1460378246,
VP0769,viewpoint,Pinkham Creek Pass,40.9148945,-106.1607719,9622.0,CALL FIRST,f,USFS - check forest orders,USFS,2.52,272.0,40.916667,-106.216172,9002.0,,,OSM,,node/7768538711,
VP0770,viewpoint,Pinks Trail Viewpoint,37.5385689,-112.8222062,9629.0,CALL FIRST,f,USFS - check forest orders,USFS,4.63,226.0,37.485358,-112.892407,7842.0,,,OSM,,node/10794077935,
VP0771,viewpoint,Pino Canyon Overlook,35.1861345,-106.421909,9504.0,NO-LAND,a,Wilderness,USFS,6.23,120.0,35.134553,-106.311853,6952.0,,"FAA AC 91-36D: pilots asked to stay >= 2,000 ft AGL over NPS, wilderness and refuges",OSM,,node/7835657144,
VP0772,viewpoint,Pintado Point,35.0815018,-109.8015855,5868.0,NO-GO,,National Park Service,NPS,3.7,224.0,35.036882,-109.853605,5374.0,,"FAA AC 91-36D: pilots asked to stay >= 2,000 ft AGL over NPS, wilderness and refuges",OSM,9516,node/359249941,
VP0773,viewpoint,Pioneer Crossing,39.48212185,-106.09398510441419,11399.0,CALL FIRST,f,USFS - check forest orders,USFS,9.2,217.0,39.360322,-106.214222,11302.0,,,OSM,,way/469585372,
VP0774,viewpoint,Pioneer Lookout Point,38.4526086,-107.4139113,7771.0,LANDABLE,g,BLM land,BLM,0.0,,38.452609,-107.413911,7771.0,,,OSM,188182,node/358924040,
VP0775,viewpoint,Pipecreek Vista,36.048026,-112.0940687,7120.0,NO-GO,,National Park Service,NPS,10.23,256.0,36.006514,-112.297951,6166.0,,"FAA AC 91-36D: pilots asked to stay >= 2,000 ft AGL over NPS, wilderness and refuges | Inside Grand Canyon NP: Grand Canyon SFRA rules apply (14 CFR 93 Subpart U)",OSM,,node/2145131253,
VP0776,viewpoint,Pipeline Overlook,40.6935692,-111.782139,5955.0,OTHER,,Private,PVT,1.2,346.0,40.713019,-111.788589,4916.0,,,OSM,,node/2819343849,
VP0777,viewpoint,Piracy Point,37.5463537,-112.244586,8790.0,NO-GO,,National Park Service,NPS,2.53,125.0,37.521829,-112.201406,7079.0,,"FAA AC 91-36D: pilots asked to stay >= 2,000 ft AGL over NPS, wilderness and refuges",OSM,,node/1024420146,
VP0778,viewpoint,Plateau Overlook,38.6298604,-109.7999529,5476.0,LANDABLE,g,BLM land,BLM,0.0,,38.62986,-109.799953,5476.0,,,OSM,,node/4418315492,
VP0779,viewpoint,Plateau Point,36.0932613,-112.116088,3782.0,NO-GO,,National Park Service,NPS,10.26,240.0,36.006514,-112.297951,6166.0,,"FAA AC 91-36D: pilots asked to stay >= 2,000 ft AGL over NPS, wilderness and refuges | Inside Grand Canyon NP: Grand Canyon SFRA rules apply (14 CFR 93 Subpart U)",OSM,9570,node/174566294,
VP0780,viewpoint,Playa,32.7970241,-106.2118,3980.0,NO-GO,,National Park Service,NPS,3.8,91.0,32.796073,-106.136767,4022.0,,"FAA AC 91-36D: pilots asked to stay >= 2,000 ft AGL over NPS, wilderness and refuges",OSM,,node/667761756,
VP0781,viewpoint,Pleasant View Point,41.6670982,-112.022855,8540.0,NO-LAND,a,Wilderness,USFS,9.78,356.0,41.829773,-112.038637,5577.0,,"FAA AC 91-36D: pilots asked to stay >= 2,000 ft AGL over NPS, wilderness and refuges",OSM,1431341,node/356673863,
VP0782,viewpoint,Point Imperial,36.2789857,-111.9773873,8763.0,NO-GO,,National Park Service,NPS,22.57,224.0,36.006514,-112.297951,6166.0,,"FAA AC 91-36D: pilots asked to stay >= 2,000 ft AGL over NPS, wilderness and refuges | Inside Grand Canyon NP: Grand Canyon SFRA rules apply (14 CFR 93 Subpart U)",OSM,,node/1862992134,
VP0783,viewpoint,Point Lookout,37.3165994,-108.4194932,8388.0,NO-GO,,National Park Service,NPS,0.32,270.0,37.316601,-108.426156,7168.0,,"FAA AC 91-36D: pilots asked to stay >= 2,000 ft AGL over NPS, wilderness and refuges",OSM,,node/2232514269,
VP0784,viewpoint,Point Sublime,36.1983726,-112.2506408,7353.0,NO-GO,,National Park Service,NPS,11.72,191.0,36.006514,-112.297951,6166.0,,"FAA AC 91-36D: pilots asked to stay >= 2,000 ft AGL over NPS, wilderness and refuges | Inside Grand Canyon NP: Grand Canyon SFRA rules apply (14 CFR 93 Subpart U)",OSM,,node/3736055849,
VP0785,viewpoint,Point Supreme Overlook,37.6132465,-112.8383484,10306.0,NO-GO,,National Park Service,NPS,4.75,297.0,37.648931,-112.927403,8331.0,,"FAA AC 91-36D: pilots asked to stay >= 2,000 ft AGL over NPS, wilderness and refuges",OSM,,node/492174168,
VP0786,viewpoint,Point of Geological Interest,39.7010299,-105.2020411,6421.0,OTHER,,Private,PVT,5.65,294.0,39.73999,-105.313114,6518.0,,,OSM,,node/3015452024,
VP0787,viewpoint,Pond1,38.4890461,-109.6928923,4359.0,OTHER,,Private,PVT,0.24,270.0,38.489045,-109.69794,4488.0,,,OSM,,node/6429011392,
VP0788,viewpoint,Pond2,38.4773809,-109.6868187,4272.0,OTHER,,Private,PVT,0.18,211.0,38.474843,-109.688734,4294.0,,,OSM,,node/6429053785,
VP0789,viewpoint,Ponderosa Canyon Overlook,37.5036924,-112.2623744,8878.0,NO-GO,,National Park Service,NPS,2.92,90.0,37.504088,-112.201302,7216.0,,"FAA AC 91-36D: pilots asked to stay >= 2,000 ft AGL over NPS, wilderness and refuges",OSM,,node/4227531048,
VP0790,viewpoint,Pondorosa Point,35.2109386,-106.4669114,8298.0,NO-LAND,a,Wilderness,USFS,6.24,34.0,35.29711,-106.39545,6599.0,,"FAA AC 91-36D: pilots asked to stay >= 2,000 ft AGL over NPS, wilderness and refuges",OSM,,node/10797761027,
VP0791,viewpoint,Pony Express Trail,40.3469636,-112.0047834,5010.0,OTHER,,Private,PVT,0.54,140.0,40.340112,-111.997251,5080.0,,,OSM,,node/3480493467,
VP0792,viewpoint,Popcycle Bridge,38.8671886,-104.8284407,6054.0,OTHER,,Private,PVT,4.47,238.0,38.828032,-104.909534,7606.0,,,OSM,,node/4906399138,
VP0793,viewpoint,Portal Overlook,38.574268,-109.584044,4811.0,LANDABLE,g,BLM land,BLM,0.0,,38.574268,-109.584044,4811.0,,,OSM,,node/1548724841,
VP0794,viewpoint,Portal Viewpoint,38.5964098,-109.5584817,4766.0,LANDABLE,g,BLM land,BLM,0.0,,38.59641,-109.558482,4766.0,,,OSM,,node/937151041,
VP0795,viewpoint,Poser Rock Viewpoint,37.9424142,-107.7254841,12078.0,CALL FIRST,f,USFS - check forest orders,USFS,2.94,141.0,37.904497,-107.686238,12026.0,,,OSM,,node/6784126478,
VP0796,viewpoint,Posey's Trail Overlook,37.515619,-109.6467526,5594.0,NO-LAND,d,BLM National Monument / NCA,BLM,0.29,219.0,37.511891,-109.650557,4913.0,,,OSM,,node/10964032701,
VP0797,viewpoint,Posse Grounds Vista,34.8735857,-111.7851825,4567.0,OTHER,,Private,PVT,24.17,254.0,34.759235,-112.25436,5499.0,,,OSM,,node/7283722351,
VP0798,viewpoint,Potato Hollow Overlook,40.4886503,-111.8494823,5508.0,OTHER,,Private,PVT,2.81,29.0,40.529658,-111.81991,5632.0,,,OSM,,node/9759689774,
VP0799,viewpoint,Potosi Vista Interpretive Site,37.113802,-106.3680321,9449.0,CALL FIRST,f,USFS - check forest orders,USFS,6.25,88.0,37.118025,-106.237994,9106.0,,,OSM,,node/5840807760,
VP0800,viewpoint,Poverty Gulch,38.8984602,-107.014587,8915.0,LANDABLE,g,BLM land,BLM,0.0,,38.89846,-107.014587,8915.0,,,OSM,,node/14013671482,
VP0801,viewpoint,Poverty Gulch Overlook,37.2076122,-112.810038,6072.0,LANDABLE,g,BLM land,BLM,0.0,,37.207612,-112.810038,6072.0,,,OSM,,node/10137206105,
VP0802,viewpoint,Poverty Gulch Rim Overlook,37.220935,-112.825849,6241.0,LANDABLE,g,BLM land,BLM,0.0,,37.220935,-112.825849,6241.0,,,OSM,,node/1912501848,
VP0803,viewpoint,Powell Point,36.0734355,-112.1509699,7009.0,NO-GO,,National Park Service,NPS,8.2,241.0,36.006514,-112.297951,6166.0,,"FAA AC 91-36D: pilots asked to stay >= 2,000 ft AGL over NPS, wilderness and refuges | Inside Grand Canyon NP: Grand Canyon SFRA rules apply (14 CFR 93 Subpart U)",OSM,9721,node/359250118,
VP0804,viewpoint,Powell Point,37.6865858,-111.9022731,10112.0,CALL FIRST,f,USFS - check forest orders,USFS,1.22,180.0,37.666229,-111.902273,7772.0,,,OSM,,node/83137331,
VP0805,viewpoint,Powell Point Vista,37.6395029,-111.8442682,7571.0,LANDABLE,g,BLM land,BLM,0.0,,37.639503,-111.844268,7571.0,,,OSM,,node/4444311890,
VP0806,viewpoint,Powerlines Overlook,37.4590218,-115.4238764,5884.0,LANDABLE,g,BLM land,BLM,0.0,,37.459022,-115.423876,5884.0,,,OSM,,node/11862757853,
VP0807,viewpoint,Prairie Falcon Overlook,33.6810461,-111.8042278,3666.0,OTHER,,Private,PVT,6.1,248.0,33.642088,-111.916666,1539.0,,,OSM,,node/12773223889,
VP0808,viewpoint,Primrose Overlook,40.4125745,-111.6173582,8717.0,NO-LAND,a,Wilderness,USFS,5.95,77.0,40.43417,-111.490657,5499.0,,"FAA AC 91-36D: pilots asked to stay >= 2,000 ft AGL over NPS, wilderness and refuges",OSM,,node/2345131768,
VP0809,viewpoint,Professor Valley Overlook,38.6378985,-109.3235795,6897.0,LANDABLE,g,BLM land,BLM,0.0,,38.637898,-109.32358,6897.0,,,OSM,,node/11942670595,
VP0810,viewpoint,Prospect Mountain Overlook,39.2748075,-106.222729,12545.0,OTHER,,Private,PVT,0.18,354.0,39.277727,-106.223114,12548.0,,,OSM,,node/8608379707,
VP0811,viewpoint,Prospector Scenic View,33.6549301,-111.8027307,2657.0,OTHER,,Private,PVT,5.76,262.0,33.642088,-111.916666,1539.0,,,OSM,,node/12773223857,
VP0812,viewpoint,Provenance Cone,32.175679,-107.275726,4473.0,NO-LAND,d,BLM National Monument / NCA,ST,1.22,253.0,32.169769,-107.298566,4200.0,,,OSM,,node/4906193043,
VP0813,viewpoint,Provenance Cone Rubbing Rocks,32.1729122,-107.2838515,4252.0,NO-LAND,d,BLM National Monument / NCA,BLM,0.77,256.0,32.169769,-107.298566,4200.0,,,OSM,,node/9054671457,
VP0814,viewpoint,Provo River Overlook,40.5949349,-111.080891,7673.0,CALL FIRST,f,USFS - check forest orders,USFS,6.34,278.0,40.610326,-111.218197,7617.0,,,OSM,,node/5898103486,
VP0815,viewpoint,Ptarmigan Lake Overlook,39.0362417,-106.6764558,12463.0,NO-LAND,a,Wilderness,USFS,15.79,213.0,38.814785,-106.859047,9664.0,,"FAA AC 91-36D: pilots asked to stay >= 2,000 ft AGL over NPS, wilderness and refuges",OSM,,node/9995319684,
VP0816,viewpoint,Pueblo Bonito Overlook,36.061825,-107.9620262,6198.0,NO-GO,,National Park Service,NPS,1.99,325.0,36.089093,-107.985218,6327.0,,"FAA AC 91-36D: pilots asked to stay >= 2,000 ft AGL over NPS, wilderness and refuges",OSM,,node/1863748514,
VP0817,viewpoint,Pullout,37.2140159,-112.9336395,5224.0,NO-GO,,National Park Service,NPS,3.39,47.0,37.25239,-112.88158,6372.0,,"FAA AC 91-36D: pilots asked to stay >= 2,000 ft AGL over NPS, wilderness and refuges",OSM,,node/4419861204,
VP0818,viewpoint,Pullout,40.6467557,-109.4875728,7414.0,CALL FIRST,f,USFS - check forest orders,USFS,2.29,151.0,40.613143,-109.463582,6070.0,,,OSM,,node/4408930492,
VP0819,viewpoint,Pullout,40.9522817,-109.4597637,6477.0,CALL FIRST,f,USFS - check forest orders,USFS,0.54,0.0,40.961274,-109.459749,6602.0,,,OSM,,node/4408929957,
VP0820,viewpoint,Pyramid Canyon Overlook,38.4998472,-109.7198989,5823.0,CALL FIRST,e,State land - state land office permission,ST,0.12,180.0,38.497878,-109.719899,5034.0,,,OSM,,node/2273998843,
VP0821,viewpoint,Quartermaster Point,35.9671602,-113.7804203,4337.0,NO-LAND,c,Tribal land - tribal permission required,BIA,6.03,270.0,35.966903,-113.904154,4861.0,,Within 15 nm of Grand Canyon NP: check the Grand Canyon SFRA on the Grand Canyon VFR chart,OSM,,node/1756749072,
VP0822,viewpoint,Queen City Summit panorama,37.7489074,-115.9447235,5965.0,LANDABLE,g,BLM land,BLM,0.0,,37.748907,-115.944724,5965.0,,,OSM,,node/13510519262,
VP0823,viewpoint,Radio Towers Overlook,37.2894927,-113.2768122,5208.0,LANDABLE,g,BLM land,BLM,0.0,,37.289493,-113.276812,5208.0,,,OSM,,node/13260780741,
VP0824,viewpoint,Rail Cars,39.2982568,-106.9196934,7180.0,OTHER,,Private,PVT,0.02,1.0,39.298639,-106.919686,7294.0,,,OSM,,node/2454971976,
VP0825,viewpoint,Railroad Depot Overlook,34.1691771,-113.8394541,1310.0,LANDABLE,g,BLM land,BLM,0.0,,34.169177,-113.839454,1310.0,,,OSM,,node/4112423212,
VP0826,viewpoint,Railroad Gulch Overlook,38.6364429,-106.0286686,7744.0,NO-LAND,d,BLM National Monument / NCA,USFS,0.2,257.0,38.635697,-106.03279,7585.0,,,OSM,,node/9786543350,
VP0827,viewpoint,Rainbow Curve,40.4004253,-105.6635298,10804.0,NO-GO,,National Park Service,NPS,5.92,120.0,40.350777,-105.552046,8688.0,,"FAA AC 91-36D: pilots asked to stay >= 2,000 ft AGL over NPS, wilderness and refuges",OSM,,node/3357047108,
VP0828,viewpoint,Rainbow Point,37.4759768,-112.2406825,9105.0,NO-GO,,National Park Service,NPS,1.84,149.0,37.449772,-112.22075,7477.0,,"FAA AC 91-36D: pilots asked to stay >= 2,000 ft AGL over NPS, wilderness and refuges",OSM,,node/409458142,
VP0829,viewpoint,Ramp View,36.06258,-107.951109,6210.0,NO-GO,,National Park Service,NPS,2.3,314.0,36.089093,-107.985218,6327.0,,"FAA AC 91-36D: pilots asked to stay >= 2,000 ft AGL over NPS, wilderness and refuges",OSM,,node/11044472997,
VP0830,viewpoint,Ramparts Viewpoint,37.613964,-112.854393,9899.0,NO-GO,,National Park Service,NPS,4.06,301.0,37.648931,-112.927403,8331.0,,"FAA AC 91-36D: pilots asked to stay >= 2,000 ft AGL over NPS, wilderness and refuges",OSM,,node/1372561784,
VP0831,viewpoint,Ranch Overlook,39.213688,-104.9505038,6696.0,OTHER,,Private,PVT,15.33,219.0,39.014621,-105.156717,8917.0,,,OSM,,node/8001574615,
VP0832,viewpoint,Rattlesnake Hill,39.8346198,-104.8548332,5296.0,NO-GO,,Fish & Wildlife Service refuge,FWS,21.31,285.0,39.927871,-105.300136,6597.0,,"FAA AC 91-36D: pilots asked to stay >= 2,000 ft AGL over NPS, wilderness and refuges",OSM,,node/4962834270,
VP0833,viewpoint,Raven Ridge Overlook,38.8759816,-105.1908061,9413.0,OTHER,,Local government,LG,2.63,130.0,38.847456,-105.148096,9484.0,,,OSM,,node/7952834421,
VP0834,viewpoint,Raven Roost Scenic View,33.6865444,-111.8043567,3344.0,OTHER,,Private,PVT,6.22,245.0,33.642088,-111.916666,1539.0,,,OSM,,node/12773223862,
VP0835,viewpoint,Razorback,37.1084473,-113.4387354,2827.0,LANDABLE,g,BLM land,BLM,0.0,,37.108447,-113.438735,2827.0,,,OSM,,node/13042150190,
VP0836,viewpoint,Recapture Pocket Overlook,37.3184661,-109.4812531,4604.0,LANDABLE,g,BLM land,BLM,0.0,,37.318466,-109.481253,4604.0,,,OSM,,node/2219168232,
VP0837,viewpoint,Red Butte,40.7744824,-111.8051417,6601.0,CALL FIRST,f,USFS - check forest orders,USFS,2.73,171.0,40.729412,-111.795953,5691.0,,,OSM,1444764,node/356679654,
VP0838,viewpoint,Red Canyon Overlook,39.0308643,-108.686333,6321.0,NO-GO,,National Park Service,NPS,0.7,180.0,39.019136,-108.686308,6822.0,,"FAA AC 91-36D: pilots asked to stay >= 2,000 ft AGL over NPS, wilderness and refuges",OSM,,node/1442787078,
VP0839,viewpoint,Red Canyon Overlook,40.8935887,-109.5610142,7386.0,CALL FIRST,f,USFS - check forest orders,USFS,6.03,42.0,40.96808,-109.471824,6320.0,,,OSM,,node/2585825483,
VP0840,viewpoint,Red Flag view spot,37.5714233,-115.6703383,5626.0,LANDABLE,g,BLM land,BLM,0.0,,37.571423,-115.670338,5626.0,,,OSM,,node/12302216068,
VP0841,viewpoint,Red Mountain Overlook,37.9153085,-107.7010577,10638.0,OTHER,,Private,PVT,0.96,133.0,37.904497,-107.686238,12026.0,,,OSM,,node/12899748382,
VP0842,viewpoint,Red Mountain Pass,40.9829126,-105.936298,8239.0,LANDABLE,g,BLM land,BLM,0.0,,40.982913,-105.936298,8239.0,,,OSM,,node/4929542915,
VP0843,viewpoint,Red Mountains Overlook,37.9303455,-107.729824,13208.0,CALL FIRST,f,USFS - check forest orders,USFS,2.59,127.0,37.904497,-107.686238,12026.0,,,OSM,,node/1458844125,
VP0844,viewpoint,Red Rock Canyon Dedication Overlook,36.1169723,-115.4453296,3823.0,NO-LAND,d,BLM National Monument / NCA,BLM,1.35,139.0,36.100075,-115.427057,4002.0,,,OSM,,node/3698114817,
VP0845,viewpoint,Red Rock Mountain 360 View Deck,36.1358411,-115.4295171,3770.0,NO-LAND,d,BLM National Monument / NCA,BLM,2.09,145.0,36.107154,-115.40516,4767.0,,,OSM,,node/3121258448,
VP0846,viewpoint,Red Rock Overlook,36.1173013,-115.44481182625401,3827.0,NO-LAND,d,BLM National Monument / NCA,BLM,1.35,140.0,36.100075,-115.427057,4002.0,,,OSM,,way/1446355908,
VP0847,viewpoint,Red Rock Wash Overlook,36.1426413,-115.4731249,4147.0,NO-LAND,d,BLM National Monument / NCA,BLM,3.39,139.0,36.100075,-115.427057,4002.0,,,OSM,,node/8166006645,
VP0848,viewpoint,Red Rocks,31.8449546,-109.1977284,6082.0,NO-LAND,a,Wilderness,USFS,5.39,6.0,31.934479,-109.186257,5382.0,,"FAA AC 91-36D: pilots asked to stay >= 2,000 ft AGL over NPS, wilderness and refuges",OSM,,node/1723595318,
VP0849,viewpoint,Red Tail Overlook,38.875346,-105.1941938,9218.0,OTHER,,Local government,LG,2.73,128.0,38.847456,-105.148096,9484.0,,,OSM,,node/7952834392,
VP0850,viewpoint,Red Top Viewpoint,37.2364333,-111.9348297,5016.0,NO-LAND,b,Wilderness Study Area,BLM,0.54,80.0,37.238052,-111.92381,4700.0,,,OSM,,node/1762308087,
VP0851,viewpoint,Red Top Viewpoint,37.2432652,-111.9569502,4733.0,LANDABLE,g,BLM land,BLM,0.0,,37.243265,-111.95695,4733.0,,,OSM,,node/5846537153,
VP0852,viewpoint,Redlands,37.0656656,-110.0447036,5457.0,NO-LAND,c,Tribal land - tribal permission required,BIA,7.31,42.0,37.156155,-109.942555,3971.0,,,OSM,,node/11362783769,
VP0853,viewpoint,Redlands View,39.1159644,-108.7280718,4954.0,NO-GO,,National Park Service,NPS,1.07,75.0,39.120702,-108.705977,4558.0,,"FAA AC 91-36D: pilots asked to stay >= 2,000 ft AGL over NPS, wilderness and refuges",OSM,,node/6699568910,
VP0854,viewpoint,Reds Canyon Overlook,38.7617063,-110.9304357,7000.0,LANDABLE,g,BLM land,BLM,0.0,,38.761706,-110.930436,7000.0,,,OSM,,node/1827686416,
VP0855,viewpoint,Reds Canyon Overlook,38.7804694,-110.8430882,7107.0,LANDABLE,g,BLM land,BLM,0.0,,38.780469,-110.843088,7107.0,,,OSM,,node/9416124828,
VP0856,viewpoint,Reflection Point,40.0169806,-105.3013459,6037.0,OTHER,,Private,PVT,1.59,299.0,40.029684,-105.331655,6125.0,,,OSM,,node/9284911008,
VP0857,viewpoint,Reno Divide,38.9074959,-106.7633756,11159.0,CALL FIRST,f,USFS - check forest orders,USFS,7.14,219.0,38.814785,-106.859047,9664.0,,,OSM,,node/2399763491,
VP0858,viewpoint,Ridgeline,37.108873,-113.4394576,2737.0,LANDABLE,g,BLM land,BLM,0.0,,37.108873,-113.439458,2737.0,,,OSM,,node/13042150191,
VP0859,viewpoint,Rim Lakes Vista Point,34.3107001,-110.9405369,7616.0,CALL FIRST,f,USFS - check forest orders,USFS,25.05,31.0,34.669289,-110.680543,6033.0,,,OSM,,node/3141955282,
VP0860,viewpoint,Rim Overlook,38.2911609,-111.2492622,6416.0,NO-GO,,National Park Service,NPS,2.31,199.0,38.254613,-111.264919,6413.0,,"FAA AC 91-36D: pilots asked to stay >= 2,000 ft AGL over NPS, wilderness and refuges",OSM,,node/483029817,
VP0861,viewpoint,Rim Overlook,38.489033,-109.750706,5824.0,CALL FIRST,e,State land - state land office permission,ST,0.1,360.0,38.490659,-109.750706,5126.0,,,OSM,,node/2321228428,
VP0862,viewpoint,Rim Trailhead (North),37.6492176,-112.1473683,7777.0,NO-GO,,National Park Service,NPS,1.99,118.0,37.633554,-112.110558,7261.0,,"FAA AC 91-36D: pilots asked to stay >= 2,000 ft AGL over NPS, wilderness and refuges",OSM,,node/389138087,
VP0863,viewpoint,Rincon Mountains Overlook,32.1835816,-110.708484,3223.0,NO-GO,,National Park Service,NPS,2.32,344.0,32.220918,-110.720952,2761.0,,"FAA AC 91-36D: pilots asked to stay >= 2,000 ft AGL over NPS, wilderness and refuges",OSM,,node/5241617721,
VP0864,viewpoint,Rio Rancho Badlands Overlook,35.4352778,-106.8786111,6161.0,OTHER,,Private,PVT,2.64,360.0,35.479292,-106.878708,5900.0,,,OSM,,node/2218609435,
VP0865,viewpoint,Rio Tinto Observation Point,40.5074629,-112.1063945,5832.0,OTHER,,Private,PVT,0.04,89.0,40.50747,-112.105557,5777.0,,,OSM,,node/10220700585,
VP0866,viewpoint,Ripple Creek Overlook,40.0944748,-107.3099953,10056.0,CALL FIRST,f,USFS - check forest orders,USFS,6.62,51.0,40.163379,-107.197622,8700.0,,,OSM,,node/9054038384,
VP0867,viewpoint,River Overlook,38.9116753,-110.1328255,4398.0,LANDABLE,g,BLM land,BLM,0.0,,38.911675,-110.132826,4398.0,,,OSM,,node/9481759603,
VP0868,viewpoint,Road Alignment,36.0609983,-107.9515857,6243.0,NO-GO,,National Park Service,NPS,2.35,316.0,36.089093,-107.985218,6327.0,,"FAA AC 91-36D: pilots asked to stay >= 2,000 ft AGL over NPS, wilderness and refuges",OSM,,node/11044472999,
VP0869,viewpoint,Rock Canyon Overlook,40.2689546,-111.5921452,6584.0,CALL FIRST,f,USFS - check forest orders,USFS,5.63,236.0,40.216845,-111.694159,4495.0,,,OSM,,node/2296637321,
VP0870,viewpoint,Rock Cut,40.4120803,-105.7331974,12099.0,NO-GO,,National Park Service,NPS,9.08,114.0,40.350777,-105.552046,8688.0,,"FAA AC 91-36D: pilots asked to stay >= 2,000 ft AGL over NPS, wilderness and refuges",OSM,,node/6709186317,
VP0871,viewpoint,Rock Formation Overlook,39.0204322,-104.9385469,9145.0,CALL FIRST,f,USFS - check forest orders,USFS,6.32,233.0,38.956682,-105.046246,8553.0,,,OSM,,node/9727756332,
VP0872,viewpoint,Rock Garden,37.0641126,-113.4345041,3999.0,LANDABLE,g,BLM land,BLM,0.0,,37.064113,-113.434504,3999.0,,,OSM,,node/13042150174,
VP0873,viewpoint,Rock Overlook,36.1218205,-115.4134656,4541.0,NO-LAND,d,BLM National Monument / NCA,BLM,0.97,155.0,36.107154,-115.40516,4767.0,,,OSM,,node/11778783367,
VP0874,viewpoint,Rock Point,38.5724315,-107.7045044,7851.0,NO-GO,,National Park Service,NPS,1.14,208.0,38.555745,-107.715971,8210.0,,"FAA AC 91-36D: pilots asked to stay >= 2,000 ft AGL over NPS, wilderness and refuges",OSM,1795270,node/1323146864,
VP0875,viewpoint,Rocks,37.0897202,-113.4525158,2927.0,OTHER,,Private,PVT,0.25,270.0,37.089713,-113.457748,2863.0,,,OSM,,node/13166990178,
VP0876,viewpoint,Rocks Overlook,39.6711016,-105.076114,5521.0,OTHER,,Private,PVT,11.73,291.0,39.73999,-105.313114,6518.0,,,OSM,,node/10900830704,
VP0877,viewpoint,Rocky Point,40.051956,-105.4331825,8620.0,CALL FIRST,f,USFS - check forest orders,USFS,1.04,97.0,40.049912,-105.41085,8061.0,,,OSM,,node/2333341439,
VP0878,viewpoint,Rocky Point Overlook,36.1124111,-114.840008,1221.0,NO-GO,,National Park Service,NPS,2.75,235.0,36.086148,-114.886417,2062.0,,"FAA AC 91-36D: pilots asked to stay >= 2,000 ft AGL over NPS, wilderness and refuges",OSM,,node/8860778019,
VP0879,viewpoint,Rocky overlook,38.9022127,-104.8027919,6612.0,OTHER,,Private,PVT,6.69,228.0,38.828032,-104.909534,7606.0,,,OSM,,node/1832233507,
VP0880,viewpoint,Roosevelt Diversion Dam,33.6262153,-110.9333177,2198.0,CALL FIRST,f,USFS - check forest orders,USFS,11.34,179.0,33.436882,-110.928374,4769.0,,,OSM,,node/11203598582,
VP0881,viewpoint,Roosevelt Lookout,36.2179576,-111.9524769,8469.0,NO-GO,,National Park Service,NPS,21.04,233.0,36.006514,-112.297951,6166.0,,"FAA AC 91-36D: pilots asked to stay >= 2,000 ft AGL over NPS, wilderness and refuges | Inside Grand Canyon NP: Grand Canyon SFRA rules apply (14 CFR 93 Subpart U)",OSM,,node/1183480044,
VP0882,viewpoint,Roswell UFO Monument,33.9500307,-105.3142006,5944.0,LANDABLE,g,BLM land,BLM,0.0,,33.950031,-105.314201,5944.0,,,OSM,,node/3832839955,
VP0883,viewpoint,Roswell crash,34.0658806,-105.537525,6335.0,OTHER,,Private,PVT,1.57,158.0,34.041681,-105.525645,6268.0,,,OSM,,node/3833673955,
VP0884,viewpoint,Royal Gorge Bridge Lookout,38.4611343,-105.3175714,6639.0,OTHER,,Local government,LG,0.95,178.0,38.445234,-105.316908,6663.0,,,OSM,,node/11920452969,
VP0885,viewpoint,Royal Gorge Overlook,38.4293391,-105.296328,6739.0,LANDABLE,g,BLM land,BLM,0.0,,38.429339,-105.296328,6739.0,,,OSM,,node/12391577448,
VP0886,viewpoint,Rucker Canyon Viewpoint,31.8344361,-109.2991611,9037.0,NO-LAND,a,Wilderness,USFS,8.2,33.0,31.949308,-109.211732,5391.0,,"FAA AC 91-36D: pilots asked to stay >= 2,000 ft AGL over NPS, wilderness and refuges",OSM,,node/3135482995,
VP0887,viewpoint,Ruedi Overlook,39.3696975,-106.8204063,8628.0,CALL FIRST,f,USFS - check forest orders,USFS,4.63,203.0,39.298517,-106.859219,8399.0,,,OSM,,node/9048766016,
VP0888,viewpoint,Salt Lake Overlook,40.6890989,-111.7434499,6972.0,NO-LAND,a,Wilderness,USFS,2.18,315.0,40.715064,-111.777004,6103.0,,"FAA AC 91-36D: pilots asked to stay >= 2,000 ft AGL over NPS, wilderness and refuges",OSM,,node/2819421935,
VP0889,viewpoint,Salt Valley Overlook,38.7402284,-109.571034,4696.0,NO-GO,,National Park Service,NPS,2.84,109.0,38.724401,-109.514017,4917.0,,"FAA AC 91-36D: pilots asked to stay >= 2,000 ft AGL over NPS, wilderness and refuges",OSM,,node/2235781940,
VP0890,viewpoint,Salt Wash View Area,38.832577,-111.1121815,5917.0,CALL FIRST,e,State land - state land office permission,ST,0.03,180.0,38.83205,-111.112182,5896.0,,,OSM,,node/631754296,
VP0891,viewpoint,Sams Mesa Canyon Overlook,38.194722,-110.3875,5282.0,LANDABLE,g,BLM land,BLM,0.0,,38.194722,-110.3875,5282.0,,,OSM,,node/3410477692,
VP0892,viewpoint,San Antonio Mountain Winter Wildlife Viewing Area,36.8626046,-105.9709936,8366.0,NO-LAND,d,BLM National Monument / NCA,BLM,4.2,180.0,36.79243,-105.971279,8422.0,,,OSM,,node/6699650316,
VP0893,viewpoint,San Jon Hill View,34.9843659,-103.3559177,4834.0,OTHER,,Private,PVT,8.63,314.0,35.085262,-103.480977,3986.0,,,OSM,,node/2629340855,
VP0894,viewpoint,San Juan Overlook,36.9977235,-109.0406118,4862.0,NO-LAND,c,Tribal land - tribal permission required,BIA,14.86,12.0,37.240412,-108.97718,5348.0,,,OSM,,node/10897928035,
VP0895,viewpoint,San Lorenzo Ridge Overlook,34.2421586,-106.995534,5392.0,LANDABLE,g,BLM land,BLM,0.0,,34.242159,-106.995534,5392.0,,,OSM,,node/10793614113,
VP0896,viewpoint,San Pedro Vista,32.4002426,-110.6900276,7335.0,CALL FIRST,f,USFS - check forest orders,USFS,10.4,194.0,32.231528,-110.738547,2704.0,,,OSM,,node/2303353696,
VP0897,viewpoint,San Rafael Reef View Area,38.92073135,-110.43135289731543,4439.0,LANDABLE,g,BLM land,BLM,0.0,,38.920731,-110.431353,4439.0,,,OSM,,relation/16907193,
VP0898,viewpoint,San Rafael Reef Viewpoint,38.9278,-110.401231,4466.0,OTHER,,Private,PVT,0.19,270.0,38.9278,-110.405347,4248.0,,,OSM,,node/11466483246,
VP0899,viewpoint,San Rafel Swell overlook,39.0092888,-110.4898949,4806.0,NO-LAND,a,Wilderness,BLM,0.15,310.0,39.010906,-110.492329,4827.0,,"FAA AC 91-36D: pilots asked to stay >= 2,000 ft AGL over NPS, wilderness and refuges",OSM,,node/3354992450,
VP0900,viewpoint,Sand Beach View Area,38.8292138,-111.1152127,5895.0,LANDABLE,g,BLM land,BLM,0.0,,38.829214,-111.115213,5895.0,,,OSM,,node/1014205127,
VP0901,viewpoint,Sand Dunes Overlook,37.057218,-113.4092188,3997.0,LANDABLE,g,BLM land,BLM,0.0,,37.057218,-113.409219,3997.0,,,OSM,,node/10208005897,
VP0902,viewpoint,Sand Hollow View,37.0832153,-113.3692577,3356.0,CALL FIRST,e,State land - state land office permission,ST,0.0,180.0,37.083199,-113.369258,3356.0,,,OSM,,node/13042169602,
VP0903,viewpoint,Sandhill Crane Overlook,33.4356715,-104.4095348,3506.0,NO-GO,,Fish & Wildlife Service refuge,FWS,0.52,272.0,33.435907,-104.419867,3518.0,,"FAA AC 91-36D: pilots asked to stay >= 2,000 ft AGL over NPS, wilderness and refuges",OSM,,node/8716115665,
VP0904,viewpoint,Sandia Peak,35.2100445,-106.4496496,10675.0,CALL FIRST,f,USFS - check forest orders,USFS,5.86,27.0,35.29711,-106.39545,6599.0,,,OSM,,node/6679978635,
VP0905,viewpoint,Sands Spring,36.939884,-110.0629589,5161.0,NO-LAND,c,Tribal land - tribal permission required,BIA,14.17,25.0,37.154951,-109.940393,3977.0,,,OSM,,node/4802792723,
VP0906,viewpoint,Sandstone Bluff Overlook,34.9446249,-107.8384476,6979.0,NO-GO,,National Park Service,NPS,2.94,55.0,34.972677,-107.789527,6838.0,,"FAA AC 91-36D: pilots asked to stay >= 2,000 ft AGL over NPS, wilderness and refuges",OSM,,node/1881832244,
VP0907,viewpoint,Santaquin Overlook,39.8996387,-111.6969008,8876.0,CALL FIRST,f,USFS - check forest orders,USFS,6.9,37.0,39.991733,-111.607214,8703.0,,,OSM,,node/7841310255,
VP0908,viewpoint,Sapphire Point,39.5881056,-106.0462281,9466.0,CALL FIRST,f,USFS - check forest orders,USFS,15.73,210.0,39.360322,-106.214222,11302.0,,,OSM,,node/4979601822,
VP0909,viewpoint,Savage Point Overlook,37.0532226,-112.508636,5778.0,LANDABLE,g,BLM land,BLM,0.0,,37.053223,-112.508636,5778.0,,,OSM,,node/9545601754,
VP0910,viewpoint,Scenic Turnout,37.7465171,-112.3211883,7159.0,CALL FIRST,f,USFS - check forest orders,USFS,0.52,270.0,37.746537,-112.332076,7090.0,,,OSM,,node/4804777522,
VP0911,viewpoint,Scenic View Vermillion Cliffs,36.72281,-112.06098,5867.0,NO-LAND,d,BLM National Monument / NCA,USFS,10.81,3.0,36.902928,-112.049129,5556.0,,Within 15 nm of Grand Canyon NP: check the Grand Canyon SFRA on the Grand Canyon VFR chart,OSM,,node/1183478945,
VP0912,viewpoint,Schofield Pass,39.0151028,-107.0470513,10723.0,CALL FIRST,f,USFS - check forest orders,USFS,5.68,176.0,38.920633,-107.03851,9030.0,,,OSM,,node/2399763489,
VP0913,viewpoint,Schuerman Peak,34.8434442,-111.836228,4874.0,CALL FIRST,f,USFS - check forest orders,USFS,21.27,256.0,34.759235,-112.25436,5499.0,,,OSM,,node/10119601518,
VP0914,viewpoint,Sea Captain,32.0217244,-109.3340224,5838.0,NO-GO,,National Park Service,NPS,4.48,93.0,32.018055,-109.246267,5068.0,,"FAA AC 91-36D: pilots asked to stay >= 2,000 ft AGL over NPS, wilderness and refuges",OSM,,node/10739316703,
VP0915,viewpoint,Searle Pass,39.458054,-106.2281275,12046.0,CALL FIRST,f,USFS - check forest orders,USFS,5.88,178.0,39.360058,-106.222716,11181.0,,,OSM,,node/14131696201,
VP0916,viewpoint,Secret Canyon Overlook,38.6204809,-109.6773163,5065.0,LANDABLE,g,BLM land,BLM,0.0,,38.620481,-109.677316,5065.0,,,OSM,,node/10021618732,
VP0917,viewpoint,Sedgers Hole Overlook,38.5837559,-111.016718,6795.0,NO-LAND,a,Wilderness,BLM,0.19,358.0,38.586951,-111.016853,6747.0,,"FAA AC 91-36D: pilots asked to stay >= 2,000 ft AGL over NPS, wilderness and refuges",OSM,,node/2310526845,
VP0918,viewpoint,Sedona Airport Overlook,34.8533883,-111.789756,4773.0,OTHER,,Local government,LG,23.64,256.0,34.759235,-112.25436,5499.0,,,OSM,,node/4409616232,
VP0919,viewpoint,Sedona Overlook,34.9094263,-111.7493809,6947.0,NO-LAND,a,Wilderness,USFS,26.51,250.0,34.759235,-112.25436,5499.0,,"FAA AC 91-36D: pilots asked to stay >= 2,000 ft AGL over NPS, wilderness and refuges",OSM,,node/5984917118,
VP0920,viewpoint,Seligman,35.3286341,-112.8839024,5254.0,OTHER,,Private,PVT,20.69,105.0,35.23753,-112.477695,5203.0,,,OSM,,node/4826862121,
VP0921,viewpoint,Senator Clinton P. Anderson Wilderness Overlook,33.1179361,-108.1989383,7351.0,NO-LAND,a,Wilderness,USFS,14.16,181.0,32.881553,-108.203494,7560.0,,"FAA AC 91-36D: pilots asked to stay >= 2,000 ft AGL over NPS, wilderness and refuges",OSM,,node/2836936021,
VP0922,viewpoint,Sentinel Point,38.8779981,-104.7705955,6524.0,OTHER,,Private,PVT,7.17,245.0,38.828032,-104.909534,7606.0,,,OSM,,node/9971200172,
VP0923,viewpoint,Seven Cateracts Vista,32.357787,-110.7255212,5327.0,CALL FIRST,f,USFS - check forest orders,USFS,7.59,185.0,32.231528,-110.738547,2704.0,,,OSM,,node/175513446,
VP0924,viewpoint,Sevenmile Canyon Overlook,38.6230722,-109.750829,4913.0,LANDABLE,g,BLM land,BLM,0.0,,38.623072,-109.750829,4913.0,,,OSM,,node/9188723226,
VP0925,viewpoint,Sevenmile Canyon Overlook,38.6508502,-109.7170907,4898.0,LANDABLE,g,BLM land,BLM,0.0,,38.65085,-109.717091,4898.0,,,OSM,,node/9194628936,
VP0926,viewpoint,Sevenmile Tributary Canyon Overlook,38.6336865,-109.7303224,4809.0,LANDABLE,g,BLM land,BLM,0.0,,38.633686,-109.730322,4809.0,,,OSM,,node/9194629015,
VP0927,viewpoint,Shafer Canyon Overlook,38.4528019,-109.817999,5761.0,NO-GO,,National Park Service,NPS,2.2,90.0,38.452798,-109.771396,4588.0,,"FAA AC 91-36D: pilots asked to stay >= 2,000 ft AGL over NPS, wilderness and refuges",OSM,,node/4748011692,
VP0928,viewpoint,Shafer Canyon Overlook,38.4793835,-109.7504096,5816.0,OTHER,,Private,PVT,0.14,270.0,38.479377,-109.753283,5044.0,,,OSM,,node/2321228037,
VP0929,viewpoint,Shafer Trail Viewpoint,38.448072,-109.8215474,5821.0,NO-GO,,National Park Service,NPS,2.36,90.0,38.448066,-109.771396,4061.0,,"FAA AC 91-36D: pilots asked to stay >= 2,000 ft AGL over NPS, wilderness and refuges",OSM,,node/759280954,
VP0930,viewpoint,Sheep Creek Overlook,40.908361,-109.6980347,7278.0,CALL FIRST,f,USFS - check forest orders,USFS,4.38,25.0,40.9743,-109.656742,6140.0,,,OSM,,node/2582998636,
VP0931,viewpoint,Sheep Crossing,36.7518701,-105.6722269,7410.0,NO-LAND,d,BLM National Monument / NCA,BLM,2.83,121.0,36.727574,-105.621833,7814.0,,,OSM,,node/7404925644,
VP0932,viewpoint,Sheep Mountain Overlook,39.0661454,-107.117198,11560.0,CALL FIRST,f,USFS - check forest orders,USFS,9.46,236.0,38.97802,-107.285146,7759.0,,,OSM,,node/6431849485,
VP0933,viewpoint,Sheep Rock Overlook,39.202587,-105.3399322,7926.0,CALL FIRST,f,USFS - check forest orders,USFS,14.02,143.0,39.014632,-105.161359,9005.0,,,OSM,,node/10612511548,
VP0934,viewpoint,"Sheep, Mountain Zion",37.2266656,-112.884297,5574.0,NO-GO,,National Park Service,NPS,1.34,92.0,37.225705,-112.856313,6423.0,,"FAA AC 91-36D: pilots asked to stay >= 2,000 ft AGL over NPS, wilderness and refuges",OSM,,node/10028361017,
VP0935,viewpoint,Shimmering Point Overlook,39.2828144,-106.4180584,10558.0,CALL FIRST,f,USFS - check forest orders,USFS,1.21,146.0,39.266066,-106.403437,10358.0,,,OSM,,node/11234216013,
VP0936,viewpoint,Shoshone Point,36.0457145,-112.0590234,7155.0,NO-GO,,National Park Service,NPS,11.86,259.0,36.006514,-112.297951,6166.0,,"FAA AC 91-36D: pilots asked to stay >= 2,000 ft AGL over NPS, wilderness and refuges | Inside Grand Canyon NP: Grand Canyon SFRA rules apply (14 CFR 93 Subpart U)",OSM,11257,node/359251657,
VP0937,viewpoint,Show Low Meadow,34.2430605,-110.0230052,6334.0,OTHER,,Private,PVT,7.79,22.0,34.363367,-109.963223,6132.0,,,OSM,,node/9910079728,
VP0938,viewpoint,Shrimp Burrows,36.0632971,-107.9637415,6240.0,NO-GO,,National Park Service,NPS,1.87,326.0,36.089093,-107.985218,6327.0,,"FAA AC 91-36D: pilots asked to stay >= 2,000 ft AGL over NPS, wilderness and refuges",OSM,,node/11044473007,
VP0939,viewpoint,Sidewinder Overlook,33.7528626,-111.8758906,2453.0,OTHER,,Private,PVT,6.22,292.0,33.791876,-111.99124,1892.0,,,OSM,,node/13864125572,
VP0940,viewpoint,Signal Hill,38.8690114,-104.7652983,6536.0,OTHER,,Private,PVT,7.19,250.0,38.828032,-104.909534,7606.0,,,OSM,,node/3092020339,
VP0941,viewpoint,Signature Overlook of Denver,39.6885798,-105.003124,5350.0,OTHER,,Private,PVT,14.68,282.0,39.73999,-105.313114,6518.0,,,OSM,,node/1490342284,
VP0942,viewpoint,Silverton Overlook,37.7943124,-107.644241,12668.0,LANDABLE,g,BLM land,BLM,0.0,,37.794312,-107.644241,12668.0,,,OSM,,node/8825703443,
VP0943,viewpoint,Simonton Observation Deck/Holy Cross Overlook,39.6176111,-106.3867451,10311.0,CALL FIRST,f,USFS - check forest orders,USFS,11.56,285.0,39.667702,-106.627609,7594.0,,,OSM,,node/4958872499,
VP0944,viewpoint,Sipapu Bridge View,37.6140574,-110.0044829,6211.0,NO-GO,,National Park Service,NPS,0.64,306.0,37.620387,-110.01534,6138.0,,"FAA AC 91-36D: pilots asked to stay >= 2,000 ft AGL over NPS, wilderness and refuges",OSM,,node/1424868051,
VP0945,viewpoint,Siphon Outlet,32.7275768,-114.6210446,153.0,OTHER,,Undetermined,UND,1.8,165.0,32.69856,-114.611648,198.0,,,OSM,,node/1910592000,
VP0946,viewpoint,Site where Roswell ship exploded,34.0139586,-105.5316611,6291.0,LANDABLE,g,BLM land,BLM,0.0,,34.013959,-105.531661,6291.0,,,OSM,,node/3833882184,
VP0947,viewpoint,Skeleton Point,36.0816699,-112.0903504,5099.0,NO-GO,,National Park Service,NPS,11.06,246.0,36.006514,-112.297951,6166.0,,"FAA AC 91-36D: pilots asked to stay >= 2,000 ft AGL over NPS, wilderness and refuges | Inside Grand Canyon NP: Grand Canyon SFRA rules apply (14 CFR 93 Subpart U)",OSM,,node/5928287334,
VP0948,viewpoint,Ski Santa Fe Overlook,35.785762,-105.7967869,11183.0,CALL FIRST,f,USFS - check forest orders,USFS,7.54,322.0,35.884442,-105.892792,7397.0,,,OSM,,node/6471324571,
VP0949,viewpoint,Skull Crack Viewpoint,41.2973218,-111.584616,5754.0,CALL FIRST,f,USFS - check forest orders,USFS,4.92,243.0,41.260568,-111.681878,6018.0,,,OSM,,node/9823977270,
VP0950,viewpoint,Skull Valley Overlook,34.5046766,-112.5558534,6943.0,CALL FIRST,f,USFS - check forest orders,USFS,3.19,268.0,34.502963,-112.620168,5246.0,,,OSM,,node/1487858520,
VP0951,viewpoint,Skyline Drive Summit,38.5783735,-109.604944,4818.0,LANDABLE,g,BLM land,BLM,0.0,,38.578374,-109.604944,4818.0,,,OSM,,node/9509089819,
VP0952,viewpoint,Slide Canyon Viewpoint,40.3484364,-111.5938474,5274.0,OTHER,,Private,PVT,6.53,56.0,40.408862,-111.475396,5442.0,,,OSM,,node/84590976,
VP0953,viewpoint,Sliding House Overlook,36.11645,-109.4367984,6084.0,NO-GO,,National Park Service,NPS,34.33,146.0,35.639601,-109.046365,6973.0,,"FAA AC 91-36D: pilots asked to stay >= 2,000 ft AGL over NPS, wilderness and refuges",OSM,,node/173989410,
VP0954,viewpoint,Sliplock,37.1050208,-113.4242523,3149.0,LANDABLE,g,BLM land,BLM,0.0,,37.105021,-113.424252,3149.0,,,OSM,,node/13042150189,
VP0955,viewpoint,Slocumb Cabin,39.5347589,-105.0727764,5485.0,OTHER,,Unclassified (private / other),OTHFE,11.64,249.0,39.465462,-105.307011,8037.0,,,OSM,,node/559876915,
VP0956,viewpoint,Smiths Mountain Overlook,38.7738571,-107.9327594,5640.0,NO-LAND,d,BLM National Monument / NCA,BLM,0.16,89.0,38.77389,-107.929399,5445.0,,,OSM,,node/3726792320,
VP0957,viewpoint,Snow College S,39.3442302,-111.539502,6658.0,OTHER,,Private,PVT,6.76,312.0,39.420147,-111.646984,5600.0,,,OSM,,node/4636187355,
VP0958,viewpoint,Snow Goose Hill Overlook,33.4208526,-104.4190337,3511.0,NO-GO,,Fish & Wildlife Service refuge,FWS,0.38,226.0,33.416506,-104.424472,3507.0,,"FAA AC 91-36D: pilots asked to stay >= 2,000 ft AGL over NPS, wilderness and refuges",OSM,,node/8716115639,
VP0959,viewpoint,Snow Sledding Hill,39.6843015,-105.005597,5334.0,OTHER,,Private,PVT,14.62,283.0,39.73999,-105.313114,6518.0,,,OSM,,node/4444954190,
VP0960,viewpoint,Soda Canyon Overlook,37.1659684,-108.462416,6700.0,NO-GO,,National Park Service,NPS,6.59,62.0,37.217878,-108.341288,6170.0,,"FAA AC 91-36D: pilots asked to stay >= 2,000 ft AGL over NPS, wilderness and refuges",OSM,,node/312427686,
VP0961,viewpoint,South Fruita Overlook,38.2846521,-111.239844,5860.0,NO-GO,,National Park Service,NPS,2.16,213.0,38.254613,-111.264919,6413.0,,"FAA AC 91-36D: pilots asked to stay >= 2,000 ft AGL over NPS, wilderness and refuges",OSM,,node/411670211,
VP0962,viewpoint,South Knoll,38.8759097,-104.766483,6512.0,OTHER,,Private,PVT,7.29,247.0,38.828032,-104.909534,7606.0,,,OSM,,node/9971200173,
VP0963,viewpoint,Southern Sandias Overlook,35.1907567,-106.4290914,10162.0,NO-LAND,a,Wilderness,USFS,6.3,42.0,35.26895,-106.343287,6268.0,,"FAA AC 91-36D: pilots asked to stay >= 2,000 ft AGL over NPS, wilderness and refuges",OSM,,node/6775829751,
VP0964,viewpoint,Spanish Fork Canyon Overlook,40.2115756,-111.5779009,8585.0,CALL FIRST,f,USFS - check forest orders,USFS,4.22,244.0,40.180259,-111.66007,4492.0,,,OSM,,node/84543165,
VP0965,viewpoint,Spearhead Mesa,36.9415627,-110.063021,5173.0,NO-LAND,c,Tribal land - tribal permission required,BIA,14.08,25.0,37.154951,-109.940393,3977.0,,,OSM,,node/4802793222,
VP0966,viewpoint,Spectator Plaza,40.0325117,-105.2317935,5292.0,OTHER,,Private,PVT,4.61,268.0,40.029684,-105.331655,6125.0,,,OSM,,node/4717700751,
VP0967,viewpoint,Spectra Point Viewpoint,37.610977,-112.8448163,10249.0,NO-GO,,National Park Service,NPS,4.55,300.0,37.648931,-112.927403,8331.0,,"FAA AC 91-36D: pilots asked to stay >= 2,000 ft AGL over NPS, wilderness and refuges",OSM,,node/9016166993,
VP0968,viewpoint,Spencer Trail Lookout,36.8687217,-111.5753169,4626.0,NO-GO,,National Park Service,NPS,3.24,24.0,36.917876,-111.547495,4014.0,,"FAA AC 91-36D: pilots asked to stay >= 2,000 ft AGL over NPS, wilderness and refuges | Within 15 nm of Grand Canyon NP: check the Grand Canyon SFRA on the Grand Canyon VFR chart",OSM,,node/1773799905,
VP0969,viewpoint,Sphinx Overlook,35.4852974,-105.9179972,6681.0,OTHER,,Private,PVT,3.7,172.0,35.424165,-105.907685,6276.0,,,OSM,,node/4283198555,
VP0970,viewpoint,Spiral Jetty Lookout,41.440894,-112.6629903,4519.0,OTHER,,Private,PVT,8.42,8.0,41.579902,-112.636247,4623.0,,,OSM,,node/6073087800,
VP0971,viewpoint,Spiral Point,39.2125146,-106.9622091,9208.0,OTHER,,Private,PVT,0.65,261.0,39.210814,-106.975905,8205.0,,,OSM,,node/2968315668,
VP0972,viewpoint,Spitzie Wetland Overlook,40.8241698,-108.9625664,5476.0,NO-GO,,Fish & Wildlife Service refuge,FWS,0.41,90.0,40.824191,-108.953659,5493.0,,"FAA AC 91-36D: pilots asked to stay >= 2,000 ft AGL over NPS, wilderness and refuges",OSM,,node/7096146968,
VP0973,viewpoint,Split Mountain overlook,40.4425298,-109.2536688,4865.0,NO-GO,,National Park Service,NPS,0.44,152.0,40.436087,-109.24913,4822.0,,"FAA AC 91-36D: pilots asked to stay >= 2,000 ft AGL over NPS, wilderness and refuges",OSM,,node/5139537040,
VP0974,viewpoint,Spring Canyon Overlook,38.6701067,-109.9316915,4895.0,LANDABLE,g,BLM land,BLM,0.0,,38.670107,-109.931692,4895.0,,,OSM,,node/12599011604,
VP0975,viewpoint,Square Tower House Overlook,37.1657201,-108.4915855,6838.0,NO-GO,,National Park Service,NPS,6.84,334.0,37.268108,-108.554608,7171.0,,"FAA AC 91-36D: pilots asked to stay >= 2,000 ft AGL over NPS, wilderness and refuges",OSM,,node/901544061,
VP0976,viewpoint,St. Mary's Glacier,39.8362464,-105.6463762,10963.0,CALL FIRST,f,USFS - check forest orders,USFS,5.1,98.0,39.824144,-105.537251,8934.0,,,OSM,,node/4995830821,
VP0977,viewpoint,Stansbury Viewpoint,40.9135665,-112.5272264,4213.0,OTHER,,Private,PVT,0.62,90.0,40.913584,-112.513502,4386.0,,,OSM,,node/14114215370,
VP0978,viewpoint,Starlight Arch Photopoint,37.2546711,-111.9985078,6055.0,NO-LAND,b,Wilderness Study Area,BLM,1.57,155.0,37.230841,-111.984746,4896.0,,,OSM,,node/1800760083,
VP0979,viewpoint,State Border sign,34.1669473,-109.0468528,7352.0,OTHER,,Unclassified (private / other),,0.0,90.0,34.166947,-109.046813,7352.0,,,OSM,,node/9289138117,
VP0980,viewpoint,State of Utah,40.776248,-111.8882206,4515.0,OTHER,,Private,PVT,5.06,124.0,40.729412,-111.795953,5691.0,,,OSM,,node/12478843187,
VP0981,viewpoint,Staunton Ranch Overlook,39.5186377,-105.3956196,9396.0,OTHER,,Local government,LG,3.27,330.0,39.565841,-105.431093,9643.0,,,OSM,,node/3185137317,
VP0982,viewpoint,Steamboat Point Overlook,38.7521377,-109.1128605,6231.0,LANDABLE,g,BLM land,BLM,0.0,,38.752138,-109.11286,6231.0,,,OSM,,node/3703035811,
VP0983,viewpoint,Straight Cliffs Overlook,37.4136092,-111.2493669,5979.0,NO-LAND,b,Wilderness Study Area,BLM,1.26,320.0,37.429718,-111.266259,5936.0,,,OSM,,node/1814989056,
VP0984,viewpoint,Stream Beds,32.0292446,-109.3157443,6270.0,NO-GO,,National Park Service,NPS,3.57,83.0,32.036186,-109.246273,4802.0,,"FAA AC 91-36D: pilots asked to stay >= 2,000 ft AGL over NPS, wilderness and refuges",OSM,,node/10739316700,
VP0985,viewpoint,Strike Valley Overlook,37.8831101,-111.041951,5988.0,NO-GO,,National Park Service,NPS,1.67,270.0,37.883112,-111.077175,6365.0,,"FAA AC 91-36D: pilots asked to stay >= 2,000 ft AGL over NPS, wilderness and refuges",OSM,,node/1833999915,
VP0986,viewpoint,Stud Horse Point,36.9894265,-111.6021002,4603.0,LANDABLE,g,BLM land,BLM,0.0,,36.989426,-111.6021,4603.0,,Within 15 nm of Grand Canyon NP: check the Grand Canyon SFRA on the Grand Canyon VFR chart,OSM,,node/1667914916,
VP0987,viewpoint,SunEdison Solar Power Plant,37.6911431,-105.8750077,7557.0,OTHER,,Private,PVT,4.02,82.0,37.699897,-105.791292,7534.0,,,OSM,,node/4010431874,
VP0988,viewpoint,Sunnyside Mill Ruins Viewpoint,37.8799342,-107.5674319,9881.0,OTHER,,Private,PVT,0.05,235.0,37.879476,-107.568251,9916.0,,,OSM,,node/9849135904,
VP0989,viewpoint,Sunrise Circle Amphitheater,40.0036771,-105.3008209,6808.0,OTHER,,Local government,LG,2.1,316.0,40.028655,-105.33274,6098.0,,,OSM,,node/9215554577,
VP0990,viewpoint,Sunrise Point,37.6282182,-112.1629778,7996.0,NO-GO,,National Park Service,NPS,2.03,127.0,37.608049,-112.128864,6959.0,,"FAA AC 91-36D: pilots asked to stay >= 2,000 ft AGL over NPS, wilderness and refuges",OSM,1446254,node/6101588571,
VP0991,viewpoint,Sunrise Point,40.5677906,-111.8070904,5062.0,OTHER,,Private,PVT,1.05,44.0,40.580423,-111.791283,5356.0,,,OSM,,node/4428139800,
VP0992,viewpoint,Sunset Point,37.622605,-112.1660111,7973.0,NO-GO,,National Park Service,NPS,1.97,116.0,37.608049,-112.128864,6959.0,,"FAA AC 91-36D: pilots asked to stay >= 2,000 ft AGL over NPS, wilderness and refuges",OSM,1446261,node/356680092,
VP0993,viewpoint,Sunset Point Overlook,38.2969599,-111.2942653,6347.0,NO-GO,,National Park Service,NPS,0.5,223.0,38.29087,-111.301576,6610.0,,"FAA AC 91-36D: pilots asked to stay >= 2,000 ft AGL over NPS, wilderness and refuges",OSM,,node/3995604159,
VP0994,viewpoint,Sunset View,38.5692966,-107.7337315,7956.0,NO-LAND,a,Wilderness,NPS,0.81,180.0,38.555866,-107.733832,7830.0,,"FAA AC 91-36D: pilots asked to stay >= 2,000 ft AGL over NPS, wilderness and refuges",OSM,1795275,node/1321233334,
VP0995,viewpoint,Sunset View Scenic Overlook,36.0969145,-114.822313,1239.0,NO-GO,,National Park Service,NPS,3.18,258.0,36.086148,-114.886417,2062.0,,"FAA AC 91-36D: pilots asked to stay >= 2,000 ft AGL over NPS, wilderness and refuges",OSM,,node/11328574269,
VP0996,viewpoint,Sunset Vista,33.7594453,-111.8444771,2727.0,OTHER,,Private,PVT,7.46,292.0,33.806441,-111.982536,1909.0,,,OSM,,node/10993138270,
VP0997,viewpoint,Super Bowl,36.2276376,-114.6712264,2013.0,NO-LAND,a,Wilderness,NPS,0.77,264.0,36.226323,-114.687042,2947.0,,"FAA AC 91-36D: pilots asked to stay >= 2,000 ft AGL over NPS, wilderness and refuges",OSM,,node/11481431233,
VP0998,viewpoint,Surprise Overlook,38.5770338,-109.67248,4623.0,CALL FIRST,e,State land - state land office permission,ST,0.02,90.0,38.577034,-109.671999,4636.0,,,OSM,,node/2266310732,
VP0999,viewpoint,Swamp Canyon Overlook,37.5873787,-112.213542,8052.0,NO-GO,,National Park Service,NPS,2.61,146.0,37.551285,-112.18309,7104.0,,"FAA AC 91-36D: pilots asked to stay >= 2,000 ft AGL over NPS, wilderness and refuges",OSM,,node/4827601614,
VP1000,viewpoint,Swaner Ecocenter Observation Tower,40.721589,-111.5375401,6378.0,OTHER,,Private,PVT,3.52,74.0,40.737526,-111.463224,6596.0,,,OSM,,node/5907413301,
VP1001,viewpoint,Swaner Preserve,40.7348299,-111.5423268,6808.0,OTHER,,Private,PVT,3.61,87.0,40.737526,-111.463224,6596.0,,,OSM,,node/5907413297,
VP1002,viewpoint,Swasey's Leap Viewpoint,38.9906856,-110.4671016,4572.0,NO-LAND,a,Wilderness,BLM,1.2,270.0,38.990711,-110.49278,5036.0,,"FAA AC 91-36D: pilots asked to stay >= 2,000 ft AGL over NPS, wilderness and refuges",OSM,,node/11458235940,
VP1003,viewpoint,TNT,37.0979382,-113.3864414,3222.0,LANDABLE,g,BLM land,BLM,0.0,,37.097938,-113.386441,3222.0,,,OSM,,node/13042150186,
VP1004,viewpoint,Tabeguache Overlook,38.4109975,-108.3723755,9302.0,CALL FIRST,f,USFS - check forest orders,USFS,5.7,196.0,38.319813,-108.406559,7472.0,,,OSM,,node/3723295471,
VP1005,viewpoint,Table Top Trail,34.8408759,-111.7992864,4681.0,CALL FIRST,f,USFS - check forest orders,USFS,23.01,258.0,34.759235,-112.25436,5499.0,,,OSM,,node/10119601417,
VP1006,viewpoint,Taliesin Overlook,33.6179257,-111.8273283,2095.0,OTHER,,Private,PVT,4.67,287.0,33.640171,-111.916665,1529.0,,,OSM,,node/1073824855,
VP1007,viewpoint,Tawa Point,35.0804037,-109.7837359,5852.0,NO-GO,,National Park Service,NPS,4.32,233.0,35.036882,-109.853605,5374.0,,"FAA AC 91-36D: pilots asked to stay >= 2,000 ft AGL over NPS, wilderness and refuges",OSM,12201,node/359252365,
VP1008,viewpoint,Taylor Flat Overlook,38.7939361,-111.6472164,8887.0,CALL FIRST,f,USFS - check forest orders,USFS,7.18,13.0,38.910734,-111.613238,7673.0,,,OSM,,node/9918003198,
VP1009,viewpoint,Tellurium Saddle Overlook,39.031126,-106.6760457,12321.0,OTHER,,Private,PVT,15.54,214.0,38.814785,-106.859047,9664.0,,,OSM,,node/11183878315,
VP1010,viewpoint,Temple Canyon Overlook,38.4087865,-105.300969,6274.0,LANDABLE,g,BLM land,BLM,0.0,,38.408786,-105.300969,6274.0,,,OSM,,node/12391612404,
VP1011,viewpoint,Temple Mountain Viewpoint,38.6994048,-110.7342764,6360.0,LANDABLE,g,BLM land,BLM,0.0,,38.699405,-110.734276,6360.0,,,OSM,,node/9417131533,
VP1012,viewpoint,Ten Mile Point Overlook,38.6747613,-110.0864295,4357.0,LANDABLE,g,BLM land,BLM,0.0,,38.674761,-110.08643,4357.0,,,OSM,,node/9627645653,
VP1013,viewpoint,Tenmile Bottom Overlook,38.6565537,-110.0746396,4466.0,NO-LAND,a,Wilderness,BLM,0.1,226.0,38.655391,-110.076191,4619.0,,"FAA AC 91-36D: pilots asked to stay >= 2,000 ft AGL over NPS, wilderness and refuges",OSM,,node/3214401381,
VP1014,viewpoint,Tenmile Canyon Overlook,38.6904797,-110.0550769,4434.0,LANDABLE,g,BLM land,BLM,0.0,,38.69048,-110.055077,4434.0,,,OSM,,node/3430929629,
VP1015,viewpoint,Terrace View,36.0654257,-107.9660733,6235.0,NO-GO,,National Park Service,NPS,1.7,327.0,36.089093,-107.985218,6327.0,,"FAA AC 91-36D: pilots asked to stay >= 2,000 ft AGL over NPS, wilderness and refuges",OSM,,node/11044473021,
VP1016,viewpoint,The Abyss,36.0583021,-112.1689911,6792.0,NO-GO,,National Park Service,NPS,7.0,244.0,36.006514,-112.297951,6166.0,,"FAA AC 91-36D: pilots asked to stay >= 2,000 ft AGL over NPS, wilderness and refuges | Inside Grand Canyon NP: Grand Canyon SFRA rules apply (14 CFR 93 Subpart U)",OSM,,node/4886148346,
VP1017,viewpoint,The Amphitheater,33.7795506,-111.826174,2850.0,OTHER,,Private,PVT,6.99,328.0,33.878728,-111.899905,3969.0,,,OSM,,node/3386910805,
VP1018,viewpoint,The Aqueduct,39.7323193,-105.4150133,8262.0,OTHER,,Private,PVT,1.34,357.0,39.75464,-105.416527,7504.0,,,OSM,,node/9220412092,
VP1019,viewpoint,The Cascades,39.1183986,-106.7002439,9561.0,CALL FIRST,f,USFS - check forest orders,USFS,12.74,324.0,39.291277,-106.859249,7916.0,,,OSM,,node/3100524725,
VP1020,viewpoint,The Chains - Swimming Area,36.9462853,-111.4870656,3582.0,NO-GO,,National Park Service,NPS,2.04,270.0,36.946275,-111.529424,4050.0,,"FAA AC 91-36D: pilots asked to stay >= 2,000 ft AGL over NPS, wilderness and refuges | Within 15 nm of Grand Canyon NP: check the Grand Canyon SFRA on the Grand Canyon VFR chart",OSM,,node/11910977969,
VP1021,viewpoint,The Hogback,37.8396344,-111.4212881,6345.0,NO-LAND,d,BLM National Monument / NCA,BLM,1.08,6.0,37.857512,-111.419041,6241.0,,,OSM,,node/5519535082,
VP1022,viewpoint,The Hub,36.9359083,-110.0783383,5197.0,NO-LAND,c,Tribal land - tribal permission required,BIA,14.7,27.0,37.154951,-109.940393,3977.0,,,OSM,,node/4802792822,
VP1023,viewpoint,The Ice Caves,39.1174338,-106.7012961,9518.0,NO-LAND,a,Wilderness,USFS,12.76,325.0,39.291277,-106.859249,7916.0,,"FAA AC 91-36D: pilots asked to stay >= 2,000 ft AGL over NPS, wilderness and refuges",OSM,,node/3100524681,
VP1024,viewpoint,The Ledge,37.0576359,-113.40992,4093.0,LANDABLE,g,BLM land,BLM,0.0,,37.057636,-113.40992,4093.0,,,OSM,,node/13042130405,
VP1025,viewpoint,The Lookout,32.7966763,-111.7055796,1798.0,OTHER,,Private,PVT,0.28,180.0,32.792076,-111.705553,1553.0,,,OSM,,node/11387714690,
VP1026,viewpoint,The Lookout,33.6729445,-111.8123264,3846.0,OTHER,,Private,PVT,5.54,251.0,33.642088,-111.916666,1539.0,,,OSM,,node/903705765,
VP1027,viewpoint,The Narrows View,38.5774381,-107.699227,7719.0,NO-LAND,a,Wilderness,NPS,1.52,211.0,38.555745,-107.715971,8210.0,,"FAA AC 91-36D: pilots asked to stay >= 2,000 ft AGL over NPS, wilderness and refuges",OSM,1795307,node/358946062,
VP1028,viewpoint,The Needle Overlook,35.226422,-106.4538307,10411.0,NO-LAND,a,Wilderness,USFS,5.11,34.0,35.29711,-106.39545,6599.0,,"FAA AC 91-36D: pilots asked to stay >= 2,000 ft AGL over NPS, wilderness and refuges",OSM,,node/11569862753,
VP1029,viewpoint,The Net,32.7548391,-108.2876745,6063.0,LANDABLE,g,BLM land,BLM,0.0,,32.754839,-108.287674,6063.0,,,OSM,,node/8558087031,
VP1030,viewpoint,The Rider's Rest Overlook,35.4387246,-105.9541365,6193.0,OTHER,,Private,PVT,1.7,153.0,35.4133,-105.938534,6141.0,,,OSM,,node/9709665139,
VP1031,viewpoint,The Thumb Overlook,36.9524175,-110.0727133,5304.0,NO-LAND,c,Tribal land - tribal permission required,BIA,13.7,28.0,37.154951,-109.940393,3977.0,,,OSM,,node/1744762378,
VP1032,viewpoint,The Wall Overlook,35.2498937,-106.4504537,9650.0,NO-LAND,a,Wilderness,USFS,3.91,44.0,35.29711,-106.39545,6599.0,,"FAA AC 91-36D: pilots asked to stay >= 2,000 ft AGL over NPS, wilderness and refuges",OSM,,node/14001157886,
VP1033,viewpoint,The Washout,35.1984363,-106.4362895,10245.0,NO-LAND,a,Wilderness,USFS,6.22,47.0,35.26895,-106.343287,6268.0,,"FAA AC 91-36D: pilots asked to stay >= 2,000 ft AGL over NPS, wilderness and refuges",OSM,,node/12809670823,
VP1034,viewpoint,Thelma & Louise Point,38.4519418,-109.7346153,4510.0,CALL FIRST,e,State land - state land office permission,ST,0.01,270.0,38.451942,-109.734796,4466.0,,,OSM,,node/298862752,
VP1035,viewpoint,Thelma & Louise opening scene filming location,38.2665953,-109.2571725,6796.0,OTHER,,Private,PVT,0.0,180.0,38.266529,-109.257173,6796.0,,,OSM,,node/11097275094,
VP1036,viewpoint,Thimble Mountain Vista,32.3521205,-110.7248546,5242.0,CALL FIRST,f,USFS - check forest orders,USFS,7.25,186.0,32.231528,-110.738547,2704.0,,,OSM,,node/1717422415,
VP1037,viewpoint,Thomson Canyon Overlook,38.7246248,-109.1583883,5378.0,LANDABLE,g,BLM land,BLM,0.0,,38.724625,-109.158388,5378.0,,,OSM,,node/11956120080,
VP1038,viewpoint,Thousand Creek Gorge Viewpoint,41.8767793,-118.9780927,4991.0,NO-GO,,Fish & Wildlife Service refuge,FWS,0.44,153.0,41.870328,-118.973604,5191.0,,"FAA AC 91-36D: pilots asked to stay >= 2,000 ft AGL over NPS, wilderness and refuges",OSM,,node/138314915,
VP1039,viewpoint,Three Sisters,33.4033563,-111.3830113,4340.0,NO-LAND,a,Wilderness,USFS,1.84,164.0,33.373809,-111.373209,2079.0,,"FAA AC 91-36D: pilots asked to stay >= 2,000 ft AGL over NPS, wilderness and refuges",OSM,,node/8623168198,
VP1040,viewpoint,Three Sisters,39.6301239,-105.3492906,7744.0,OTHER,,Private,PVT,5.4,225.0,39.566048,-105.431078,9643.0,,,OSM,,node/956638520,
VP1041,viewpoint,Three Sisters Overlook,36.9604305,-110.087214,5187.0,NO-LAND,c,Tribal land - tribal permission required,BIA,13.62,31.0,37.154951,-109.940393,3977.0,,,OSM,,node/4802792721,
VP1042,viewpoint,Thunderdome,35.5656994,-106.829433,6057.0,LANDABLE,g,BLM land,BLM,0.0,,35.565699,-106.829433,6057.0,,,OSM,,node/6294458026,
VP1043,viewpoint,Tikaboo,37.3442641,-115.3588271,7889.0,LANDABLE,g,BLM land,BLM,0.0,,37.344264,-115.358827,7889.0,,,OSM,,node/2459040734,
VP1044,viewpoint,Tikaboo Peak,37.3442253,-115.3588898,7830.0,LANDABLE,g,BLM land,BLM,0.0,,37.344225,-115.35889,7830.0,,,OSM,,node/898091727,
VP1045,viewpoint,Tiponi Point,35.0722028,-109.7802865,5781.0,NO-GO,,National Park Service,NPS,4.19,240.0,35.036882,-109.853605,5374.0,,"FAA AC 91-36D: pilots asked to stay >= 2,000 ft AGL over NPS, wilderness and refuges",OSM,12501,node/359252595,
VP1046,viewpoint,Tomichi Point,38.5503085,-107.6864649,8239.0,NO-GO,,National Park Service,NPS,1.4,273.0,38.55142,-107.716235,8262.0,,"FAA AC 91-36D: pilots asked to stay >= 2,000 ft AGL over NPS, wilderness and refuges",OSM,1795268,node/2295419405,
VP1047,viewpoint,Top Of The World,38.720612,-109.266266,7049.0,LANDABLE,g,BLM land,BLM,0.0,,38.720612,-109.266266,7049.0,,,OSM,,node/83195369,
VP1048,viewpoint,Top Rock,37.052282,-112.9648211,6521.0,NO-LAND,a,Wilderness,BLM,0.02,48.0,37.052501,-112.964513,6409.0,,"FAA AC 91-36D: pilots asked to stay >= 2,000 ft AGL over NPS, wilderness and refuges",OSM,,node/8981749605,
VP1049,viewpoint,Top of the Hill Viewpoint,36.1534958,-115.4323232,4213.0,NO-LAND,d,BLM National Monument / NCA,BLM,3.07,155.0,36.107154,-115.40516,4767.0,,,OSM,,node/8303461164,
VP1050,viewpoint,Top of the World,37.0609102,-113.412576,4183.0,LANDABLE,g,BLM land,BLM,0.0,,37.06091,-113.412576,4183.0,,,OSM,,node/10208005907,
VP1051,viewpoint,Toroweap Photopoint,36.215189,-113.0557204,4409.0,NO-GO,,National Park Service,NPS,11.34,1.0,36.40437,-113.053654,5603.0,,"FAA AC 91-36D: pilots asked to stay >= 2,000 ft AGL over NPS, wilderness and refuges | Inside Grand Canyon NP: Grand Canyon SFRA rules apply (14 CFR 93 Subpart U)",OSM,,node/2413278081,
VP1052,viewpoint,Toroweap Point,36.214619,-113.0563135,4509.0,NO-GO,,National Park Service,NPS,11.37,1.0,36.40437,-113.053654,5603.0,,"FAA AC 91-36D: pilots asked to stay >= 2,000 ft AGL over NPS, wilderness and refuges | Inside Grand Canyon NP: Grand Canyon SFRA rules apply (14 CFR 93 Subpart U)",OSM,,node/1984282918,
VP1053,viewpoint,Tourist,39.9250114,-104.9489959,5223.0,CALL FIRST,e,State land - state land office permission,ST,16.21,271.0,39.931208,-105.300036,6164.0,,,OSM,,node/6644772044,
VP1054,viewpoint,Tower Overlook,37.2282803,-108.550828,7559.0,NO-GO,,National Park Service,NPS,2.39,356.0,37.268108,-108.554608,7171.0,,"FAA AC 91-36D: pilots asked to stay >= 2,000 ft AGL over NPS, wilderness and refuges",OSM,,node/1141276169,
VP1055,viewpoint,Tower Point,37.3842246,-109.0781451,5199.0,NO-GO,,National Park Service,NPS,0.15,180.0,37.381743,-109.078147,5246.0,,"FAA AC 91-36D: pilots asked to stay >= 2,000 ft AGL over NPS, wilderness and refuges",OSM,,node/1287060383,
VP1056,viewpoint,Town of CB Toward Poverty Gulch,38.8656187,-106.984626,8957.0,OTHER,,Private,PVT,1.31,242.0,38.855293,-107.009261,9844.0,,,OSM,,node/14017660364,
VP1057,viewpoint,Trail Pointvwqtr,38.062062,-111.4751915,10860.0,CALL FIRST,f,USFS - check forest orders,USFS,8.93,170.0,37.915362,-111.441916,6637.0,,,OSM,,node/10568979196,
VP1058,viewpoint,Trailview Overlook,36.0620757,-112.1464184,6960.0,NO-GO,,National Park Service,NPS,8.09,246.0,36.006514,-112.297951,6166.0,,"FAA AC 91-36D: pilots asked to stay >= 2,000 ft AGL over NPS, wilderness and refuges | Inside Grand Canyon NP: Grand Canyon SFRA rules apply (14 CFR 93 Subpart U)",OSM,,node/1915845224,
VP1059,viewpoint,Train Crossing,35.4882518,-106.2029938,5614.0,OTHER,,Private,PVT,2.93,84.0,35.492946,-106.143567,6437.0,,,OSM,,node/7021856801,
VP1060,viewpoint,Treasure Pass,37.4652562,-106.8059174,11731.0,CALL FIRST,f,USFS - check forest orders,USFS,11.94,222.0,37.315986,-106.971161,7257.0,,,OSM,,node/2980383118,
VP1061,viewpoint,Tri-State Viewpoint,35.0467668,-114.3647736,3494.0,OTHER,,Private,PVT,0.05,82.0,35.046877,-114.363819,3495.0,,,OSM,,node/11492791826,
VP1062,viewpoint,Trin-Alcove Bend Overlook,38.7104274,-110.1257651,4373.0,LANDABLE,g,BLM land,BLM,0.0,,38.710427,-110.125765,4373.0,,,OSM,,node/3214399852,
VP1063,viewpoint,Tsegi Overlook,36.1388774,-109.5120782,5899.0,NO-GO,,National Park Service,NPS,37.55,143.0,35.639601,-109.046365,6973.0,,"FAA AC 91-36D: pilots asked to stay >= 2,000 ft AGL over NPS, wilderness and refuges",OSM,,node/1399430278,
VP1064,viewpoint,Tsegi Overlook,36.6754223,-110.538063,7287.0,NO-LAND,c,Tribal land - tribal permission required,BIA,34.58,357.0,37.251712,-110.577,5724.0,,,OSM,,node/1449165587,
VP1065,viewpoint,Tunnel Overlook,36.1435169,-109.5163318,5744.0,NO-GO,,National Park Service,NPS,37.9,143.0,35.639601,-109.046365,6973.0,,"FAA AC 91-36D: pilots asked to stay >= 2,000 ft AGL over NPS, wilderness and refuges",OSM,,node/1399430326,
VP1066,viewpoint,Tunnel Vista,32.9462277,-105.8602395,6111.0,CALL FIRST,f,USFS - check forest orders,USFS,2.92,270.0,32.946126,-105.918052,5216.0,,,OSM,,node/1130480127,
VP1067,viewpoint,Turtle Hill Viewpoint,40.3380469,-111.9916724,5448.0,CALL FIRST,e,State land - state land office permission,ST,0.04,270.0,40.338051,-111.992603,5379.0,,,OSM,,node/13101648099,
VP1068,viewpoint,Turtle Rock,40.4232611,-109.2103967,4996.0,NO-GO,,National Park Service,NPS,0.08,359.0,40.424535,-109.210431,5092.0,,"FAA AC 91-36D: pilots asked to stay >= 2,000 ft AGL over NPS, wilderness and refuges",OSM,,node/5139531160,
VP1069,viewpoint,Tusher Tunnel South Outlook,38.7097028,-109.7832276,4872.0,LANDABLE,g,BLM land,BLM,0.0,,38.709703,-109.783228,4872.0,,,OSM,,node/3106220232,
VP1070,viewpoint,Twilight Peak,37.7006749,-107.7699923,10497.0,CALL FIRST,f,USFS - check forest orders,USFS,4.61,59.0,37.740623,-107.687207,10377.0,,,OSM,,node/9846894055,
VP1071,viewpoint,Twin Lakes Overlook,39.0349955,-106.3663375,12487.0,CALL FIRST,f,USFS - check forest orders,USFS,2.12,53.0,39.056365,-106.33022,10425.0,,,OSM,,node/11034740768,
VP1072,viewpoint,Tyrone Mine Reclamation Overlook,32.6261485,-108.34599525,6008.0,OTHER,,Private,PVT,2.85,300.0,32.649731,-108.394766,6230.0,,,OSM,,way/243732185,
VP1073,viewpoint,Tyuonyi Overlook,35.785351,-106.276358,6510.0,NO-GO,,National Park Service,NPS,6.36,76.0,35.811355,-106.150065,5678.0,,"FAA AC 91-36D: pilots asked to stay >= 2,000 ft AGL over NPS, wilderness and refuges",OSM,,node/292789770,
VP1074,viewpoint,U S Hill,36.2113115,-105.5929673,8558.0,CALL FIRST,f,USFS - check forest orders,USFS,7.24,303.0,36.277526,-105.717841,8190.0,,,OSM,911948,node/357599925,
VP1075,viewpoint,UFO Watchtower,37.7885599,-105.8871626,7550.0,OTHER,,Private,PVT,4.61,357.0,37.86536,-105.892164,7543.0,,,OSM,,node/7264926457,
VP1076,viewpoint,Upheaval Dome first overlook,38.4290058,-109.929208,5793.0,NO-GO,,National Park Service,NPS,3.02,358.0,38.479421,-109.931707,4712.0,,"FAA AC 91-36D: pilots asked to stay >= 2,000 ft AGL over NPS, wilderness and refuges",OSM,,node/298478521,
VP1077,viewpoint,Upheaval Dome second overlook,38.4297459,-109.9337495,5763.0,NO-GO,,National Park Service,NPS,2.98,2.0,38.479418,-109.931826,4712.0,,"FAA AC 91-36D: pilots asked to stay >= 2,000 ft AGL over NPS, wilderness and refuges",OSM,,node/759280943,
VP1078,viewpoint,Upper Cathedral Valley Overlook,38.4777379,-111.3582565,6853.0,NO-GO,,National Park Service,NPS,2.98,0.0,38.527496,-111.358161,6680.0,,"FAA AC 91-36D: pilots asked to stay >= 2,000 ft AGL over NPS, wilderness and refuges",OSM,,node/1834251936,
VP1079,viewpoint,Upper Delicate Arch Viewpoint,38.737716,-109.5018161,4465.0,NO-GO,,National Park Service,NPS,0.51,90.0,38.737732,-109.490968,4595.0,,"FAA AC 91-36D: pilots asked to stay >= 2,000 ft AGL over NPS, wilderness and refuges",OSM,,node/315715670,
VP1080,viewpoint,Upper Inspiration Point,37.613591,-112.1689724,8279.0,NO-GO,,National Park Service,NPS,1.94,100.0,37.608049,-112.128864,6959.0,,"FAA AC 91-36D: pilots asked to stay >= 2,000 ft AGL over NPS, wilderness and refuges",OSM,,node/895815931,
VP1081,viewpoint,"Upper La Cueva Canyon, La Luz Overlook",35.2093017,-106.4496168,10531.0,NO-LAND,a,Wilderness,USFS,5.9,27.0,35.29711,-106.39545,6599.0,,"FAA AC 91-36D: pilots asked to stay >= 2,000 ft AGL over NPS, wilderness and refuges",OSM,,node/11569936483,
VP1082,viewpoint,Upper Overlook,35.1921543,-114.5613349,715.0,NO-GO,,National Park Service,NPS,1.29,180.0,35.170618,-114.561294,574.0,,"FAA AC 91-36D: pilots asked to stay >= 2,000 ft AGL over NPS, wilderness and refuges",OSM,,node/3224155120,
VP1083,viewpoint,Upper Rucker Canyon Viewpoint,31.780829,-109.2712005,8021.0,NO-LAND,a,Wilderness,USFS,10.17,25.0,31.934479,-109.186257,5382.0,,"FAA AC 91-36D: pilots asked to stay >= 2,000 ft AGL over NPS, wilderness and refuges",OSM,,node/2376689386,
VP1084,viewpoint,Upper South Desert Overlook,38.4703309,-111.3533138,6834.0,NO-GO,,National Park Service,NPS,3.43,0.0,38.52749,-111.353204,6685.0,,"FAA AC 91-36D: pilots asked to stay >= 2,000 ft AGL over NPS, wilderness and refuges",OSM,,node/1834252899,
VP1085,viewpoint,Upper Ute Canyon Overlook,39.0422283,-108.7148604,6393.0,NO-GO,,National Park Service,NPS,0.52,180.0,39.033634,-108.714891,6530.0,,"FAA AC 91-36D: pilots asked to stay >= 2,000 ft AGL over NPS, wilderness and refuges",OSM,,node/1442788742,
VP1086,viewpoint,Utah Lake Overlook,39.9027747,-111.675931,8494.0,CALL FIRST,f,USFS - check forest orders,USFS,6.2,31.0,39.991733,-111.607214,8703.0,,,OSM,,node/5808209398,
VP1087,viewpoint,Ute Canyon View,39.0316352,-108.6983039,6438.0,NO-GO,,National Park Service,NPS,0.72,270.0,39.031637,-108.713603,6555.0,,"FAA AC 91-36D: pilots asked to stay >= 2,000 ft AGL over NPS, wilderness and refuges",OSM,,node/4295532891,
VP1088,viewpoint,Ute Rock,39.1780871,-106.8160437,9026.0,OTHER,,Private,PVT,6.99,339.0,39.287179,-106.869231,7718.0,,,OSM,,node/5008659058,
VP1089,viewpoint,Valles de Los Posos Overlook,35.924774,-106.392785,9505.0,CALL FIRST,f,USFS - check forest orders,USFS,9.1,53.0,36.015908,-106.243261,7238.0,,,OSM,,node/883829560,
VP1090,viewpoint,Valley View Overlook,39.277641,-106.3705718,10085.0,CALL FIRST,f,USFS - check forest orders,USFS,0.99,210.0,39.263424,-106.381337,10293.0,,,OSM,,node/11234216011,
VP1091,viewpoint,Valley of the Gods Road Overlook,37.2641637,-109.8115417,4670.0,LANDABLE,g,BLM land,BLM,0.0,,37.264164,-109.811542,4670.0,,,OSM,,node/10725062015,
VP1092,viewpoint,Vance Brand Airport Viewpoint,40.162557199999995,-105.15480642005576,5028.0,OTHER,,Private,PVT,6.05,317.0,40.236559,-105.244111,5641.0,,,OSM,,way/590891481,
VP1093,viewpoint,View Hotel Overlook,36.9884314,-110.1134647,5536.0,NO-LAND,c,Tribal land - tribal permission required,BIA,12.98,39.0,37.156155,-109.942555,3971.0,,,OSM,,node/6683221407,
VP1094,viewpoint,View on Morning Glory Bridge,38.5964943,-109.5110129,4262.0,NO-LAND,b,Wilderness Study Area,BLM,0.13,180.0,38.594268,-109.511028,4622.0,,,OSM,,node/889343865,
VP1095,viewpoint,View on the Patriarchs,37.2366751,-112.9602877,4259.0,NO-GO,,National Park Service,NPS,3.89,76.0,37.25239,-112.88158,6372.0,,"FAA AC 91-36D: pilots asked to stay >= 2,000 ft AGL over NPS, wilderness and refuges",OSM,,node/895840389,
VP1096,viewpoint,Viewpoint 1,38.1794944,-109.8118062,5039.0,NO-GO,,National Park Service,NPS,1.92,52.0,38.199155,-109.779833,4865.0,,"FAA AC 91-36D: pilots asked to stay >= 2,000 ft AGL over NPS, wilderness and refuges",OSM,,node/2316553328,
VP1097,viewpoint,Viewpoint 2,38.1854052,-109.8113064,4968.0,NO-GO,,National Park Service,NPS,1.64,40.0,38.206397,-109.789006,4808.0,,"FAA AC 91-36D: pilots asked to stay >= 2,000 ft AGL over NPS, wilderness and refuges",OSM,,node/2316553333,
VP1098,viewpoint,Viewpoint 3,38.1878328,-109.8136001,4953.0,NO-GO,,National Park Service,NPS,1.61,46.0,38.206397,-109.789006,4808.0,,"FAA AC 91-36D: pilots asked to stay >= 2,000 ft AGL over NPS, wilderness and refuges",OSM,,node/2316553336,
VP1099,viewpoint,Viewpoint Colorado River,36.8908618,-111.5188318,4044.0,NO-GO,,National Park Service,NPS,1.7,343.0,36.917859,-111.529415,3998.0,,"FAA AC 91-36D: pilots asked to stay >= 2,000 ft AGL over NPS, wilderness and refuges | Within 15 nm of Grand Canyon NP: check the Grand Canyon SFRA on the Grand Canyon VFR chart",OSM,,node/1744568182,
VP1100,viewpoint,Viewpoint Escarpment,36.8918166,-111.5141989,3914.0,NO-GO,,National Park Service,NPS,1.72,335.0,36.917859,-111.529415,3998.0,,"FAA AC 91-36D: pilots asked to stay >= 2,000 ft AGL over NPS, wilderness and refuges | Within 15 nm of Grand Canyon NP: check the Grand Canyon SFRA on the Grand Canyon VFR chart",OSM,,node/1744568186,
VP1101,viewpoint,Village Vista,35.4423949,-106.1235467,5771.0,CALL FIRST,e,State land - state land office permission,ST,1.01,50.0,35.453142,-106.107687,6043.0,,,OSM,,node/6133709264,
VP1102,viewpoint,Virgin Overlook,37.2396092,-113.1893546,4856.0,LANDABLE,g,BLM land,BLM,0.0,,37.239609,-113.189355,4856.0,,,OSM,,node/13281928573,
VP1103,viewpoint,Virgin River Overlook,37.1701962,-112.8144682,4825.0,NO-LAND,b,Wilderness Study Area,BLM,1.48,10.0,37.194418,-112.808982,5560.0,,,OSM,,node/10577061163,
VP1104,viewpoint,Visitor Center Viewpoint,36.0162315,-114.7391443,1161.0,NO-GO,,National Park Service,NPS,6.7,270.0,36.016167,-114.876875,2808.0,,"FAA AC 91-36D: pilots asked to stay >= 2,000 ft AGL over NPS, wilderness and refuges",OSM,,node/3357671496,
VP1105,viewpoint,Vista Encantada,36.2301946,-111.9738232,8518.0,NO-GO,,National Park Service,NPS,20.68,230.0,36.006514,-112.297951,6166.0,,"FAA AC 91-36D: pilots asked to stay >= 2,000 ft AGL over NPS, wilderness and refuges | Inside Grand Canyon NP: Grand Canyon SFRA rules apply (14 CFR 93 Subpart U)",OSM,24675,node/150945001,
VP1106,viewpoint,Vista Grande Overlook,35.7869145,-105.808787,10270.0,CALL FIRST,f,USFS - check forest orders,USFS,7.14,325.0,35.884442,-105.892792,7397.0,,,OSM,,node/6471252598,
VP1107,viewpoint,Vista Mound,40.7921285,-111.8890809,5069.0,OTHER,,Private,PVT,5.67,132.0,40.729412,-111.795953,5691.0,,,OSM,,node/12209558923,
VP1108,viewpoint,Vulture View Scenic Point,33.6832753,-111.8043888,3674.0,OTHER,,Private,PVT,6.14,246.0,33.642088,-111.916666,1539.0,,,OSM,,node/12773223885,
VP1109,viewpoint,Wagon Massacre Site,32.1522461,-109.4763632,5012.0,NO-GO,,National Park Service,NPS,0.12,180.0,32.150242,-109.476362,5167.0,,"FAA AC 91-36D: pilots asked to stay >= 2,000 ft AGL over NPS, wilderness and refuges",OSM,,node/10738220017,
VP1110,viewpoint,Wahweap Overlook,36.9689708,-111.4989584,4246.0,NO-GO,,National Park Service,NPS,1.97,228.0,36.946868,-111.529424,4054.0,,"FAA AC 91-36D: pilots asked to stay >= 2,000 ft AGL over NPS, wilderness and refuges | Within 15 nm of Grand Canyon NP: check the Grand Canyon SFRA on the Grand Canyon VFR chart",OSM,,node/1828931502,
VP1111,viewpoint,Walhalla Overlook,36.1315893,-111.9418058,7926.0,NO-GO,,National Park Service,NPS,18.87,247.0,36.006514,-112.297951,6166.0,,"FAA AC 91-36D: pilots asked to stay >= 2,000 ft AGL over NPS, wilderness and refuges | Inside Grand Canyon NP: Grand Canyon SFRA rules apply (14 CFR 93 Subpart U)",OSM,,node/1183479252,
VP1112,viewpoint,Walk through Time,39.9372969,-105.0822623,5414.0,OTHER,,Private,PVT,10.05,271.0,39.938886,-105.29993,6537.0,,,OSM,,node/584007022,
VP1113,viewpoint,Walnut Canyon,32.1831213,-104.433941,4266.0,NO-GO,,National Park Service,NPS,0.87,327.0,32.19529,-104.4432,4511.0,,"FAA AC 91-36D: pilots asked to stay >= 2,000 ft AGL over NPS, wilderness and refuges",OSM,,node/2375652776,
VP1114,viewpoint,Ward Canyon Overlook,31.8541595,-109.29148,9074.0,NO-LAND,a,Wilderness,USFS,7.0,36.0,31.949308,-109.211732,5391.0,,"FAA AC 91-36D: pilots asked to stay >= 2,000 ft AGL over NPS, wilderness and refuges",OSM,,node/3798896480,
VP1115,viewpoint,Warner Point,38.5669093,-107.7507754,8253.0,NO-LAND,a,Wilderness,NPS,0.66,181.0,38.555967,-107.750964,7194.0,,"FAA AC 91-36D: pilots asked to stay >= 2,000 ft AGL over NPS, wilderness and refuges",OSM,1795277,node/358946008,
VP1116,viewpoint,Warner Valley Overlook,37.0284915,-113.336714,3683.0,LANDABLE,g,BLM land,BLM,0.0,,37.028492,-113.336714,3683.0,,,OSM,,node/1828311482,
VP1117,viewpoint,Wash Dam Staging Area,37.1116616,-113.4399688,2710.0,LANDABLE,g,BLM land,BLM,0.0,,37.111662,-113.439969,2710.0,,,OSM,,node/13042263068,
VP1118,viewpoint,Watchman Overlook,37.2000987,-112.9785892,4263.0,NO-GO,,National Park Service,NPS,2.72,210.0,37.160675,-113.006684,3866.0,,"FAA AC 91-36D: pilots asked to stay >= 2,000 ft AGL over NPS, wilderness and refuges",OSM,,node/11094025400,
VP1119,viewpoint,Water Canyon Overlook,40.8974205,-117.6195502,8223.0,LANDABLE,g,BLM land,BLM,0.0,,40.89742,-117.61955,8223.0,,,OSM,,node/10019020151,
VP1120,viewpoint,Waterfall,40.7378651,-105.8997823,9069.0,NO-LAND,a,Wilderness,USFS,8.81,270.0,40.737983,-106.092983,8129.0,,"FAA AC 91-36D: pilots asked to stay >= 2,000 ft AGL over NPS, wilderness and refuges",OSM,,node/4318669623,
VP1121,viewpoint,Waterfall Overlook,37.8014138,-107.6093119,11440.0,OTHER,,Private,PVT,0.0,134.0,37.801379,-107.609266,11441.0,,,OSM,,node/10245378255,
VP1122,viewpoint,Waterfall Overlook,39.3558547,-106.2178759,10806.0,LANDABLE,g,BLM land,BLM,0.0,,39.355855,-106.217876,10806.0,,,OSM,,node/10022943680,
VP1123,viewpoint,Waterfall Viewpoint,37.9555092,-107.7242065,10766.0,OTHER,,Private,PVT,3.55,149.0,37.904497,-107.686238,12026.0,,,OSM,,node/11090558790,
VP1124,viewpoint,Waunita Pass,38.5779547,-106.5098974,10290.0,CALL FIRST,f,USFS - check forest orders,USFS,5.06,223.0,38.516015,-106.583063,9587.0,,,OSM,,node/177090539,
VP1125,viewpoint,Weaver's Needle Lookout,33.2764367,-111.1596452,2479.0,OTHER,,Private,PVT,3.22,219.0,33.234902,-111.200353,3182.0,,,OSM,,node/9109441796,
VP1126,viewpoint,Wedge Overlook,39.0930405,-110.7588677,6241.0,LANDABLE,g,BLM land,BLM,0.0,,39.09304,-110.758868,6241.0,,,OSM,,node/2325001477,
VP1127,viewpoint,Wells Crossing,39.6550498,-104.7294738,5742.0,OTHER,,Private,PVT,27.5,281.0,39.73999,-105.313114,6518.0,,,OSM,,node/6285090068,
VP1128,viewpoint,West Arths Rim Overlook,38.6531052,-109.708989,5044.0,LANDABLE,g,BLM land,BLM,0.0,,38.653105,-109.708989,5044.0,,,OSM,,node/9194628934,
VP1129,viewpoint,West Maroon Trailhead,39.0245699,-107.0508609,10408.0,CALL FIRST,f,USFS - check forest orders,USFS,6.26,175.0,38.920633,-107.03851,9030.0,,,OSM,,node/7816490185,
VP1130,viewpoint,West Overlook,39.6725385,-105.0789016,5519.0,OTHER,,Private,PVT,11.57,291.0,39.73999,-105.313114,6518.0,,,OSM,,node/10900830735,
VP1131,viewpoint,West Rim,37.0944714,-113.4365703,3454.0,LANDABLE,g,BLM land,BLM,0.0,,37.094471,-113.43657,3454.0,,,OSM,,node/13042169435,
VP1132,viewpoint,Wheeler Peak NV,39.0124719,-114.3014133,9911.0,NO-GO,,National Park Service,NPS,1.91,298.0,39.027491,-114.33748,9880.0,,"FAA AC 91-36D: pilots asked to stay >= 2,000 ft AGL over NPS, wilderness and refuges",OSM,,node/8023063685,
VP1133,viewpoint,Wheeler Peak Overlook,39.0266343,-114.2864706,9942.0,NO-GO,,National Park Service,NPS,1.66,71.0,39.035758,-114.252946,7695.0,,"FAA AC 91-36D: pilots asked to stay >= 2,000 ft AGL over NPS, wilderness and refuges",OSM,,node/4911814554,
VP1134,viewpoint,Where Eagles Dare Summit,38.5858121,-109.6104552,4907.0,LANDABLE,g,BLM land,BLM,0.0,,38.585812,-109.610455,4907.0,,,OSM,,node/8615313509,
VP1135,viewpoint,Whipple Point View,35.0665832,-109.7972025,5744.0,NO-GO,,National Park Service,NPS,3.3,237.0,35.036882,-109.853605,5374.0,,"FAA AC 91-36D: pilots asked to stay >= 2,000 ft AGL over NPS, wilderness and refuges",OSM,,node/1792620379,
VP1136,viewpoint,White House Overlook,36.1305529,-109.4766516,6157.0,NO-GO,,National Park Service,NPS,36.13,144.0,35.639601,-109.046365,6973.0,,"FAA AC 91-36D: pilots asked to stay >= 2,000 ft AGL over NPS, wilderness and refuges",OSM,,node/1399430214,
VP1137,viewpoint,White Rim Overlook,38.3199945,-109.8352357,5944.0,NO-GO,,National Park Service,NPS,3.02,121.0,38.293747,-109.780559,3920.0,,"FAA AC 91-36D: pilots asked to stay >= 2,000 ft AGL over NPS, wilderness and refuges",OSM,,node/2298300435,
VP1138,viewpoint,White Rock Canyon Overlook,35.8267041,-106.1794293,6200.0,OTHER,,Private,PVT,1.33,46.0,35.842139,-106.15993,5480.0,,,OSM,,node/1306269410,
VP1139,viewpoint,White Rock Canyon Viewpoint,35.8113888,-106.1991416,6211.0,OTHER,,Private,PVT,2.39,90.0,35.811684,-106.150068,5680.0,,,OSM,,node/1306419824,
VP1140,viewpoint,White Sands,32.8147056,-106.270414,3972.0,NO-GO,,National Park Service,NPS,6.82,97.0,32.80029,-106.136691,4040.0,,"FAA AC 91-36D: pilots asked to stay >= 2,000 ft AGL over NPS, wilderness and refuges",OSM,,node/7504214571,
VP1141,viewpoint,White Sands,32.8332912,-106.3041445,3935.0,NO-GO,,National Park Service,NPS,8.69,103.0,32.80029,-106.136691,4040.0,,"FAA AC 91-36D: pilots asked to stay >= 2,000 ft AGL over NPS, wilderness and refuges",OSM,,node/670199843,
VP1142,viewpoint,Whitney Pocket Overlook,36.5204542,-114.153511,2958.0,NO-LAND,d,BLM National Monument / NCA,BLM,5.67,350.0,36.613646,-114.173537,3628.0,,,OSM,,node/9610142781,
VP1143,viewpoint,Wildlife Overlook,39.2241811,-104.949835,6580.0,OTHER,,Private,PVT,15.85,218.0,39.014621,-105.156717,8917.0,,,OSM,,node/8001574682,
VP1144,viewpoint,Wildlife Viewing,39.6269577,-104.833256,5577.0,OTHER,,Unclassified (private / other),OTHFE,23.24,287.0,39.73999,-105.313114,6518.0,,,OSM,,node/2281535062,
VP1145,viewpoint,Wildlife Viewing,39.8056406,-104.8593726,5250.0,NO-GO,,Fish & Wildlife Service refuge,FWS,21.32,260.0,39.743564,-105.313077,6827.0,,"FAA AC 91-36D: pilots asked to stay >= 2,000 ft AGL over NPS, wilderness and refuges",OSM,,node/2631886349,
VP1146,viewpoint,Wildlife Viewing,39.9352769,-105.1181437,5331.0,OTHER,,Private,PVT,8.39,271.0,39.936607,-105.299958,6539.0,,,OSM,,node/3411065673,
VP1147,viewpoint,Wildlife Viewing Area,32.6051917,-110.730597,4352.0,OTHER,,Undetermined,UND,5.75,360.0,32.70118,-110.730848,3620.0,,,OSM,,node/8530528325,
VP1148,viewpoint,Wildlife Viewing Area,35.1034128,-114.6486998,503.0,CALL FIRST,e,State land - state land office permission,ST,0.34,355.0,35.109127,-114.649343,512.0,,,OSM,,node/12597837778,
VP1149,viewpoint,Willow Deck,33.8127697,-106.8618949,4514.0,NO-GO,,Fish & Wildlife Service refuge,FWS,3.54,346.0,33.870162,-106.879016,4554.0,,"FAA AC 91-36D: pilots asked to stay >= 2,000 ft AGL over NPS, wilderness and refuges",OSM,,node/3259254691,
VP1150,viewpoint,Windy Pass,37.3910111,-107.0764371,9097.0,CALL FIRST,f,USFS - check forest orders,USFS,5.38,174.0,37.301774,-107.064949,7843.0,,,OSM,,node/2950135080,
VP1151,viewpoint,Windy Point,32.3675611,-110.7160709,6571.0,CALL FIRST,f,USFS - check forest orders,USFS,8.23,188.0,32.231528,-110.738547,2704.0,,,OSM,,node/2336696359,
VP1152,viewpoint,Windy Point,33.3957703,-105.7642002,9999.0,CALL FIRST,f,USFS - check forest orders,USFS,8.93,249.0,33.342924,-105.930368,5608.0,,,OSM,913332,node/785272382,
VP1153,viewpoint,Windy Point Observation Site,37.98631,-107.2423017,10914.0,CALL FIRST,f,USFS - check forest orders,USFS,0.14,270.0,37.986298,-107.245243,10514.0,,,OSM,,node/7674136650,
VP1154,viewpoint,Windy Point Overlook,39.6215435,-107.304995,10156.0,CALL FIRST,f,USFS - check forest orders,USFS,1.73,199.0,39.594211,-107.317214,9337.0,,,OSM,,node/177075273,
VP1155,viewpoint,Winter Railyard Snowboarding,39.685468,-105.0048266,5340.0,OTHER,,Private,PVT,14.64,283.0,39.73999,-105.313114,6518.0,,,OSM,,node/656402612,
VP1156,viewpoint,Wolf Creek Pass,37.4829795,-106.802806,10846.0,CALL FIRST,f,USFS - check forest orders,USFS,12.84,219.0,37.315986,-106.971161,7257.0,,,OSM,,node/2980389537,
VP1157,viewpoint,Woodland Hills Overlook,40.0001057,-111.6537695,6057.0,OTHER,,Private,PVT,2.17,98.0,39.995325,-111.607215,8557.0,,,OSM,,node/13140047782,
VP1158,viewpoint,Woods Canyon Vista,34.3160917,-110.9452334,7610.0,CALL FIRST,f,USFS - check forest orders,USFS,24.9,32.0,34.669289,-110.680543,6033.0,,,OSM,,node/9437940447,
VP1159,viewpoint,Woods Canyon Vista Point,34.3143791,-110.944698,7588.0,CALL FIRST,f,USFS - check forest orders,USFS,24.97,32.0,34.669289,-110.680543,6033.0,,,OSM,,node/3141955283,
VP1160,viewpoint,Yaki Point,36.0585942,-112.0837788,7249.0,NO-GO,,National Park Service,NPS,10.88,253.0,36.006514,-112.297951,6166.0,,"FAA AC 91-36D: pilots asked to stay >= 2,000 ft AGL over NPS, wilderness and refuges | Inside Grand Canyon NP: Grand Canyon SFRA rules apply (14 CFR 93 Subpart U)",OSM,14032,node/359253704,
VP1161,viewpoint,Yavapai Point,36.0659572,-112.116805,6956.0,NO-GO,,National Park Service,NPS,9.51,248.0,36.006514,-112.297951,6166.0,,"FAA AC 91-36D: pilots asked to stay >= 2,000 ft AGL over NPS, wilderness and refuges | Inside Grand Canyon NP: Grand Canyon SFRA rules apply (14 CFR 93 Subpart U)",OSM,,node/4820593829,
VP1162,viewpoint,Yavapai Vista,34.8051389,-111.7711881,4465.0,CALL FIRST,f,USFS - check forest orders,USFS,24.04,264.0,34.759235,-112.25436,5499.0,,,OSM,,node/11406281078,
VP1163,viewpoint,Yellow Rock Valley Viewpoint,37.2546767,-111.9214402,5106.0,NO-LAND,b,Wilderness Study Area,BLM,0.13,180.0,37.252499,-111.921442,5073.0,,,OSM,,node/5626730729,
VP1164,viewpoint,Yovimpa Point,37.4724376,-112.2402156,8997.0,NO-GO,,National Park Service,NPS,1.65,146.0,37.449772,-112.22075,7477.0,,"FAA AC 91-36D: pilots asked to stay >= 2,000 ft AGL over NPS, wilderness and refuges",OSM,1447579,node/356680487,
VP1165,viewpoint,Yucca Cave Overlook,36.2367037,-109.359665,6732.0,NO-GO,,National Park Service,NPS,38.89,157.0,35.639601,-109.046365,6973.0,,"FAA AC 91-36D: pilots asked to stay >= 2,000 ft AGL over NPS, wilderness and refuges",OSM,,node/11044742616,
VP1166,viewpoint,Yucca Overlook/Dinosaur Rock,35.0838927,-113.9068274,8101.0,OTHER,,Undetermined,UND,0.08,156.0,35.082703,-113.906194,8247.0,,,OSM,,node/5368357926,
VP1167,viewpoint,Zen Stein,37.0562511,-113.3953912,4086.0,LANDABLE,g,BLM land,BLM,0.0,,37.056251,-113.395391,4086.0,,,OSM,,node/13042130232,
VP1168,viewpoint,Zion Overlook,37.5705202,-112.8585079,9763.0,CALL FIRST,f,USFS - check forest orders,USFS,5.35,198.0,37.485358,-112.892407,7842.0,,,OSM,,node/492092534,
VP1169,viewpoint,amazing view,32.5219089,-105.1369095,6329.0,CALL FIRST,f,USFS - check forest orders,USFS,0.27,254.0,32.520719,-105.141947,5464.0,,,OSM,,node/7150309286,
VP1170,viewpoint,bridge and rapids,39.0947555,-106.9506752,9626.0,NO-LAND,a,Wilderness,USFS,6.75,345.0,39.203243,-106.989141,8325.0,,"FAA AC 91-36D: pilots asked to stay >= 2,000 ft AGL over NPS, wilderness and refuges",OSM,,node/5013212207,
VP1171,viewpoint,lava caves (no entry),34.9598905,-108.0056367,7300.0,NO-GO,,National Park Service,NPS,0.19,244.0,34.958491,-108.00905,7370.0,,"FAA AC 91-36D: pilots asked to stay >= 2,000 ft AGL over NPS, wilderness and refuges",OSM,,node/4845705664,
VP1172,viewpoint,plateau rock,37.0098341,-112.0082232,5069.0,NO-LAND,a,Wilderness,BLM,0.91,281.0,37.0127,-112.026923,4906.0,,"FAA AC 91-36D: pilots asked to stay >= 2,000 ft AGL over NPS, wilderness and refuges",OSM,,node/4429789389,
VP1173,viewpoint,power,41.1037249,-112.1046008,4237.0,OTHER,,Private,PVT,18.01,301.0,41.256167,-112.447217,5859.0,,,OSM,,node/4200518489,
VP1174,viewpoint,river shortcut,35.4601335,-106.1320296,5993.0,CALL FIRST,e,State land - state land office permission,ST,0.22,359.0,35.463888,-106.132093,6093.0,,,OSM,,node/5489916733,
VP1175,viewpoint,sacramento camp lookout,32.7828431,-105.5610808,7852.0,OTHER,,Private,PVT,7.21,79.0,32.805951,-105.42115,6645.0,,,OSM,,node/6711630970,
VC0001,volcanic,Antelope Knoll,36.688595,-113.2082775,5932.0,LANDABLE,g,BLM land,BLM,0.0,,36.688595,-113.208278,5932.0,,,OSM,675,node/359241971,
VC0002,volcanic,Arlington Volcano,33.3492927,-112.7482601,1137.0,OTHER,,Private,PVT,1.79,247.0,33.337617,-112.781125,836.0,,,OSM,,way/523942016,
VC0003,volcanic,Aurora Crater,38.3204759,-118.8829183,7494.0,CALL FIRST,f,USFS - check forest orders,USFS,2.39,349.0,38.359661,-118.8924,6114.0,,,GNIS,858761,,
VC0004,volcanic,Bald Mountain,35.320009,-112.0229409,7982.0,CALL FIRST,f,USFS - check forest orders,USFS,22.45,257.0,35.237243,-112.468721,5274.0,,,OSM,25918,node/359261744,
VC0005,volcanic,Bandera Crater,34.9998352,-108.08362505922875,7689.0,OTHER,,Private,PVT,2.92,212.0,34.958696,-108.11535,7668.0,,,GNIS+OSM,903536,way/749966670,
VC0006,volcanic,Black Bottom Crater,35.3983401,-111.3951523,6077.0,CALL FIRST,f,USFS - check forest orders,USFS,6.04,122.0,35.345242,-111.290426,5726.0,,,GNIS,26369,,
VC0007,volcanic,Black Cone,36.1484766,-114.9373661,2827.0,LANDABLE,g,BLM land,BLM,0.0,,36.148477,-114.937366,2827.0,,,OSM,,node/305856965,
VC0008,volcanic,Black Rock Valley,37.6327565,-112.6207694,7878.0,CALL FIRST,f,USFS - check forest orders,USFS,5.73,55.0,37.688178,-112.522755,7599.0,,,GNIS,1438876,,
VC0009,volcanic,Black Rock Volcano,38.8061491,-112.4849524,5261.0,OTHER,,Private,PVT,2.26,336.0,38.840622,-112.504643,4762.0,,,GNIS,1438877,,
VC0010,volcanic,Black Volcano,35.1326547,-106.7722479,5978.0,NO-GO,,National Park Service,NPS,8.68,265.0,35.120333,-106.947916,5359.0,,"FAA AC 91-36D: pilots asked to stay >= 2,000 ft AGL over NPS, wilderness and refuges",GNIS,2791380,,
VC0011,volcanic,Bond Volcano,35.1583712,-106.7725187,5864.0,NO-GO,,National Park Service,NPS,8.93,255.0,35.120333,-106.947916,5359.0,,"FAA AC 91-36D: pilots asked to stay >= 2,000 ft AGL over NPS, wilderness and refuges",GNIS,932917,,
VC0012,volcanic,Bonito Lava Flow,35.3713972,-111.5229349,6972.0,NO-GO,,National Park Service,NPS,11.52,98.0,35.345242,-111.290426,5726.0,,"FAA AC 91-36D: pilots asked to stay >= 2,000 ft AGL over NPS, wilderness and refuges",GNIS,26599,,
VC0013,volcanic,Buck Mountain,35.4888914,-112.026551,7374.0,CALL FIRST,f,USFS - check forest orders,USFS,26.42,235.0,35.237243,-112.468721,5274.0,,,OSM,26867,node/359262932,
VC0014,volcanic,Buster Jangle Crater,37.1696748,-116.0430925,4288.0,OTHER,,Department of Energy,DOE,20.3,69.0,37.288929,-115.646617,5324.0,,,GNIS,839223,,
VC0015,volcanic,Butte Volcano,35.165487,-106.7720335,5868.0,NO-GO,,National Park Service,NPS,9.07,253.0,35.120333,-106.947916,5359.0,,"FAA AC 91-36D: pilots asked to stay >= 2,000 ft AGL over NPS, wilderness and refuges",GNIS,2791379,,
VC0016,volcanic,Cabin Flat Hill,35.4372289,-111.7751598,8166.0,CALL FIRST,f,USFS - check forest orders,USFS,24.41,103.0,35.345242,-111.290426,5726.0,,,OSM,41904,node/359284650,
VC0017,volcanic,Campbell Crater,35.2672315,-111.3148731,6262.0,OTHER,,Private,PVT,3.99,18.0,35.330725,-111.290431,5855.0,,,GNIS,27222,,
VC0018,volcanic,Capulin Mountain,36.7839136,-103.9680256,8142.0,NO-GO,,National Park Service,NPS,5.01,355.0,36.867318,-103.976404,6565.0,,"FAA AC 91-36D: pilots asked to stay >= 2,000 ft AGL over NPS, wilderness and refuges",OSM,887188,node/357571589,
VC0019,volcanic,Cerrito Arizona,34.9625405,-108.1550636,7699.0,NO-LAND,d,BLM National Monument / NCA,BLM,1.0,312.0,34.973743,-108.170163,7710.0,,,OSM,904910,node/357592901,
VC0020,volcanic,Cerrito Comadre,34.952263,-108.1595081,7735.0,NO-LAND,d,BLM National Monument / NCA,BLM,1.3,270.0,34.952244,-108.185965,7579.0,,,OSM,904916,node/357592917,
VC0021,volcanic,Cerro Alto,34.7930994,-108.284788,8497.0,NO-LAND,c,Tribal land - tribal permission required,BIA,4.94,230.0,34.740585,-108.361722,7368.0,,,OSM,898641,node/357583794,
VC0022,volcanic,Cerro Americano,34.9322634,-108.1733973,8055.0,NO-LAND,d,BLM National Monument / NCA,BLM,0.62,270.0,34.932293,-108.18599,7603.0,,,OSM,933067,node/357612890,
VC0023,volcanic,Cerro Bandera,34.9930676,-108.0974632,8159.0,OTHER,,Private,PVT,2.24,203.0,34.958696,-108.11535,7668.0,,,OSM,904949,node/357593017,
VC0024,volcanic,Cerro Brillante,34.7625455,-108.1864522,8014.0,NO-LAND,d,BLM National Monument / NCA,BLM,5.25,138.0,34.697114,-108.115899,7198.0,,,OSM,897878,node/357582955,
VC0025,volcanic,Cerro Candelaria,34.9828186,-108.05395,7865.0,OTHER,,Private,PVT,1.98,137.0,34.958576,-108.026666,7388.0,,,OSM,1867991,node/357620088,
VC0026,volcanic,Cerro Chato,34.818377,-108.224509,8219.0,NO-LAND,b,Wilderness Study Area,BLM,5.88,353.0,34.915827,-108.238802,7529.0,,,OSM,897882,node/357582968,
VC0027,volcanic,Cerro Flora,34.8111546,-108.2667321,7949.0,NO-LAND,c,Tribal land - tribal permission required,BIA,6.32,228.0,34.740585,-108.361722,7368.0,,,OSM,933069,node/357612897,
VC0028,volcanic,Cerro Hueco,34.3161517,-109.5548218,6512.0,CALL FIRST,e,State land - state land office permission,ST,0.16,92.0,34.31608,-109.551571,6644.0,,,GNIS,2720,,
VC0029,volcanic,Cerro Hueco,34.8864313,-108.1697858,7929.0,NO-LAND,d,BLM National Monument / NCA,BLM,2.73,343.0,34.930037,-108.185998,7598.0,,,OSM,904973,node/357593102,
VC0030,volcanic,Cerro Leonides,34.9203191,-108.1922866,7924.0,NO-LAND,d,BLM National Monument / NCA,PVT,0.59,1.0,34.93013,-108.192063,7566.0,,,OSM,904976,node/357593110,
VC0031,volcanic,Cerro Lobo,34.8469873,-108.2278425,8298.0,NO-LAND,b,Wilderness Study Area,BLM,4.16,353.0,34.915827,-108.238802,7529.0,,,OSM,897893,node/357583008,
VC0032,volcanic,Cerro Negro,34.7989329,-108.2478427,8063.0,NO-LAND,b,Wilderness Study Area,BLM,6.48,228.0,34.726129,-108.344711,7341.0,,,OSM,897899,node/357583028,
VC0033,volcanic,Cerro Negro,34.8953196,-108.2145092,8159.0,NO-LAND,d,BLM National Monument / NCA,BLM,1.72,316.0,34.915833,-108.238791,7529.0,,,OSM,904980,node/357593123,
VC0034,volcanic,Cerro Orqueta,34.8083771,-108.2492317,7992.0,NO-LAND,c,Tribal land - tribal permission required,BIA,6.44,1.0,34.915894,-108.248082,7547.0,,,OSM,897900,node/357583032,
VC0035,volcanic,Cerro Piedrita,34.8539317,-108.2297871,8146.0,NO-LAND,b,Wilderness Study Area,BLM,3.73,353.0,34.915827,-108.238802,7529.0,,,OSM,897904,node/357583047,
VC0036,volcanic,Cerro Pomo,34.3597693,-108.7370164,7215.0,NO-LAND,b,Wilderness Study Area,BLM,2.23,158.0,34.325123,-108.720496,7339.0,,,OSM,904996,node/357593174,
VC0037,volcanic,Cerro Pomo,34.6928237,-108.3067323,7819.0,OTHER,,Private,PVT,2.2,301.0,34.711675,-108.344798,7394.0,,,OSM,897905,node/357583050,
VC0038,volcanic,Cerro Rendija,34.9505966,-108.1303407,8122.0,NO-LAND,b,Wilderness Study Area,BLM,0.31,77.0,34.95181,-108.124128,7846.0,,,OSM,904999,node/357593188,
VC0039,volcanic,Chimney Hill,34.6994887,-108.4322904,7717.0,OTHER,,Private,PVT,3.06,59.0,34.726133,-108.379476,7308.0,,,OSM,887528,node/357571950,
VC0040,volcanic,Cinder Cone Volcano,37.2429133,-113.6286426,4742.0,CALL FIRST,e,State land - state land office permission,ST,0.45,120.0,37.239189,-113.620528,4541.0,,,OSM,,node/3793732246,
VC0041,volcanic,Cinder Crater,38.5649699,-112.6399433,7039.0,LANDABLE,g,BLM land,BLM,0.0,,38.56497,-112.639943,7039.0,,,GNIS,1426634,,
VC0042,volcanic,Colton Crater,35.5450043,-111.6368217,6251.0,CALL FIRST,e,State land - state land office permission,ST,15.01,52.0,35.699026,-111.394815,4987.0,,,GNIS,27829,,
VC0043,volcanic,Darton Dome,35.3941744,-111.5196011,8406.0,CALL FIRST,f,USFS - check forest orders,USFS,11.62,105.0,35.345242,-111.290426,5726.0,,,OSM,28283,node/359264656,
VC0044,volcanic,Dotsero Crater,39.6609793,-107.0352236,6794.0,LANDABLE,g,BLM land,BLM,0.0,,39.660979,-107.035224,6794.0,,,GNIS+OSM,174005,node/358908693,
VC0045,volcanic,Double Crater,35.3427864,-111.4476552,7953.0,CALL FIRST,f,USFS - check forest orders,USFS,7.72,90.0,35.342748,-111.290426,5985.0,,,GNIS,28558,,
VC0046,volcanic,Dry Lake Hills,35.2661209,-111.6371064,8319.0,OTHER,,Private,PVT,17.46,77.0,35.330725,-111.290431,5855.0,,,OSM,28632,node/359265156,
VC0047,volcanic,Easy Chair Crater,38.4418769,-116.0350466,5788.0,LANDABLE,g,BLM land,BLM,0.0,,38.441877,-116.035047,5788.0,,,GNIS,840292,,
VC0048,volcanic,El Calderon,34.9586528,-108.0178379,7374.0,NO-GO,,National Park Service,NPS,0.01,180.0,34.958537,-108.017839,7390.0,,"FAA AC 91-36D: pilots asked to stay >= 2,000 ft AGL over NPS, wilderness and refuges",GNIS,1777322,,
VC0049,volcanic,Elden Mountain,35.2410965,-111.5973655,9289.0,CALL FIRST,f,USFS - check forest orders,USFS,16.0,70.0,35.330725,-111.290431,5855.0,,,OSM,28841,node/359265490,
VC0050,volcanic,Francis Crater,35.275287,-111.3193176,6390.0,CALL FIRST,e,State land - state land office permission,ST,3.61,23.0,35.330725,-111.290431,5855.0,,,GNIS,29164,,
VC0051,volcanic,Frenchy Hill,35.322509,-112.050164,7414.0,CALL FIRST,f,USFS - check forest orders,USFS,21.19,256.0,35.237243,-112.468721,5274.0,,,OSM,29197,node/359265940,
VC0052,volcanic,Government Knolls,35.325368,-111.9026672,7630.0,CALL FIRST,f,USFS - check forest orders,USFS,28.3,259.0,35.237243,-112.468721,5274.0,,,OSM,,node/9019063261,
VC0053,volcanic,Government Knolls,35.3439778,-111.8753909,7832.0,CALL FIRST,f,USFS - check forest orders,USFS,28.71,90.0,35.343833,-111.290426,5812.0,,,OSM,,node/9019063260,
VC0054,volcanic,Halfmoon Crater,35.407582,-111.367031,6094.0,CALL FIRST,e,State land - state land office permission,ST,5.3,135.0,35.345242,-111.290426,5726.0,,,GNIS,2831564,,
VC0055,volcanic,Hardy Hill,35.3505635,-112.0562752,7313.0,CALL FIRST,f,USFS - check forest orders,USFS,21.36,252.0,35.237243,-112.468721,5274.0,,,OSM,29754,node/359266620,
VC0056,volcanic,Haywire Crater,35.3705634,-111.4312653,7052.0,CALL FIRST,f,USFS - check forest orders,USFS,7.08,102.0,35.345242,-111.290426,5726.0,,,GNIS,29819,,
VC0057,volcanic,Horseshoe Crater,36.6833591,-104.0330288,7430.0,OTHER,,Private,PVT,7.9,289.0,36.726244,-104.187959,7045.0,,,GNIS,890192,,
VC0058,volcanic,Horseshoe Hill,35.4269511,-111.7937714,8267.0,CALL FIRST,f,USFS - check forest orders,USFS,25.17,101.0,35.345242,-111.290426,5726.0,,,OSM,30194,node/359267271,
VC0059,volcanic,Humphreys Peak,35.3463807,-111.6779628,12620.0,NO-LAND,a,Wilderness,USFS,19.02,90.0,35.345242,-111.290426,5726.0,,"FAA AC 91-36D: pilots asked to stay >= 2,000 ft AGL over NPS, wilderness and refuges",OSM,30290,node/359267393,en:Humphreys Peak
VC0060,volcanic,J A Volcano,35.1275119,-106.7727915,5919.0,NO-GO,,National Park Service,NPS,8.51,151.0,35.003819,-106.687938,4924.0,,"FAA AC 91-36D: pilots asked to stay >= 2,000 ft AGL over NPS, wilderness and refuges",GNIS,933039,,
VC0061,volcanic,Jack Creek Crater,41.8510178,-115.3814566,9427.0,CALL FIRST,f,USFS - check forest orders,USFS,3.73,347.0,41.911431,-115.400872,7343.0,,,GNIS,860161,,
VC0062,volcanic,Johnson Crater,35.2391785,-112.3640641,5831.0,CALL FIRST,f,USFS - check forest orders,USFS,5.15,269.0,35.237243,-112.468721,5274.0,,,GNIS,30580,,
VC0063,volcanic,Jornada del Muerto Volcano,33.5344373,-106.8667013,5120.0,OTHER,,Private,PVT,4.35,9.0,33.606161,-106.853445,4757.0,,,OSM,,node/8274583720,
VC0064,volcanic,Junction Crater,35.2930645,-111.3340402,6313.0,CALL FIRST,f,USFS - check forest orders,USFS,3.11,43.0,35.330725,-111.290431,5855.0,,,GNIS,30650,,
VC0065,volcanic,Kana-a Lava Flow,35.3961637,-111.4178664,5980.0,CALL FIRST,f,USFS - check forest orders,USFS,6.96,116.0,35.345242,-111.290426,5726.0,,,GNIS,2025446,,
VC0066,volcanic,Klostermeyer Hill,35.3016759,-111.8990517,7810.0,CALL FIRST,f,USFS - check forest orders,USFS,28.25,262.0,35.237243,-112.468721,5274.0,,,OSM,30796,node/359268011,
VC0067,volcanic,Lava Crater,34.9816055,-108.0611973,7790.0,OTHER,,Private,PVT,2.19,129.0,34.958576,-108.026666,7388.0,,,GNIS+OSM,907900,node/357595971,
VC0068,volcanic,Lenox Crater,35.360319700000005,-111.5296789040381,7110.0,CALL FIRST,f,USFS - check forest orders,USFS,11.78,94.0,35.345242,-111.290426,5726.0,,,GNIS+OSM,30946,way/523977255,
VC0069,volcanic,Little Elden Mountain,35.2694545,-111.5976609,8981.0,CALL FIRST,f,USFS - check forest orders,USFS,15.53,76.0,35.330725,-111.290431,5855.0,,,OSM,31062,node/359268340,
VC0070,volcanic,Little Jack Creek Crater,41.8507399,-115.3934016,9739.0,CALL FIRST,f,USFS - check forest orders,USFS,3.66,355.0,41.911431,-115.400872,7343.0,,,GNIS,853140,,
VC0071,volcanic,Lost Woman Crater,34.9629252,-108.0821111,7962.0,NO-GO,,National Park Service,NPS,1.66,261.0,34.958696,-108.11535,7668.0,,"FAA AC 91-36D: pilots asked to stay >= 2,000 ft AGL over NPS, wilderness and refuges",GNIS,1777321,,
VC0072,volcanic,Lunar Crater,38.3841237,-116.0688927,5582.0,NO-LAND,b,Wilderness Study Area,BLM,0.28,7.0,38.388685,-116.068172,5998.0,,,GNIS,841882,,
VC0073,volcanic,Maroon Crater,35.3075087,-111.3593189,6217.0,CALL FIRST,f,USFS - check forest orders,USFS,3.66,68.0,35.330725,-111.290431,5855.0,,,GNIS,31521,,
VC0074,volcanic,Maxson Crater,35.898739,-104.8892206,7117.0,OTHER,,Private,PVT,8.53,120.0,35.826924,-104.73815,6154.0,,,GNIS,891691,,
VC0075,volcanic,Merriam Crater,35.3363963,-111.2890379,6397.0,LANDABLE,g,BLM land,BLM,0.0,,35.336396,-111.289038,6397.0,,,GNIS,41204,,
VC0076,volcanic,Meteor Crater,35.02713235,-111.01837834536298,5234.0,OTHER,,Private,PVT,9.77,253.0,34.978473,-111.207626,6155.0,,,GNIS+OSM,7945,relation/9586720,en:Meteor Crater
VC0077,volcanic,Meteorite Crater,38.7201876,-115.6774882,5234.0,LANDABLE,g,BLM land,BLM,0.0,,38.720188,-115.677488,5234.0,,,GNIS,842062,,
VC0078,volcanic,Moon Crater,35.3422303,-111.3834861,6486.0,OTHER,,Private,PVT,4.57,90.0,35.342207,-111.290427,6074.0,,,GNIS,31987,,
VC0079,volcanic,Mount Taylor,35.2386573,-107.6084018,11258.0,CALL FIRST,f,USFS - check forest orders,USFS,4.7,183.0,35.160342,-107.612839,7816.0,,,OSM,923700,node/357608876,en:Mount Taylor (New Mexico)
VC0080,volcanic,Newman Hill,35.3950067,-111.8759947,8474.0,CALL FIRST,f,USFS - check forest orders,USFS,28.89,96.0,35.345242,-111.290426,5726.0,,,OSM,42034,node/359284816,
VC0081,volcanic,North Sheba Crater,35.3119523,-111.2740375,6389.0,CALL FIRST,e,State land - state land office permission,ST,1.12,0.0,35.330706,-111.274006,5915.0,,,GNIS,32395,,
VC0082,volcanic,O'Leary Peak,35.4015343,-111.5263644,8876.0,CALL FIRST,f,USFS - check forest orders,USFS,12.06,106.0,35.345242,-111.290426,5726.0,,,OSM,32421,node/359270136,
VC0083,volcanic,O'Neill Crater,35.255011,-111.4623797,6673.0,CALL FIRST,f,USFS - check forest orders,USFS,9.59,62.0,35.330725,-111.290431,5855.0,,,GNIS,32423,,
VC0084,volcanic,Old Caves Crater,35.2800105,-111.5271036,7162.0,CALL FIRST,f,USFS - check forest orders,USFS,12.01,75.0,35.330725,-111.290431,5855.0,,,GNIS,32493,,
VC0085,volcanic,Paramore Crater,31.5570437,-109.168115,4437.0,OTHER,,Private,PVT,3.35,127.0,31.523712,-109.115602,5181.0,,,GNIS,9203,,
VC0086,volcanic,Pinacate Lava Flow,32.1120039,-113.4899082,776.0,NO-LAND,a,Wilderness,FWS,28.9,79.0,32.200532,-112.932096,1637.0,,"FAA AC 91-36D: pilots asked to stay >= 2,000 ft AGL over NPS, wilderness and refuges",GNIS,9447,,
VC0087,volcanic,Pinnacle Crater,35.329176,-111.4826568,7173.0,CALL FIRST,f,USFS - check forest orders,USFS,9.44,89.0,35.330725,-111.290431,5855.0,,,GNIS,33000,,
VC0088,volcanic,Pouquette Hill,35.2975101,-112.1059995,7473.0,CALL FIRST,f,USFS - check forest orders,USFS,18.18,259.0,35.237243,-112.468721,5274.0,,,OSM,38007,node/359277989,
VC0089,volcanic,Rattlesnake Crater,35.2255663,-111.3334848,5994.0,CALL FIRST,f,USFS - check forest orders,USFS,6.65,19.0,35.330725,-111.290431,5855.0,,,GNIS,33395,,
VC0090,volcanic,Robinson Crater,35.3927855,-111.5473794,7344.0,CALL FIRST,f,USFS - check forest orders,USFS,12.93,103.0,35.345242,-111.290426,5726.0,,,GNIS,33681,,
VC0091,volcanic,Roden Crater,35.4252829,-111.2590358,5351.0,OTHER,,Private,PVT,2.04,18.0,35.457654,-111.246078,4686.0,,,GNIS,33771,,
VC0092,volcanic,S P Crater,35.5822254,-111.6318207,6630.0,CALL FIRST,e,State land - state land office permission,ST,13.54,59.0,35.699026,-111.394815,4987.0,,,GNIS,33907,,
VC0093,volcanic,Saddle Crater,35.2886197,-111.2923719,6232.0,CALL FIRST,e,State land - state land office permission,ST,2.52,2.0,35.330725,-111.290431,5855.0,,,GNIS,33923,,
VC0094,volcanic,San Francisco Volcanic Field,35.620002,-111.6223751,5894.0,OTHER,,Private,PVT,12.09,67.0,35.699026,-111.394815,4987.0,,,GNIS,38053,,
VC0095,volcanic,Scooter Crater,37.1710638,-116.037259,4325.0,OTHER,,Department of Energy,DOE,20.01,69.0,37.288929,-115.646617,5324.0,,,GNIS,843542,,
VC0096,volcanic,Sedan Crater,37.176897,-116.0461484,4002.0,OTHER,,Department of Energy,DOE,20.29,71.0,37.288929,-115.646617,5324.0,,,GNIS,849984,,
VC0097,volcanic,South Sheba Crater,35.3002858,-111.2565369,6186.0,CALL FIRST,e,State land - state land office permission,ST,1.99,336.0,35.330705,-111.27274,5811.0,,,GNIS,34682,,
VC0098,volcanic,Stewart Crater,35.3611189,-111.4043199,7178.0,CALL FIRST,f,USFS - check forest orders,USFS,5.67,100.0,35.345242,-111.290426,5726.0,,,GNIS,34843,,
VC0099,volcanic,Strawberry Crater,35.4422285,-111.4701542,6300.0,NO-LAND,a,Wilderness,USFS,10.56,123.0,35.345242,-111.290426,5726.0,,"FAA AC 91-36D: pilots asked to stay >= 2,000 ft AGL over NPS, wilderness and refuges",GNIS,34890,,
VC0100,volcanic,Sunset Crater,35.3621505,-111.5023725,7984.0,NO-GO,,National Park Service,NPS,10.45,96.0,35.345242,-111.290426,5726.0,,"FAA AC 91-36D: pilots asked to stay >= 2,000 ft AGL over NPS, wilderness and refuges",GNIS+OSM,34967,way/523977252,
VC0101,volcanic,Tabernacle Crater,38.9085754,-112.5338315,4787.0,LANDABLE,g,BLM land,BLM,0.0,,38.908575,-112.533832,4787.0,,,GNIS,1433153,,
VC0102,volcanic,Teapot Crater,37.1682859,-116.0442037,4274.0,OTHER,,Department of Energy,DOE,20.38,69.0,37.288929,-115.646617,5324.0,,,GNIS,844188,,
VC0103,volcanic,The Cinders,38.9791699,-112.5067748,4694.0,LANDABLE,g,BLM land,BLM,0.0,,38.97917,-112.506775,4694.0,,,GNIS,1433284,,
VC0104,volcanic,The Crater,41.9393456,-116.085931,5993.0,NO-LAND,c,Tribal land - tribal permission required,BIA,10.38,230.0,41.828475,-116.263662,5660.0,,,GNIS,844247,,
VC0105,volcanic,The Craters,37.6047002,-112.8204973,10163.0,CALL FIRST,f,USFS - check forest orders,USFS,5.74,298.0,37.648931,-112.927403,8331.0,,,GNIS,1446435,,
VC0106,volcanic,The Craters,41.3898956,-119.9343799,6272.0,LANDABLE,g,BLM land,BLM,0.0,,41.389896,-119.93438,6272.0,,,GNIS,844248,,
VC0107,volcanic,The Lava Beds,40.5665689,-119.0010055,6263.0,LANDABLE,g,BLM land,BLM,0.0,,40.566569,-119.001006,6263.0,,,GNIS,844261,,
VC0108,volcanic,The Sproul,35.3366743,-111.308761,5551.0,CALL FIRST,e,State land - state land office permission,ST,0.9,90.0,35.33667,-111.290429,6464.0,,,GNIS,35245,,
VC0109,volcanic,Timber Mountain,37.0858532,-116.4539259,7435.0,NO-GO,,Department of Defense,DOD,6.33,229.0,37.016278,-116.553135,4616.0,,DoD land: check restricted / military airspace,OSM,845707,node/357551642,
VC0110,volcanic,Twin Craters,34.9768131,-108.0675006,7804.0,NO-GO,,National Park Service,NPS,2.29,118.0,34.958576,-108.026666,7388.0,,"FAA AC 91-36D: pilots asked to stay >= 2,000 ft AGL over NPS, wilderness and refuges",GNIS+OSM,911926,node/357599892,
VC0111,volcanic,Upheaval Dome,38.4369552,-109.9289957,4947.0,NO-GO,,National Park Service,NPS,2.55,357.0,38.479428,-109.931484,4713.0,,"FAA AC 91-36D: pilots asked to stay >= 2,000 ft AGL over NPS, wilderness and refuges",OSM,1433793,node/356674654,en:Upheaval Dome
VC0112,volcanic,Valles Caldera,35.9000222,-106.5505896,9370.0,NO-GO,,National Park Service,NPS,14.97,164.0,35.660312,-106.463734,6618.0,,"FAA AC 91-36D: pilots asked to stay >= 2,000 ft AGL over NPS, wilderness and refuges",GNIS,897537,,
VC0113,volcanic,Valles Caldera supervolcano,35.8598424,-106.4732737,8504.0,NO-GO,,National Park Service,NPS,11.74,160.0,35.675155,-106.392731,5964.0,,"FAA AC 91-36D: pilots asked to stay >= 2,000 ft AGL over NPS, wilderness and refuges",OSM,,node/1280149501,
VC0114,volcanic,Veyo Volcano,37.3163622,-113.6960623,5232.0,LANDABLE,g,BLM land,BLM,0.0,,37.316362,-113.696062,5232.0,,,GNIS,1446937,,
VC0115,volcanic,Volcano Hill,34.8093255,-107.3191427,6588.0,LANDABLE,g,BLM land,BLM,0.0,,34.809326,-107.319143,6588.0,,,GNIS,897509,,
VC0116,volcanic,Volcano Knoll,37.4190602,-112.9356981,6719.0,LANDABLE,g,BLM land,BLM,0.0,,37.41906,-112.935698,6719.0,,,GNIS,1433905,,
VC0118,volcanic,Volcano Peak,40.7954629,-113.9773469,5975.0,LANDABLE,g,BLM land,BLM,0.0,,40.795463,-113.977347,5975.0,,,GNIS,1433907,,
VC0117,volcanic,Volcano Peak,38.5012903,-118.0883758,6557.0,LANDABLE,g,BLM land,BLM,0.0,,38.50129,-118.088376,6557.0,,,GNIS,850716,,
VC0119,volcanic,Vulcan Volcano,35.1414625,-106.7718998,6024.0,NO-GO,,National Park Service,NPS,8.75,262.0,35.120333,-106.947916,5359.0,,"FAA AC 91-36D: pilots asked to stay >= 2,000 ft AGL over NPS, wilderness and refuges",GNIS,933185,,
VC0120,volcanic,Walker Hill,35.2811204,-111.8473857,7691.0,CALL FIRST,f,USFS - check forest orders,USFS,27.51,84.0,35.330725,-111.290431,5855.0,,,OSM,35826,node/359274875,
VC0121,volcanic,Walker Lake Peak,35.3961572,-111.7344006,8495.0,CALL FIRST,f,USFS - check forest orders,USFS,22.0,98.0,35.345242,-111.290426,5726.0,,,OSM,,node/8864043450,
VC0122,volcanic,White Horse Hills,35.389452,-111.7043268,9063.0,CALL FIRST,f,USFS - check forest orders,USFS,20.48,97.0,35.345242,-111.290426,5726.0,,,OSM,36075,node/359275105,
VC0123,volcanic,Wishbone Mountain,34.1517112,-109.7331557,8823.0,CALL FIRST,f,USFS - check forest orders,USFS,12.03,27.0,34.330091,-109.622146,6672.0,,,OSM,36348,node/359275467,
VC0124,volcanic,Wissmath Craters,36.8208504,-105.9466825,8433.0,NO-LAND,d,BLM National Monument / NCA,PVT,1.76,195.0,36.792418,-105.955861,8344.0,,,GNIS,901870,,
VC0125,volcanic,volcanic caldera rim of Narbona Pass Volcan,36.09427025,-108.8734073660639,9047.0,NO-LAND,c,Tribal land - tribal permission required,BIA,26.24,184.0,35.657217,-108.908244,6970.0,,,OSM,,way/1416024675,
WF0001,waterfall,"""Slytherin Falls""",38.6580265,-109.3199245,4871.0,LANDABLE,g,BLM land,BLM,0.0,,38.658026,-109.319924,4871.0,,,OSM,,node/9606124221,
WF0002,waterfall,2nd Falls End of Hike,37.5386029,-113.1494492,6251.0,CALL FIRST,e,State land - state land office permission,ST,0.33,89.0,37.538701,-113.142478,7430.0,,,OSM,,node/5822652362,
WF0003,waterfall,Adams Canyon Lower Falls,41.0652564,-111.9039126,5022.0,OTHER,,Private,PVT,10.53,134.0,40.943918,-111.736243,6007.0,5.0,,OSM,,node/6486342674,
WF0004,waterfall,Adams Canyon Waterfall,41.0673187,-111.885115,6168.0,CALL FIRST,f,USFS - check forest orders,USFS,10.02,138.0,40.943918,-111.736243,6007.0,,,OSM,,node/82994281,
WF0005,waterfall,Adams Falls,40.2365509,-105.7979561,8452.0,NO-GO,,National Park Service,NPS,3.63,271.0,40.237888,-105.877034,8584.0,,"FAA AC 91-36D: pilots asked to stay >= 2,000 ft AGL over NPS, wilderness and refuges",GNIS+OSM,204992,node/1323151586,
WF0006,waterfall,Agnes Vaille Falls,38.7205523,-106.2344653,9363.0,CALL FIRST,f,USFS - check forest orders,USFS,4.74,104.0,38.701366,-106.136639,8300.0,,,GNIS,197672,,
WF0007,waterfall,Alberta Falls,40.3036657,-105.6380323,9412.0,NO-LAND,a,Wilderness,NPS,4.53,61.0,40.340738,-105.551916,9030.0,,"FAA AC 91-36D: pilots asked to stay >= 2,000 ft AGL over NPS, wilderness and refuges",GNIS+OSM,177843,node/1837560306,
WF0008,waterfall,Ames Falls,37.8624521,-107.884524,8865.0,CALL FIRST,f,USFS - check forest orders,USFS,5.53,315.0,37.927214,-107.967582,9110.0,,,OSM,,node/8200199179,
WF0009,waterfall,Angel Falls,36.2476354,-115.6447197,8526.0,CALL FIRST,f,USFS - check forest orders,USFS,5.85,222.0,36.174883,-115.724973,5806.0,,,OSM,,node/14156266464,
WF0010,waterfall,Apache Falls,37.8547584,-104.9886829,8720.0,NO-LAND,a,Wilderness,USFS,1.44,90.0,37.854562,-104.958305,8040.0,,"FAA AC 91-36D: pilots asked to stay >= 2,000 ft AGL over NPS, wilderness and refuges",GNIS+OSM,194044,node/6584356500,
WF0011,waterfall,Archangel Falls,37.3092416,-113.0541125,5276.0,NO-LAND,a,Wilderness,NPS,2.61,270.0,37.309479,-113.108548,5893.0,,"FAA AC 91-36D: pilots asked to stay >= 2,000 ft AGL over NPS, wilderness and refuges",OSM,,node/6036607206,
WF0012,waterfall,Argenta Falls,37.9893441,-107.2940536,8914.0,OTHER,,Private,PVT,0.04,59.0,37.989684,-107.293347,8955.0,,,GNIS+OSM,187437,node/586864307,
WF0013,waterfall,Ash Creek Falls,32.7297907,-109.8939693,7848.0,NO-LAND,b,Wilderness Study Area,USFS,6.26,347.0,32.831753,-109.921104,3249.0,,,GNIS,842,,
WF0014,waterfall,Ashley Falls,40.9166264,-109.5004166,6072.0,CALL FIRST,f,USFS - check forest orders,USFS,3.19,33.0,40.961276,-109.462248,6558.0,,,GNIS,1448090,,
WF0015,waterfall,Barrier Falls,37.2834843,-113.0202912,4847.0,NO-LAND,a,Wilderness,NPS,4.24,271.0,37.284185,-113.108828,5035.0,,"FAA AC 91-36D: pilots asked to stay >= 2,000 ft AGL over NPS, wilderness and refuges",OSM,,node/3564687446,
WF0016,waterfall,Battle Creek Falls,40.3673499,-111.6928623,5642.0,CALL FIRST,f,USFS - check forest orders,USFS,5.23,217.0,40.298007,-111.761953,4498.0,,,OSM,,node/498620853,
WF0018,waterfall,Bear Creek Falls,37.9999061,-107.6601803,8437.0,OTHER,,Private,PVT,3.07,90.0,37.999696,-107.595359,12064.0,,,GNIS+OSM,187278,node/586897106,
WF0017,waterfall,Bear Creek Falls,37.9059961,-107.8123427,9973.0,CALL FIRST,f,USFS - check forest orders,USFS,5.94,93.0,37.900712,-107.687365,12548.0,,,OSM,,node/4017377719,
WF0019,waterfall,Beaver Falls,36.2819108,-112.7298546,2205.0,NO-LAND,c,Tribal land - tribal permission required,BIA,7.8,357.0,36.411903,-112.738568,5635.0,,Within 15 nm of Grand Canyon NP: check the Grand Canyon SFRA on the Grand Canyon VFR chart,GNIS+OSM,1168,node/1558634868,
WF0020,waterfall,Beaver Falls,40.5768296,-105.6137042,9168.0,CALL FIRST,f,USFS - check forest orders,USFS,13.84,168.0,40.350777,-105.552046,8688.0,,,OSM,,way/106653107,
WF0021,waterfall,Bedrock Falls,38.9444386,-106.3400237,11259.0,NO-LAND,a,Wilderness,USFS,5.11,37.0,39.012235,-106.273987,9643.0,,"FAA AC 91-36D: pilots asked to stay >= 2,000 ft AGL over NPS, wilderness and refuges",GNIS,189144,,
WF0022,waterfall,Bessies Falls,40.0005376,-107.2789442,9303.0,NO-LAND,a,Wilderness,USFS,8.94,286.0,40.040624,-107.46567,8217.0,,"FAA AC 91-36D: pilots asked to stay >= 2,000 ft AGL over NPS, wilderness and refuges",GNIS,173499,,
WF0023,waterfall,Big Creek Falls,40.9088603,-106.6383714,9251.0,CALL FIRST,f,USFS - check forest orders,USFS,3.81,120.0,40.877088,-106.565855,8618.0,,,GNIS,169942,,
WF0024,waterfall,Big Falls,35.3508413,-108.8716555,6952.0,OTHER,,Private,PVT,0.07,183.0,35.349653,-108.871725,7053.0,,,GNIS+OSM,886303,node/2006154604,
WF0025,waterfall,Big Falls,36.2689092,-115.6783824,8753.0,NO-LAND,a,Wilderness,USFS,5.52,226.0,36.205257,-115.760465,5891.0,,"FAA AC 91-36D: pilots asked to stay >= 2,000 ft AGL over NPS, wilderness and refuges",GNIS+OSM,858889,node/12912943734,
WF0026,waterfall,Big Flow,36.2358362,-109.3228811,6910.0,NO-GO,,National Park Service,NPS,38.13,156.0,35.654032,-109.005595,7014.0,,"FAA AC 91-36D: pilots asked to stay >= 2,000 ft AGL over NPS, wilderness and refuges",GNIS,1315,,
WF0027,waterfall,Big South Falls,40.5359402,-105.7535541,9588.0,NO-LAND,a,Wilderness,USFS,13.85,268.0,40.529042,-106.056058,9038.0,,"FAA AC 91-36D: pilots asked to stay >= 2,000 ft AGL over NPS, wilderness and refuges",OSM,,node/1267854509,
WF0028,waterfall,Bighorn Falls,38.7093709,-111.038024,5662.0,NO-LAND,a,Wilderness,BLM,1.38,267.0,38.70836,-111.0673,5996.0,,"FAA AC 91-36D: pilots asked to stay >= 2,000 ft AGL over NPS, wilderness and refuges",OSM,,node/11258792773,
WF0029,waterfall,Black Falls,35.5677182,-111.272724,4296.0,NO-LAND,c,Tribal land - tribal permission required,BIA,0.83,173.0,35.554023,-111.270557,4326.0,,,GNIS+OSM,37652,node/907442530,
WF0030,waterfall,Blackjack Waterfall,40.5804002,-111.6499557,8433.0,CALL FIRST,f,USFS - check forest orders,USFS,4.89,76.0,40.599636,-111.546005,9501.0,,,OSM,,node/10003156185,
WF0031,waterfall,Booth Falls,39.6719064,-106.3119024,9577.0,NO-LAND,a,Wilderness,USFS,12.56,358.0,39.881241,-106.322144,8269.0,,"FAA AC 91-36D: pilots asked to stay >= 2,000 ft AGL over NPS, wilderness and refuges",OSM,,node/9168212579,
WF0032,waterfall,Boulder Falls,40.0057703,-105.4064548,6945.0,OTHER,,Private,PVT,1.36,360.0,40.028382,-105.406652,7908.0,21.0,,GNIS+OSM,178582,node/2601610962,
WF0033,waterfall,Brazos Falls,36.7477936,-106.4326503,8307.0,OTHER,,Private,PVT,10.98,199.0,36.573975,-106.504817,7386.0,,,OSM,,node/13902794272,
WF0034,waterfall,Bridal Veil,38.7811509,-104.8802808,6700.0,OTHER,,Private,PVT,2.93,332.0,38.824382,-104.909523,7732.0,,,OSM,,node/10241607683,
WF0036,waterfall,Bridal Veil Falls,39.6016497,-107.1919967,7214.0,CALL FIRST,f,USFS - check forest orders,USFS,2.31,75.0,39.611637,-107.143978,6124.0,,,GNIS,174098,,
WF0038,waterfall,Bridal Veil Falls,40.4356474,-105.5512627,8873.0,NO-LAND,a,Wilderness,NPS,5.09,180.0,40.350776,-105.551509,8634.0,,"FAA AC 91-36D: pilots asked to stay >= 2,000 ft AGL over NPS, wilderness and refuges",GNIS+OSM,177546,node/1223310680,
WF0035,waterfall,Bridal Veil Falls,37.9191952,-107.769956,10120.0,CALL FIRST,f,USFS - check forest orders,USFS,4.07,102.0,37.904497,-107.686238,12026.0,,,GNIS+OSM,187148,node/586010732,
WF0037,waterfall,Bridal Veil Falls,40.339141,-111.6020757,5491.0,CALL FIRST,f,USFS - check forest orders,USFS,7.16,54.0,40.408862,-111.475396,5442.0,185.0,,GNIS+OSM,1439092,node/2424574511,
WF0039,waterfall,Bridal Wreath Falls,32.2271967,-110.6505753,3889.0,NO-LAND,a,Wilderness,NPS,3.58,267.0,32.22456,-110.720942,2731.0,,"FAA AC 91-36D: pilots asked to stay >= 2,000 ft AGL over NPS, wilderness and refuges",OSM,,node/10536305301,
WF0040,waterfall,Browns Creek Falls,38.6507801,-106.1922305,9868.0,CALL FIRST,f,USFS - check forest orders,USFS,3.03,119.0,38.626147,-106.135918,8519.0,,,OSM,,node/6577841261,
WF0041,waterfall,Brushy Canyon Falls,31.8113595,-109.3309459,7336.0,NO-LAND,a,Wilderness,USFS,8.27,272.0,31.8157,-109.492611,4954.0,,"FAA AC 91-36D: pilots asked to stay >= 2,000 ft AGL over NPS, wilderness and refuges",OSM,,node/2296631739,
WF0042,waterfall,Callahan Falls,31.8401675,-109.3141432,7456.0,NO-LAND,a,Wilderness,USFS,8.37,39.0,31.949308,-109.211732,5391.0,,"FAA AC 91-36D: pilots asked to stay >= 2,000 ft AGL over NPS, wilderness and refuges",OSM,,node/2527065587,
WF0043,waterfall,Calypso Cascades,40.1947766,-105.5906585,9187.0,NO-LAND,a,Wilderness,NPS,8.33,155.0,40.068644,-105.514855,9215.0,,"FAA AC 91-36D: pilots asked to stay >= 2,000 ft AGL over NPS, wilderness and refuges",GNIS+OSM,178222,node/800561915,
WF0044,waterfall,Camp Creek Falls,33.8759585,-111.8029853,2954.0,CALL FIRST,f,USFS - check forest orders,USFS,4.84,272.0,33.878728,-111.899905,3969.0,,,OSM,,node/1152373110,
WF0045,waterfall,Carr Canyon Waterfall,31.4345451,-110.2851347,6367.0,CALL FIRST,f,USFS - check forest orders,USFS,4.83,31.0,31.503667,-110.236437,4537.0,,,OSM,,node/2275335105,
WF0048,waterfall,Cascade Falls,40.2715662,-105.7654153,8826.0,NO-LAND,a,Wilderness,NPS,5.41,251.0,40.242516,-105.8769,8651.0,,"FAA AC 91-36D: pilots asked to stay >= 2,000 ft AGL over NPS, wilderness and refuges",GNIS+OSM,177791,node/487866885,
WF0047,waterfall,Cascade Falls,38.0259426,-107.6647258,8244.0,OTHER,,Private,PVT,2.4,344.0,38.064349,-107.678838,8132.0,,,GNIS+OSM,188610,node/585756599,
WF0046,waterfall,Cascade Falls,37.5025023,-112.757293,8918.0,CALL FIRST,f,USFS - check forest orders,USFS,3.4,175.0,37.446007,-112.751346,7863.0,,,GNIS+OSM,1439505,node/5838712187,
WF0049,waterfall,Cataract Falls,39.828417,-106.3271623,8645.0,NO-LAND,a,Wilderness,USFS,3.17,0.0,39.881252,-106.32692,8451.0,,"FAA AC 91-36D: pilots asked to stay >= 2,000 ft AGL over NPS, wilderness and refuges",OSM,,node/3893926049,
WF0050,waterfall,Chamisa Vega Spring Falls,35.6762462,-106.9411584,6107.0,NO-LAND,c,Tribal land - tribal permission required,BIA,0.73,270.0,35.676236,-106.95612,6118.0,,,GNIS,887422,,
WF0051,waterfall,Chandler Falls,39.4705213,-110.0220921,4373.0,NO-LAND,c,Tribal land - tribal permission required,BIA,0.0,318.0,39.470523,-110.022094,4373.0,,,GNIS,1435293,,
WF0052,waterfall,Chasm Falls,40.4168353,-105.6725657,9075.0,NO-GO,,National Park Service,NPS,6.8,126.0,40.350777,-105.552046,8688.0,,"FAA AC 91-36D: pilots asked to stay >= 2,000 ft AGL over NPS, wilderness and refuges",GNIS+OSM,204942,node/1837213634,
WF0053,waterfall,Cheyava Falls,36.1461598,-111.9747667,5328.0,NO-GO,,National Park Service,NPS,17.81,242.0,36.006514,-112.297951,6166.0,,"FAA AC 91-36D: pilots asked to stay >= 2,000 ft AGL over NPS, wilderness and refuges | Inside Grand Canyon NP: Grand Canyon SFRA rules apply (14 CFR 93 Subpart U)",GNIS+OSM,2803,node/5612830893,
WF0054,waterfall,Chipeta Falls,38.4522778,-107.396532,7384.0,LANDABLE,g,BLM land,BLM,0.0,,38.452278,-107.396532,7384.0,,,OSM,,node/3735970600,
WF0055,waterfall,Chitty Falls,33.5390927,-109.3962191,6765.0,CALL FIRST,f,USFS - check forest orders,USFS,22.32,165.0,33.17937,-109.280327,4684.0,,,GNIS+OSM,25422,node/2006154605,
WF0056,waterfall,Chiva Falls,32.2582655,-110.5955168,4011.0,CALL FIRST,f,USFS - check forest orders,USFS,6.69,252.0,32.22456,-110.720942,2731.0,,,GNIS+OSM,27609,node/5430160746,
WF0057,waterfall,Clear Creek Falls,37.8117197,-107.7777906,10423.0,CALL FIRST,f,USFS - check forest orders,USFS,4.3,90.0,37.81172,-107.687365,9485.0,,,OSM,,node/2574676939,
WF0059,waterfall,Columbine Falls,40.2609899,-105.5993948,11522.0,NO-LAND,a,Wilderness,NPS,4.96,30.0,40.332441,-105.544808,9507.0,,"FAA AC 91-36D: pilots asked to stay >= 2,000 ft AGL over NPS, wilderness and refuges",GNIS+OSM,177940,node/12271798223,
WF0058,waterfall,Columbine Falls,36.0926259,-113.9218313,1254.0,NO-GO,,National Park Service,NPS,4.92,215.0,36.025065,-113.9795,3192.0,,"FAA AC 91-36D: pilots asked to stay >= 2,000 ft AGL over NPS, wilderness and refuges | Inside Grand Canyon NP: Grand Canyon SFRA rules apply (14 CFR 93 Subpart U)",GNIS+OSM,3135,node/2006154606,
WF0060,waterfall,Continental Falls,39.42075,-106.083257,11644.0,CALL FIRST,f,USFS - check forest orders,USFS,7.09,239.0,39.360322,-106.214222,11302.0,,,OSM,,node/471876105,
WF0061,waterfall,Copeland Falls,40.2062408,-105.5684105,8507.0,NO-LAND,a,Wilderness,NPS,7.25,24.0,40.316994,-105.50488,8820.0,,"FAA AC 91-36D: pilots asked to stay >= 2,000 ft AGL over NPS, wilderness and refuges",GNIS+OSM,178225,node/1853003403,
WF0062,waterfall,Cornel Falls,37.943065,-107.8103835,9197.0,OTHER,,Private,PVT,5.74,276.0,37.95236,-107.930747,8080.0,,,GNIS,187117,,
WF0063,waterfall,Crooke Falls,38.0138936,-107.3116673,8719.0,OTHER,,Private,PVT,0.09,270.0,38.013892,-107.313549,8746.0,,,GNIS+OSM,188716,node/584676591,
WF0064,waterfall,Crystal Falls,37.9616672,-105.481395,9312.0,LANDABLE,g,BLM land,BLM,0.0,,37.961667,-105.481395,9312.0,,,GNIS,192457,,
WF0065,waterfall,Deer Creek Falls,36.389474,-112.5081652,2249.0,NO-GO,,National Park Service,NPS,11.24,277.0,36.411903,-112.738568,5635.0,,"FAA AC 91-36D: pilots asked to stay >= 2,000 ft AGL over NPS, wilderness and refuges | Inside Grand Canyon NP: Grand Canyon SFRA rules apply (14 CFR 93 Subpart U)",GNIS+OSM,3805,node/2006154607,
WF0066,waterfall,Devil’s Punch Bowl,39.0492873,-107.0773861,9764.0,CALL FIRST,f,USFS - check forest orders,USFS,7.92,167.0,38.920633,-107.03851,9030.0,,,OSM,,node/5864634392,
WF0067,waterfall,Disappointment Falls,40.7495354,-105.5554031,7891.0,CALL FIRST,f,USFS - check forest orders,USFS,11.26,93.0,40.739609,-105.308909,6648.0,,,OSM,,node/4454420619,
WF0068,waterfall,Dominguez Falls,38.8170903,-108.3896015,4913.0,NO-LAND,a,Wilderness,BLM,3.77,31.0,38.871087,-108.348233,5077.0,,"FAA AC 91-36D: pilots asked to stay >= 2,000 ft AGL over NPS, wilderness and refuges",OSM,,node/586148944,
WF0069,waterfall,Donut Falls,40.630918,-111.6545104,7831.0,OTHER,,Private,PVT,5.3,111.0,40.599636,-111.546005,9501.0,6.0,,OSM,,node/3665389065,
WF0070,waterfall,Double Falls,37.2812199,-113.0237688,4731.0,NO-LAND,a,Wilderness,NPS,4.07,271.0,37.281876,-113.108858,5004.0,,"FAA AC 91-36D: pilots asked to stay >= 2,000 ft AGL over NPS, wilderness and refuges",GNIS+OSM,1435441,node/11374758472,
WF0071,waterfall,Double Falls,39.9458113,-111.6531217,7349.0,CALL FIRST,f,USFS - check forest orders,USFS,3.47,38.0,39.991733,-111.607214,8703.0,,,OSM,,node/12805197081,
WF0072,waterfall,Doughnut Falls,40.6297447,-111.6547357,7906.0,OTHER,,Private,PVT,5.29,110.0,40.599636,-111.546005,9501.0,,,GNIS,1440533,,
WF0073,waterfall,Dryfall,36.90453,-107.9076424,5884.0,LANDABLE,g,BLM land,BLM,0.0,,36.90453,-107.907642,5884.0,,,OSM,,node/6778478210,
WF0074,waterfall,Dryfall,40.0808672,-111.402652,5424.0,CALL FIRST,f,USFS - check forest orders,USFS,6.01,173.0,39.981357,-111.386648,6597.0,,,OSM,,node/13308657894,
WF0075,waterfall,Eagle Falls,37.7637393,-108.0976944,9199.0,CALL FIRST,f,USFS - check forest orders,USFS,9.4,281.0,37.794376,-108.2915,8725.0,,,GNIS,176597,,
WF0076,waterfall,East Fork Falls,39.5625813,-108.0137867,7612.0,LANDABLE,g,BLM land,BLM,0.0,,39.562581,-108.013787,7612.0,,,GNIS,172236,,
WF0077,waterfall,East Middle Fork Falls,39.6169788,-108.0598287,6666.0,OTHER,,Private,PVT,1.12,360.0,39.635584,-108.059846,7973.0,,,GNIS,172250,,
WF0078,waterfall,East Vail Falls,39.6394504,-106.306498,8518.0,OTHER,,Private,PVT,14.51,357.0,39.881241,-106.322144,8269.0,,,OSM,,node/490587659,
WF0079,waterfall,Easter Falls,41.5271781,-111.9992104,4636.0,OTHER,,Private,PVT,10.62,285.0,41.573594,-112.226685,4241.0,,,OSM,,node/13016219248,
WF0080,waterfall,Echo Peaks Fall,36.8284356,-111.571677,4114.0,NO-LAND,c,Tribal land - tribal permission required,BIA,3.81,262.0,36.819969,-111.650126,3713.0,,Within 15 nm of Grand Canyon NP: check the Grand Canyon SFRA on the Grand Canyon VFR chart,OSM,,node/5432921312,
WF0081,waterfall,Elk Falls,39.5059771,-105.4143932,8651.0,CALL FIRST,e,State land - state land office permission,ST,3.67,348.0,39.565841,-105.431093,9643.0,,,GNIS+OSM,182526,node/13448580268,
WF0082,waterfall,Ernie's Falls,32.2335356,-110.654971,3628.0,NO-LAND,a,Wilderness,NPS,3.4,261.0,32.22456,-110.720942,2731.0,,"FAA AC 91-36D: pilots asked to stay >= 2,000 ft AGL over NPS, wilderness and refuges",OSM,,node/2427446796,
WF0083,waterfall,Falls Creek Falls,41.4983251,-117.7265035,5462.0,CALL FIRST,f,USFS - check forest orders,USFS,0.28,270.0,41.498337,-117.732688,5581.0,,,OSM,,node/10266802675,
WF0084,waterfall,Fan Falls,40.2297425,-105.6511444,11235.0,NO-LAND,a,Wilderness,NPS,7.86,38.0,40.332441,-105.544808,9507.0,,"FAA AC 91-36D: pilots asked to stay >= 2,000 ft AGL over NPS, wilderness and refuges",GNIS+OSM,178177,node/5046678947,
WF0085,waterfall,Faux Falls,38.4810762,-109.4111298,5229.0,LANDABLE,g,BLM land,BLM,0.0,,38.481076,-109.41113,5229.0,,,OSM,,node/6459334659,
WF0086,waterfall,Feather,38.7809852,-104.8802828,6734.0,OTHER,,Private,PVT,2.94,332.0,38.824382,-104.909523,7732.0,,,OSM,,node/10241607681,
WF0087,waterfall,Fern Falls,40.3471904,-105.6677626,8864.0,NO-LAND,a,Wilderness,NPS,5.31,88.0,40.350468,-105.552046,8733.0,,"FAA AC 91-36D: pilots asked to stay >= 2,000 ft AGL over NPS, wilderness and refuges",GNIS+OSM,204958,node/438097133,
WF0088,waterfall,Fiftyfoot Falls,36.2464061,-112.7006131,3116.0,NO-LAND,c,Tribal land - tribal permission required,BIA,10.09,349.0,36.411903,-112.738568,5635.0,,Within 15 nm of Grand Canyon NP: check the Grand Canyon SFRA on the Grand Canyon VFR chart,GNIS+OSM,12004,node/3385949370,
WF0089,waterfall,Fillmore waterfall,32.3388008,-106.585237,5905.0,NO-LAND,a,Wilderness,BLM,3.04,196.0,32.289982,-106.601534,5177.0,,"FAA AC 91-36D: pilots asked to stay >= 2,000 ft AGL over NPS, wilderness and refuges",OSM,,node/773423289,
WF0090,waterfall,First Waterfall,41.6871293,-111.7432886,6735.0,CALL FIRST,f,USFS - check forest orders,USFS,15.43,87.0,41.698414,-111.400327,7819.0,,,OSM,,node/13339744185,
WF0091,waterfall,Fish Creek Falls,40.4814545,-106.7714439,7516.0,CALL FIRST,f,USFS - check forest orders,USFS,2.8,327.0,40.520719,-106.804453,7756.0,,,GNIS+OSM,172743,node/5002245843,en:Fish Creek Falls
WF0092,waterfall,Fish Creek Upper Falls,40.4755693,-106.7507946,8765.0,CALL FIRST,f,USFS - check forest orders,USFS,3.66,318.0,40.520719,-106.804453,7756.0,,,OSM,,node/4955220925,
WF0093,waterfall,Folsom Falls,36.8727162,-103.8809204,6158.0,OTHER,,Private,PVT,4.6,269.0,36.870925,-103.97639,6604.0,,,GNIS,889124,,
WF0094,waterfall,Ford Falls,40.1018789,-111.634807,4721.0,OTHER,,Private,PVT,2.14,163.0,40.067708,-111.621146,4720.0,,,OSM,,node/8939918408,
WF0095,waterfall,Fox Creek Falls,40.4580842,-105.5110595,8435.0,NO-LAND,a,Wilderness,USFS,6.66,195.0,40.35077,-105.548183,8396.0,,"FAA AC 91-36D: pilots asked to stay >= 2,000 ft AGL over NPS, wilderness and refuges",OSM,,node/1262321863,
WF0096,waterfall,Fremont River Waterfall,38.2889669,-111.163298,5089.0,NO-GO,,National Park Service,NPS,1.22,108.0,38.282659,-111.138742,5000.0,,"FAA AC 91-36D: pilots asked to stay >= 2,000 ft AGL over NPS, wilderness and refuges",OSM,,node/601498503,
WF0097,waterfall,Funnel Falls,38.9935983,-109.14789,4228.0,NO-LAND,b,Wilderness Study Area,ST,1.41,317.0,39.010898,-109.168246,4717.0,,,GNIS,1435569,,
WF0098,waterfall,Garcia Falls,33.4927988,-107.451752,6206.0,CALL FIRST,f,USFS - check forest orders,USFS,4.26,145.0,33.434665,-107.402754,5823.0,,,GNIS+OSM,906475,node/1887422772,
WF0099,waterfall,Genoa Falls,39.0028575,-119.8681484,6025.0,CALL FIRST,f,USFS - check forest orders,USFS,6.79,60.0,39.059532,-119.742515,4714.0,,,OSM,,node/9831510459,
WF0100,waterfall,Ghost Falls,40.4961124,-111.8215663,5492.0,OTHER,,Private,PVT,2.01,2.0,40.529658,-111.81991,5632.0,,,OSM,,node/9044704514,
WF0101,waterfall,Glacier Falls,40.2947072,-105.6460594,9859.0,NO-LAND,a,Wilderness,NPS,5.13,57.0,40.340738,-105.551916,9030.0,,"FAA AC 91-36D: pilots asked to stay >= 2,000 ft AGL over NPS, wilderness and refuges",GNIS+OSM,177844,node/1837571840,
WF0102,waterfall,Gloria Falls,40.5640093,-111.6886899,8178.0,CALL FIRST,f,USFS - check forest orders,USFS,4.58,282.0,40.580372,-111.786453,5924.0,,,OSM,,node/7732384788,
WF0103,waterfall,Glynns Falls,32.5879892,-113.6534585,1477.0,NO-GO,,Air Force,USAF,8.77,326.0,32.708824,-113.751218,553.0,,DoD land: check restricted / military airspace,GNIS+OSM,5072,node/2006154617,
WF0104,waterfall,Grace Falls,40.3204012,-105.6902812,10601.0,NO-LAND,a,Wilderness,NPS,6.47,79.0,40.340738,-105.551916,9030.0,,"FAA AC 91-36D: pilots asked to stay >= 2,000 ft AGL over NPS, wilderness and refuges",GNIS+OSM,177828,node/4239842144,
WF0105,waterfall,Grand Falls,35.4282098,-111.2013949,4475.0,NO-LAND,c,Tribal land - tribal permission required,BIA,2.69,311.0,35.457658,-111.242769,4674.0,56.0,,GNIS+OSM,5216,node/6356066295,en:Grand Falls (Arizona)
WF0106,waterfall,Granite Falls,40.3187026,-105.7726421,9785.0,NO-LAND,a,Wilderness,NPS,6.62,226.0,40.242516,-105.8769,8651.0,,"FAA AC 91-36D: pilots asked to stay >= 2,000 ft AGL over NPS, wilderness and refuges",GNIS+OSM,177773,node/487281971,
WF0107,waterfall,Grant Creek Falls,32.6701838,-109.9101496,6857.0,NO-LAND,b,Wilderness Study Area,USFS,9.53,74.0,32.713614,-109.729017,3387.0,,,OSM,,node/2006154618,
WF0108,waterfall,Gray Copper Falls,37.9222901,-107.6568006,10771.0,CALL FIRST,f,USFS - check forest orders,USFS,0.34,126.0,37.918987,-107.651011,11862.0,,,GNIS,187252,,
WF0109,waterfall,Grotto Falls,39.948483,-111.6774208,6533.0,CALL FIRST,f,USFS - check forest orders,USFS,4.15,51.0,39.991733,-111.607214,8703.0,,,OSM,,node/12329120606,
WF0110,waterfall,Grouse Hollow Falls,40.407341,-105.266957,6043.0,CALL FIRST,f,USFS - check forest orders,USFS,10.05,175.0,40.240273,-105.248645,5659.0,,,OSM,,node/3508700976,
WF0111,waterfall,Grove Creek Falls,40.377122,-111.7069807,5359.0,OTHER,,Private,PVT,5.37,208.0,40.298007,-111.761953,4498.0,,,OSM,,node/494670804,
WF0112,waterfall,Havasu Falls,36.255206,-112.697854,2840.0,NO-LAND,c,Tribal land - tribal permission required,BIA,9.59,348.0,36.411903,-112.738568,5635.0,28.0,Within 15 nm of Grand Canyon NP: check the Grand Canyon SFRA on the Grand Canyon VFR chart,GNIS+OSM,44804,node/602137131,en:Havasu Falls
WF0113,waterfall,Hayes Creek Falls,39.158745,-107.25185,7420.0,CALL FIRST,f,USFS - check forest orders,USFS,8.44,206.0,39.032378,-107.331635,8013.0,,,GNIS+OSM,175187,node/493642426,
WF0114,waterfall,Helen Hunt Falls,38.7887673,-104.9036207,7306.0,OTHER,,Private,PVT,2.15,353.0,38.824382,-104.909523,7732.0,,,GNIS+OSM,193415,node/429675124,
WF0116,waterfall,Hidden Falls,40.6354532,-111.723785,6384.0,CALL FIRST,f,USFS - check forest orders,USFS,4.32,221.0,40.581343,-111.786314,6018.0,,,GNIS+OSM,1441738,node/485494176,
WF0115,waterfall,Hidden Falls,40.201516,-105.5757353,8745.0,NO-LAND,a,Wilderness,NPS,7.65,25.0,40.316994,-105.50488,8820.0,,"FAA AC 91-36D: pilots asked to stay >= 2,000 ft AGL over NPS, wilderness and refuges",OSM,,node/3926385488,
WF0117,waterfall,Hill,38.7814878,-104.8799424,6597.0,OTHER,,Private,PVT,2.92,332.0,38.824382,-104.909523,7732.0,,,OSM,,node/10247971371,
WF0118,waterfall,Horseshoe Falls,40.4118624,-105.6347403,8696.0,NO-LAND,a,Wilderness,NPS,5.27,134.0,40.350777,-105.552046,8688.0,,"FAA AC 91-36D: pilots asked to stay >= 2,000 ft AGL over NPS, wilderness and refuges",GNIS+OSM,177593,node/1837555160,
WF0119,waterfall,Horsetail Falls,40.4988108,-111.727469,7152.0,NO-LAND,a,Wilderness,USFS,4.42,295.0,40.529652,-111.81513,5998.0,,"FAA AC 91-36D: pilots asked to stay >= 2,000 ft AGL over NPS, wilderness and refuges",OSM,,node/3495699751,
WF0120,waterfall,Horsetooth Falls,40.5329362,-105.1806371,5916.0,OTHER,,Private,PVT,9.05,3.0,40.68376,-105.171544,5389.0,,,OSM,,node/3980092491,
WF0121,waterfall,Hull,38.7814175,-104.8801171,6639.0,OTHER,,Private,PVT,2.92,332.0,38.824382,-104.909523,7732.0,,,OSM,,node/10241607689,
WF0122,waterfall,Hyde Park Falls,35.7360505,-105.830966,8756.0,CALL FIRST,f,USFS - check forest orders,USFS,5.09,214.0,35.665693,-105.889429,7913.0,,,OSM,,node/7331041082,
WF0123,waterfall,Indian Creek Fall,38.2126816,-109.6785222,4644.0,LANDABLE,g,BLM land,BLM,0.0,,38.212682,-109.678522,4644.0,,,OSM,,node/3536941467,
WF0124,waterfall,Ingram Falls,37.9225975,-107.7615546,10990.0,CALL FIRST,f,USFS - check forest orders,USFS,3.74,107.0,37.904497,-107.686238,12026.0,,,GNIS,187147,,
WF0125,waterfall,Jackson Falls,38.0246199,-116.4674348,7552.0,NO-LAND,b,Wilderness Study Area,BLM,0.6,34.0,38.032834,-116.46034,7161.0,,,GNIS,841349,,
WF0126,waterfall,Jaguar Canyon Water Falls,31.7870484,-111.5742959,4950.0,NO-GO,,Fish & Wildlife Service refuge,FWS,2.08,210.0,31.756917,-111.594447,5247.0,,"FAA AC 91-36D: pilots asked to stay >= 2,000 ft AGL over NPS, wilderness and refuges",OSM,,node/6264465857,
WF0127,waterfall,Jemez Falls,35.8124773,-106.6069101,7807.0,CALL FIRST,f,USFS - check forest orders,USFS,11.49,142.0,35.660312,-106.463734,6618.0,21.0,,GNIS+OSM,907344,node/7350571284,en:Jemez Falls
WF0128,waterfall,Jhus Falls,31.972004,-109.2365172,5429.0,CALL FIRST,f,USFS - check forest orders,USFS,1.56,126.0,31.956691,-109.211684,5322.0,,,OSM,,node/2179315100,
WF0129,waterfall,Johns Canyon Waterfall,37.2742463,-109.9983631,5205.0,LANDABLE,g,BLM land,BLM,0.0,,37.274246,-109.998363,5205.0,,,OSM,,node/1833979133,
WF0130,waterfall,Judd Falls,38.9595887,-106.9788457,9774.0,CALL FIRST,f,USFS - check forest orders,USFS,3.45,222.0,38.916997,-107.028526,9519.0,,,GNIS+OSM,188776,node/663269932,
WF0131,waterfall,Jumbo Falls,39.3303058,-119.6923274,6005.0,LANDABLE,g,BLM land,BLM,0.0,,39.330306,-119.692327,6005.0,,,GNIS+OSM,841433,node/8780389265,
WF0132,waterfall,Lake Creek Waterfall,37.6417641,-112.9098011,7638.0,NO-LAND,a,Wilderness,USFS,0.94,297.0,37.648931,-112.927403,8331.0,,"FAA AC 91-36D: pilots asked to stay >= 2,000 ft AGL over NPS, wilderness and refuges",OSM,,node/9945985241,
WF0133,waterfall,Lee Gulch,39.5830942,-104.9981305,5468.0,OTHER,,Private,PVT,15.98,244.0,39.465462,-105.307011,8037.0,,,OSM,,way/474414548,
WF0134,waterfall,Lisa Falls,40.573923,-111.727628,6678.0,OTHER,,Private,PVT,2.72,278.0,40.580372,-111.786453,5924.0,,,GNIS+OSM,1435866,node/9753448379,
WF0135,waterfall,Little Deer Creek Falls,40.6217123,-110.8926134,8295.0,CALL FIRST,f,USFS - check forest orders,USFS,14.81,326.0,40.826085,-111.074813,9459.0,,,OSM,,node/9813336412,
WF0136,waterfall,Little Falls,36.2554542,-115.6563863,8320.0,CALL FIRST,f,USFS - check forest orders,USFS,5.86,215.0,36.174883,-115.724973,5806.0,,,GNIS+OSM,860361,node/13250308428,
WF0137,waterfall,Lost Creek Falls,40.3499758,-111.6107581,6153.0,NO-LAND,a,Wilderness,USFS,7.14,60.0,40.408862,-111.475396,5442.0,,"FAA AC 91-36D: pilots asked to stay >= 2,000 ft AGL over NPS, wilderness and refuges",OSM,,node/6689623122,
WF0138,waterfall,Lost Falls,40.503667,-105.5662285,9914.0,NO-LAND,a,Wilderness,NPS,9.19,176.0,40.350777,-105.552046,8688.0,,"FAA AC 91-36D: pilots asked to stay >= 2,000 ft AGL over NPS, wilderness and refuges",GNIS+OSM,204925,node/5067627708,
WF0139,waterfall,Lower Bells Canyon Waterfall,40.5610875,-111.7703336,6715.0,NO-LAND,a,Wilderness,USFS,1.37,327.0,40.580372,-111.786453,5924.0,,"FAA AC 91-36D: pilots asked to stay >= 2,000 ft AGL over NPS, wilderness and refuges",OSM,,node/2354339859,
WF0140,waterfall,Lower Calf Creek Falls,37.8293072,-111.4204208,5665.0,NO-LAND,b,Wilderness Study Area,BLM,1.69,2.0,37.857512,-111.419041,6241.0,,,GNIS+OSM,1429974,node/490737705,en:Calf Creek Falls
WF0141,waterfall,Lower Cave Creek Falls,31.8574396,-109.2554669,6791.0,NO-LAND,a,Wilderness,USFS,5.81,37.0,31.934479,-109.186257,5382.0,,"FAA AC 91-36D: pilots asked to stay >= 2,000 ft AGL over NPS, wilderness and refuges",OSM,,node/3210098732,
WF0142,waterfall,Lower Copeland Falls,40.2048462,-105.5709263,8542.0,NO-LAND,a,Wilderness,NPS,7.38,24.0,40.316994,-105.50488,8820.0,,"FAA AC 91-36D: pilots asked to stay >= 2,000 ft AGL over NPS, wilderness and refuges",OSM,,node/800561793,
WF0143,waterfall,Lower Disaster Falls,40.643852,-108.9328947,5248.0,NO-GO,,National Park Service,NPS,1.61,270.0,40.64392,-108.968098,6643.0,,"FAA AC 91-36D: pilots asked to stay >= 2,000 ft AGL over NPS, wilderness and refuges",GNIS,170540,,
WF0144,waterfall,Lower Frijoles Falls,35.7607113,-106.2586065,5715.0,NO-LAND,a,Wilderness,NPS,6.08,63.0,35.806437,-106.147456,5746.0,,"FAA AC 91-36D: pilots asked to stay >= 2,000 ft AGL over NPS, wilderness and refuges",GNIS+OSM,908274,node/4715912950,
WF0145,waterfall,Lower Ingram Falls,37.9226485,-107.7617864,10880.0,CALL FIRST,f,USFS - check forest orders,USFS,3.75,107.0,37.904497,-107.686238,12026.0,,,OSM,,node/586010680,
WF0146,waterfall,Lower Jump,38.1941573,-109.7885089,4702.0,NO-GO,,National Park Service,NPS,0.51,54.0,38.199155,-109.779833,4865.0,,"FAA AC 91-36D: pilots asked to stay >= 2,000 ft AGL over NPS, wilderness and refuges",GNIS+OSM,1454625,node/3548393373,
WF0147,waterfall,Lower Kanarra Falls,37.537703,-113.1526067,6144.0,CALL FIRST,e,State land - state land office permission,ST,0.48,89.0,37.537846,-113.142459,7381.0,,,OSM,,node/1833434208,
WF0148,waterfall,Lower King's Canyon Waterfall,39.1551216,-119.8180677,5650.0,OTHER,,Private,PVT,2.74,136.0,39.122087,-119.777455,4917.0,,,OSM,,node/7907197885,
WF0149,waterfall,Lower Pine Creek Waterfall,37.2167611,-112.9602424,4199.0,NO-GO,,National Park Service,NPS,4.03,214.0,37.160675,-113.006684,3866.0,,"FAA AC 91-36D: pilots asked to stay >= 2,000 ft AGL over NPS, wilderness and refuges",OSM,,node/10096712825,
WF0150,waterfall,Lower Provo River Falls,40.6565389,-110.9461407,9290.0,CALL FIRST,f,USFS - check forest orders,USFS,11.74,330.0,40.826085,-111.074813,9459.0,,,OSM,,node/434958790,
WF0151,waterfall,Lower Twin Falls,36.8644448,-109.1176338,6326.0,NO-LAND,c,Tribal land - tribal permission required,BIA,23.52,17.0,37.240412,-108.97718,5348.0,38.0,,OSM,,node/13265033224,
WF0152,waterfall,Lower Twin Falls,37.9857869,-107.7627851,11099.0,OTHER,,Private,PVT,5.14,34.0,38.056867,-107.70202,8378.0,,,OSM,,node/8203430159,
WF0153,waterfall,Lower Waterfall,38.2904525,-111.271904,5599.0,NO-GO,,National Park Service,NPS,1.4,270.0,38.290488,-111.301577,6615.0,,"FAA AC 91-36D: pilots asked to stay >= 2,000 ft AGL over NPS, wilderness and refuges",OSM,,node/1560451639,
WF0154,waterfall,Lyric Falls,40.2242195,-105.5963499,10187.0,NO-LAND,a,Wilderness,NPS,6.91,20.0,40.332441,-105.544808,9507.0,,"FAA AC 91-36D: pilots asked to stay >= 2,000 ft AGL over NPS, wilderness and refuges",GNIS+OSM,178230,node/4396389695,
WF0155,waterfall,MacGregor Falls,40.4103479,-105.5611529,8380.0,NO-LAND,a,Wilderness,NPS,3.6,173.0,40.350777,-105.552046,8688.0,,"FAA AC 91-36D: pilots asked to stay >= 2,000 ft AGL over NPS, wilderness and refuges",OSM,,node/3117799049,
WF0156,waterfall,Macey Falls,38.0044442,-105.5677852,11321.0,NO-LAND,a,Wilderness,USFS,2.51,52.0,38.030394,-105.526158,9528.0,,"FAA AC 91-36D: pilots asked to stay >= 2,000 ft AGL over NPS, wilderness and refuges",GNIS,192292,,
WF0157,waterfall,Marguerite Falls,40.3396978,-105.6747328,9431.0,NO-LAND,a,Wilderness,NPS,5.63,89.0,40.341122,-105.551988,8959.0,,"FAA AC 91-36D: pilots asked to stay >= 2,000 ft AGL over NPS, wilderness and refuges",GNIS+OSM,177815,node/12177706111,
WF0158,waterfall,Marshall Falls,39.483259,-117.0845345,6414.0,CALL FIRST,f,USFS - check forest orders,USFS,0.33,27.0,39.488241,-117.081289,6555.0,,,GNIS,846893,,
WF0159,waterfall,Mary Jane Falls,36.2797,-115.6720575,9027.0,CALL FIRST,f,USFS - check forest orders,USFS,6.09,270.0,36.278772,-115.797548,6180.0,,,GNIS+OSM,860491,node/12912943644,
WF0160,waterfall,Massacre Falls,33.4504259,-111.4435703,3208.0,NO-LAND,a,Wilderness,USFS,2.05,297.0,33.465957,-111.480061,2060.0,,"FAA AC 91-36D: pilots asked to stay >= 2,000 ft AGL over NPS, wilderness and refuges",OSM,,node/3913961438,
WF0161,waterfall,Maxwell Falls,39.5688293,-105.3774238,8192.0,CALL FIRST,f,USFS - check forest orders,USFS,2.5,266.0,39.566048,-105.431078,9643.0,,,OSM,,node/1860740924,
WF0162,waterfall,McElmo Falls,37.3193987,-108.6158967,5888.0,OTHER,,Private,PVT,1.87,270.0,37.319352,-108.655065,5980.0,,,GNIS,179043,,
WF0163,waterfall,Medieval Chamber,38.592614,-109.508172,4494.0,LANDABLE,g,BLM land,BLM,0.0,,38.592614,-109.508172,4494.0,,,OSM,,node/10691791545,
WF0164,waterfall,Menu Falls,37.2801374,-112.9437657,4491.0,NO-GO,,National Park Service,NPS,2.24,65.0,37.296002,-112.901293,6493.0,,"FAA AC 91-36D: pilots asked to stay >= 2,000 ft AGL over NPS, wilderness and refuges",OSM,,node/5840577185,
WF0165,waterfall,Merkley Drop,40.4832892,-109.8998721,6200.0,NO-LAND,c,Tribal land - tribal permission required,BIA,4.29,36.0,40.541125,-109.844792,7049.0,,,GNIS,1430231,,
WF0166,waterfall,Mertensia Falls,40.2129577,-105.6408377,10351.0,NO-LAND,a,Wilderness,NPS,8.41,32.0,40.332441,-105.544808,9507.0,,"FAA AC 91-36D: pilots asked to stay >= 2,000 ft AGL over NPS, wilderness and refuges",GNIS+OSM,178184,node/5046430421,
WF0167,waterfall,Middle Provo River Falls,40.6568454,-110.9462862,9297.0,CALL FIRST,f,USFS - check forest orders,USFS,11.72,330.0,40.826085,-111.074813,9459.0,,,OSM,,node/5779633743,
WF0168,waterfall,Middle Waterfall,38.294328,-111.2919337,5810.0,NO-GO,,National Park Service,NPS,0.5,246.0,38.29087,-111.301576,6610.0,,"FAA AC 91-36D: pilots asked to stay >= 2,000 ft AGL over NPS, wilderness and refuges",OSM,,node/9984315249,
WF0169,waterfall,Milky Falls,39.2435955,-111.5220427,8377.0,CALL FIRST,f,USFS - check forest orders,USFS,8.36,234.0,39.161442,-111.666937,6666.0,,,GNIS+OSM,1443395,node/9917768246,
WF0170,waterfall,Mille Creek Falls (Left Hand),38.564408,-109.5036027,4325.0,LANDABLE,g,BLM land,BLM,0.0,,38.564408,-109.503603,4325.0,,,OSM,,node/9947875300,
WF0171,waterfall,Minnehaha Waters,34.2019738,-112.4226687,4882.0,CALL FIRST,f,USFS - check forest orders,USFS,2.65,180.0,34.157675,-112.422684,5033.0,,,GNIS,31926,,
WF0172,waterfall,Missouri Falls,39.8241544,-105.5091638,8606.0,OTHER,,Private,PVT,0.0,354.0,39.824164,-105.509165,8606.0,,,GNIS,181500,,
WF0173,waterfall,Monet Waterfall,40.4335173,-111.9126897,4504.0,OTHER,,Private,PVT,2.85,211.0,40.39295,-111.944956,4793.0,,,OSM,,node/1355497217,
WF0174,waterfall,Mooney Falls,36.2631804,-112.7085797,2684.0,NO-LAND,c,Tribal land - tribal permission required,BIA,9.03,351.0,36.411903,-112.738568,5635.0,,Within 15 nm of Grand Canyon NP: check the Grand Canyon SFRA on the Grand Canyon VFR chart,GNIS+OSM,8258,node/601364643,
WF0175,waterfall,Morgan Creek Falls,40.5456675,-107.2046435,6697.0,OTHER,,Private,PVT,3.06,339.0,40.593265,-107.22866,6823.0,,,GNIS,171263,,
WF0176,waterfall,Moss Ledge Waterfall,40.6352565,-111.711751,6671.0,CALL FIRST,f,USFS - check forest orders,USFS,4.7,227.0,40.581343,-111.786314,6018.0,,,OSM,,node/5900602887,
WF0177,waterfall,Mystery Canyon Falls,37.2993433,-112.9443653,4600.0,NO-GO,,National Park Service,NPS,2.06,90.0,37.299233,-112.90128,6507.0,40.0,"FAA AC 91-36D: pilots asked to stay >= 2,000 ft AGL over NPS, wilderness and refuges",OSM,,node/4511601065,
WF0178,waterfall,Nambe Falls,35.8455831,-105.9064096,6745.0,NO-LAND,c,Tribal land - tribal permission required,BIA,2.33,0.0,35.884453,-105.906339,7213.0,,,GNIS,928761,,
WF0179,waterfall,Navajo Falls,36.2494604,-112.6969359,3061.0,NO-LAND,c,Tribal land - tribal permission required,BIA,9.94,348.0,36.411903,-112.738568,5635.0,,Within 15 nm of Grand Canyon NP: check the Grand Canyon SFRA on the Grand Canyon VFR chart,GNIS+OSM,8531,node/1558634919,
WF0180,waterfall,North Clear Creek Falls,37.8494833,-107.1504554,9994.0,CALL FIRST,f,USFS - check forest orders,USFS,6.82,319.0,37.934893,-107.245284,11619.0,,,GNIS+OSM,186995,node/594149185,
WF0181,waterfall,North Fork Falls,31.8903204,-109.2624123,7480.0,NO-LAND,a,Wilderness,USFS,4.38,36.0,31.949308,-109.211732,5391.0,,"FAA AC 91-36D: pilots asked to stay >= 2,000 ft AGL over NPS, wilderness and refuges",OSM,,node/1703809830,
WF0182,waterfall,North Inlet Falls,40.279023,-105.7211594,9491.0,NO-LAND,a,Wilderness,NPS,7.48,253.0,40.242516,-105.8769,8651.0,,"FAA AC 91-36D: pilots asked to stay >= 2,000 ft AGL over NPS, wilderness and refuges",OSM,,node/485977289,
WF0183,waterfall,On-Off Falls,40.5646987,-109.0598514,5362.0,NO-GO,,National Park Service,NPS,1.0,243.0,40.557214,-109.079301,6083.0,,"FAA AC 91-36D: pilots asked to stay >= 2,000 ft AGL over NPS, wilderness and refuges",OSM,,node/412054547,
WF0184,waterfall,Ouzel Falls,40.1988316,-105.6005126,9467.0,NO-LAND,a,Wilderness,NPS,8.34,32.0,40.316994,-105.50488,8820.0,,"FAA AC 91-36D: pilots asked to stay >= 2,000 ft AGL over NPS, wilderness and refuges",GNIS+OSM,178223,node/1853002993,
WF0185,waterfall,Pearce Ferry Rapid,36.1316328,-113.9888855,1122.0,NO-GO,,National Park Service,NPS,6.39,180.0,36.025063,-113.988848,2881.0,,"FAA AC 91-36D: pilots asked to stay >= 2,000 ft AGL over NPS, wilderness and refuges | Within 15 nm of Grand Canyon NP: check the Grand Canyon SFRA on the Grand Canyon VFR chart",OSM,,node/5110076863,
WF0186,waterfall,Pecos Falls,35.9367697,-105.5580447,10452.0,NO-LAND,a,Wilderness,USFS,15.64,279.0,35.978348,-105.875068,7199.0,25.0,"FAA AC 91-36D: pilots asked to stay >= 2,000 ft AGL over NPS, wilderness and refuges",GNIS+OSM,909532,node/7724619503,
WF0187,waterfall,Petrero Waterfall,36.4069621,-106.2058579,7531.0,CALL FIRST,f,USFS - check forest orders,USFS,3.32,141.0,36.363765,-106.163065,7451.0,,,GNIS,913977,,
WF0188,waterfall,Phoenix Park Waterfall,37.929972,-106.8949556,10740.0,CALL FIRST,f,USFS - check forest orders,USFS,10.48,333.0,38.084989,-106.997043,9898.0,,,OSM,,node/590672556,
WF0189,waterfall,Piedra Falls,37.4834481,-107.0953418,8405.0,NO-LAND,a,Wilderness,USFS,10.98,172.0,37.301774,-107.064949,7843.0,,"FAA AC 91-36D: pilots asked to stay >= 2,000 ft AGL over NPS, wilderness and refuges",GNIS+OSM,184150,node/5872544225,
WF0190,waterfall,Pine Canyon Falls,31.9135482,-109.3036771,6818.0,CALL FIRST,f,USFS - check forest orders,USFS,5.16,65.0,31.949308,-109.211732,5391.0,9.0,,OSM,,node/2006154616,
WF0191,waterfall,Poudre Falls,40.6483142,-105.8133416,8618.0,CALL FIRST,f,USFS - check forest orders,USFS,13.2,237.0,40.529042,-106.056058,9038.0,,,GNIS,177083,,
WF0192,waterfall,Provo River Falls,40.6566128,-110.945448,9304.0,CALL FIRST,f,USFS - check forest orders,USFS,11.75,330.0,40.826085,-111.074813,9459.0,,,GNIS,1444669,,
WF0193,waterfall,Quemado Falls,35.9837818,-105.6523124,11103.0,NO-LAND,a,Wilderness,USFS,10.85,269.0,35.981894,-105.875099,6760.0,10.0,"FAA AC 91-36D: pilots asked to stay >= 2,000 ft AGL over NPS, wilderness and refuges",OSM,,node/11999534278,
WF0194,waterfall,R2 - Bolted Rappel Anchor: 6 ft.,37.3121535,-113.0484268,5446.0,NO-LAND,a,Wilderness,NPS,2.88,270.0,37.311848,-113.108531,5890.0,,"FAA AC 91-36D: pilots asked to stay >= 2,000 ft AGL over NPS, wilderness and refuges",OSM,,node/12080452709,
WF0195,waterfall,R3 - Keyhole Falls - Bolted Rappel Anchor: 10 ft.,37.310545,-113.0513151,5413.0,NO-LAND,a,Wilderness,NPS,2.74,270.0,37.310795,-113.108539,5900.0,,"FAA AC 91-36D: pilots asked to stay >= 2,000 ft AGL over NPS, wilderness and refuges",OSM,,node/11070140298,
WF0196,waterfall,Rainbow Falls,38.8702003,-104.9259699,6570.0,OTHER,,Private,PVT,1.33,203.0,38.84966,-104.936852,7462.0,,,GNIS+OSM,2496937,node/739146653,
WF0197,waterfall,Ramona,38.7808721,-104.8803697,6734.0,OTHER,,Private,PVT,2.94,332.0,38.824382,-104.909523,7732.0,,,OSM,,node/10241607679,
WF0198,waterfall,Rattlesnake Creek Waterfall,37.6411619,-112.9086371,7654.0,NO-LAND,a,Wilderness,USFS,1.01,298.0,37.648931,-112.927403,8331.0,,"FAA AC 91-36D: pilots asked to stay >= 2,000 ft AGL over NPS, wilderness and refuges",OSM,,node/9945857720,
WF0199,waterfall,Red Falls,37.1786194,-106.6767014,8825.0,OTHER,,Private,PVT,8.73,212.0,37.055075,-106.77314,8314.0,,,GNIS,196958,,
WF0201,waterfall,Ribbon Falls,40.267365,-105.6401428,10560.0,NO-LAND,a,Wilderness,NPS,5.86,48.0,40.332441,-105.544808,9507.0,,"FAA AC 91-36D: pilots asked to stay >= 2,000 ft AGL over NPS, wilderness and refuges",GNIS+OSM,204965,node/1837579983,
WF0200,waterfall,Ribbon Falls,36.1594565,-112.0556093,3933.0,NO-GO,,National Park Service,NPS,14.93,232.0,36.006514,-112.297951,6166.0,,"FAA AC 91-36D: pilots asked to stay >= 2,000 ft AGL over NPS, wilderness and refuges | Inside Grand Canyon NP: Grand Canyon SFRA rules apply (14 CFR 93 Subpart U)",GNIS+OSM,10245,node/1392671449,en:North Kaibab Trail
WF0202,waterfall,Rifle Falls,39.6777381,-107.6986499,6552.0,OTHER,,Local government,LG,0.21,89.0,39.677796,-107.694147,6928.0,,,GNIS+OSM,173912,node/11107792408,
WF0203,waterfall,Rio Quemado Falls,35.9837736,-105.6521665,11155.0,NO-LAND,a,Wilderness,USFS,10.86,269.0,35.981885,-105.875099,6760.0,,"FAA AC 91-36D: pilots asked to stay >= 2,000 ft AGL over NPS, wilderness and refuges",GNIS,901741,,
WF0204,waterfall,Rio en Medio Falls,35.8188336,-105.8645098,7879.0,CALL FIRST,f,USFS - check forest orders,USFS,4.17,341.0,35.884442,-105.892792,7397.0,50.0,,OSM,,node/6544167065,
WF0205,waterfall,Rocky Mouth Canyon Waterfall,40.5430935,-111.8036251,5392.0,CALL FIRST,f,USFS - check forest orders,USFS,0.79,222.0,40.533302,-111.815198,5563.0,,,OSM,,node/9025317168,
WF0206,waterfall,Ryks Waterfall,39.1024401,-106.677249,9899.0,CALL FIRST,f,USFS - check forest orders,USFS,14.15,323.0,39.291277,-106.859249,7916.0,,,OSM,,node/9168212581,
WF0207,waterfall,Saguache Falls,37.9416644,-106.8028202,10806.0,NO-LAND,a,Wilderness,USFS,11.02,3.0,38.125189,-106.789095,9991.0,,"FAA AC 91-36D: pilots asked to stay >= 2,000 ft AGL over NPS, wilderness and refuges",GNIS,1947440,,
WF0208,waterfall,Saint Marys Falls,38.7708225,-104.9183068,8934.0,CALL FIRST,f,USFS - check forest orders,USFS,3.22,3.0,38.824391,-104.914144,8177.0,,,GNIS,193405,,
WF0209,waterfall,Salt Creek Canyon Falls,39.8027917,-111.731963,7094.0,CALL FIRST,f,USFS - check forest orders,USFS,4.72,180.0,39.724008,-111.732219,5970.0,,,OSM,,node/11265639908,
WF0210,waterfall,Salto Del Agua Waterfall,36.5324061,-105.5376965,8348.0,OTHER,,Private,PVT,7.01,286.0,36.564282,-105.677133,7174.0,,,OSM,,node/13250632801,
WF0211,waterfall,Sardine Falls,33.1916616,-109.2756944,4280.0,CALL FIRST,f,USFS - check forest orders,USFS,0.74,180.0,33.179357,-109.275744,4520.0,,,GNIS+OSM,34087,node/2006154611,
WF0212,waterfall,Scorpion Falls,38.7090704,-111.0458742,5531.0,NO-LAND,a,Wilderness,BLM,1.01,268.0,38.70836,-111.0673,5996.0,,"FAA AC 91-36D: pilots asked to stay >= 2,000 ft AGL over NPS, wilderness and refuges",OSM,,node/12437737996,
WF0213,waterfall,Scout Falls,40.4171343,-111.6395107,8241.0,NO-LAND,a,Wilderness,USFS,6.9,81.0,40.43417,-111.490657,5499.0,,"FAA AC 91-36D: pilots asked to stay >= 2,000 ft AGL over NPS, wilderness and refuges",GNIS+OSM,1445389,node/5768662007,
WF0214,waterfall,Seven Cataracts,32.36202,-110.7264783,5169.0,NO-LAND,a,Wilderness,USFS,7.84,184.0,32.231528,-110.738547,2704.0,,"FAA AC 91-36D: pilots asked to stay >= 2,000 ft AGL over NPS, wilderness and refuges",GNIS,34272,,
WF0215,waterfall,Seven Catarcts,32.364254,-110.726299,5447.0,NO-LAND,a,Wilderness,USFS,7.97,184.0,32.231528,-110.738547,2704.0,,"FAA AC 91-36D: pilots asked to stay >= 2,000 ft AGL over NPS, wilderness and refuges",OSM,,node/3401381229,
WF0217,waterfall,Seven Falls,38.7788796,-104.8799735,6878.0,OTHER,,Private,PVT,3.06,333.0,38.824382,-104.909523,7732.0,,,GNIS,193411,,
WF0216,waterfall,Seven Falls,32.3279216,-110.7712131,3392.0,NO-LAND,a,Wilderness,USFS,5.98,165.0,32.23154,-110.740218,2702.0,10.67,"FAA AC 91-36D: pilots asked to stay >= 2,000 ft AGL over NPS, wilderness and refuges",OSM,,node/2277670183,
WF0218,waterfall,Sheila Falls,31.9069668,-109.2654169,7284.0,CALL FIRST,f,USFS - check forest orders,USFS,3.73,47.0,31.949308,-109.211732,5391.0,,,OSM,,node/3749370810,
WF0219,waterfall,Shorty,38.7813352,-104.8801654,6683.0,OTHER,,Private,PVT,2.92,332.0,38.824382,-104.909523,7732.0,,,OSM,,node/10241607687,
WF0220,waterfall,Silver Cascade Falls,38.7866614,-104.9063417,7616.0,OTHER,,Local government,LG,2.27,356.0,38.824382,-104.909523,7732.0,,,GNIS,193414,,
WF0221,waterfall,Silver Falls,37.4219497,-106.4492034,10828.0,CALL FIRST,f,USFS - check forest orders,USFS,6.32,115.0,37.377105,-106.329672,9156.0,,,GNIS,190962,,
WF0222,waterfall,Sitting Bull Falls,32.2432632,-104.6973561,4830.0,CALL FIRST,f,USFS - check forest orders,USFS,1.46,360.0,32.267727,-104.697481,4925.0,,,GNIS,911096,,
WF0223,waterfall,Smith Ditch Falls No. 2,40.3313868,-111.610097,5671.0,CALL FIRST,f,USFS - check forest orders,USFS,6.82,236.0,40.267951,-111.733411,4497.0,,,OSM,,node/6865719137,
WF0224,waterfall,Smith Ditch Falls No.1,40.3297464,-111.6107541,5820.0,CALL FIRST,f,USFS - check forest orders,USFS,6.74,237.0,40.267951,-111.733411,4497.0,,,OSM,,node/6865719108,
WF0225,waterfall,Smooth Rock Falls,40.6003555,-110.9676286,8376.0,CALL FIRST,f,USFS - check forest orders,USFS,11.47,273.0,40.610326,-111.218197,7617.0,,,GNIS,1432580,,
WF0226,waterfall,Snake River Falls,39.6403601,-105.8816941,10589.0,CALL FIRST,f,USFS - check forest orders,USFS,16.18,352.0,39.907818,-105.928814,10760.0,,,GNIS,181811,,
WF0227,waterfall,Sneffels Creek Falls,37.9831901,-107.7622671,10888.0,OTHER,,Private,PVT,5.26,33.0,38.056867,-107.70202,8378.0,,,OSM,,node/8203430151,
WF0228,waterfall,Snyder Falls,39.0696072,-106.4442625,9735.0,CALL FIRST,f,USFS - check forest orders,USFS,5.33,93.0,39.065478,-106.330284,9937.0,,,GNIS,180396,,
WF0229,waterfall,South Clear Creek Falls,37.825616,-107.1563163,9705.0,CALL FIRST,f,USFS - check forest orders,USFS,7.79,327.0,37.934893,-107.245284,11619.0,,,GNIS+OSM,187008,node/590490804,
WF0230,waterfall,South Fork Falls,39.8338702,-107.3875561,8675.0,NO-LAND,a,Wilderness,USFS,7.86,288.0,39.87434,-107.549306,7794.0,,"FAA AC 91-36D: pilots asked to stay >= 2,000 ft AGL over NPS, wilderness and refuges",GNIS,173821,,
WF0231,waterfall,Stewart Falls,40.3861693,-111.6046342,6868.0,NO-LAND,a,Wilderness,USFS,5.96,61.0,40.43417,-111.490657,5499.0,,"FAA AC 91-36D: pilots asked to stay >= 2,000 ft AGL over NPS, wilderness and refuges",OSM,,node/3733856567,
WF0232,waterfall,Stewarts Cascades,40.3863433,-111.6038077,6800.0,NO-LAND,a,Wilderness,USFS,5.93,61.0,40.43417,-111.490657,5499.0,,"FAA AC 91-36D: pilots asked to stay >= 2,000 ft AGL over NPS, wilderness and refuges",GNIS,1446145,,
WF0233,waterfall,Stonewall Fall,37.5403132,-117.0652995,5560.0,LANDABLE,g,BLM land,BLM,0.0,,37.540313,-117.0653,5560.0,,,OSM,,node/13081432467,
WF0234,waterfall,Swiss Cheese Falls,37.4154504,-111.0334569,4010.0,NO-GO,,National Park Service,NPS,1.01,180.0,37.398647,-111.033444,4691.0,,"FAA AC 91-36D: pilots asked to stay >= 2,000 ft AGL over NPS, wilderness and refuges",OSM,,node/582462951,
WF0235,waterfall,Sycamore Falls,35.1387826,-112.0257084,6490.0,CALL FIRST,f,USFS - check forest orders,USFS,22.47,284.0,35.230059,-112.468859,5151.0,,,OSM,,node/4964052894,
WF0236,waterfall,Tanque Verde Falls,32.2541904,-110.6564631,3027.0,CALL FIRST,f,USFS - check forest orders,USFS,3.73,242.0,32.22456,-110.720942,2731.0,,,GNIS+OSM,35369,node/3400910773,
WF0237,waterfall,The Chutes,39.3800909,-105.170399,6176.0,CALL FIRST,f,USFS - check forest orders,USFS,8.03,308.0,39.461795,-105.30718,8369.0,,,OSM,,node/529784019,
WF0241,waterfall,The Falls,38.7727738,-106.0625152,7987.0,OTHER,,Private,PVT,0.0,90.0,38.772773,-106.062438,7962.0,,,GNIS,1802947,,
WF0240,waterfall,The Falls,37.291171,-112.492431,6224.0,OTHER,,Private,PVT,0.11,270.0,37.291168,-112.494825,6243.0,,,GNIS+OSM,1433306,node/2006154612,
WF0239,waterfall,The Falls,35.2078092,-108.4431291,7323.0,OTHER,,Private,PVT,12.22,46.0,35.349957,-108.264812,7658.0,,,GNIS,911633,,
WF0238,waterfall,The Falls,34.458638,-111.786537,2920.0,CALL FIRST,f,USFS - check forest orders,USFS,16.93,270.0,34.458386,-112.127758,4264.0,,,GNIS,35221,,
WF0242,waterfall,The Thumb Pour Off,37.4572195,-110.0201299,5546.0,NO-LAND,b,Wilderness Study Area,BLM,1.86,106.0,37.448572,-109.982731,6303.0,,,GNIS,1436493,,
WF0243,waterfall,Thousand Falls,40.4103522,-105.6654009,9226.0,NO-LAND,a,Wilderness,NPS,6.31,124.0,40.350777,-105.552046,8688.0,,"FAA AC 91-36D: pilots asked to stay >= 2,000 ft AGL over NPS, wilderness and refuges",GNIS+OSM,177591,node/1837555235,
WF0244,waterfall,Thunder Falls,40.2274432,-105.638515,10953.0,NO-LAND,a,Wilderness,NPS,7.63,34.0,40.332441,-105.544808,9507.0,,"FAA AC 91-36D: pilots asked to stay >= 2,000 ft AGL over NPS, wilderness and refuges",GNIS+OSM,178181,node/5047082330,
WF0245,waterfall,Thunder River Falls,36.3961039,-112.4585411,3372.0,NO-GO,,National Park Service,NPS,13.6,274.0,36.411903,-112.738568,5635.0,,"FAA AC 91-36D: pilots asked to stay >= 2,000 ft AGL over NPS, wilderness and refuges | Inside Grand Canyon NP: Grand Canyon SFRA rules apply (14 CFR 93 Subpart U)",OSM,,node/7635563583,
WF0247,waterfall,Timberline Falls,40.2830021,-105.6649058,10730.0,NO-LAND,a,Wilderness,NPS,6.24,56.0,40.340738,-105.551916,9030.0,,"FAA AC 91-36D: pilots asked to stay >= 2,000 ft AGL over NPS, wilderness and refuges",GNIS+OSM,177856,node/4395407894,
WF0246,waterfall,Timberline Falls,40.1355412,-105.5597227,9231.0,CALL FIRST,f,USFS - check forest orders,USFS,4.51,153.0,40.068644,-105.514855,9215.0,,,GNIS,197779,,
WF0248,waterfall,Toquerville Falls,37.298627,-113.2470641,3737.0,LANDABLE,g,BLM land,BLM,0.0,,37.298627,-113.247064,3737.0,3.0,,OSM,,node/8593180903,
WF0250,waterfall,Travertine Falls,35.7559079,-113.4479644,1347.0,NO-LAND,c,Tribal land - tribal permission required,BIA,15.66,180.0,35.494439,-113.448433,4977.0,,Within 15 nm of Grand Canyon NP: check the Grand Canyon SFRA on the Grand Canyon VFR chart,GNIS+OSM,12694,node/2006154613,
WF0249,waterfall,Travertine Falls,35.0952002,-106.3938243,6803.0,NO-LAND,a,Wilderness,USFS,4.65,60.0,35.133641,-106.311808,6968.0,10.0,"FAA AC 91-36D: pilots asked to stay >= 2,000 ft AGL over NPS, wilderness and refuges",OSM,,node/3758752747,
WF0252,waterfall,Treasure Falls,38.0192365,-107.3621285,9025.0,OTHER,,Private,PVT,0.01,205.0,38.019144,-107.362182,8997.0,,,GNIS+OSM,188698,node/587391639,
WF0251,waterfall,Treasure Falls,37.4424476,-106.8743029,8351.0,CALL FIRST,f,USFS - check forest orders,USFS,8.88,211.0,37.315986,-106.971161,7257.0,32.0,,GNIS+OSM,190973,node/6429849555,en:Treasure Falls
WF0253,waterfall,Trinchera Falls,37.1664218,-104.0136602,5415.0,CALL FIRST,e,State land - state land office permission,ST,7.74,24.0,37.284595,-103.948443,5302.0,,,GNIS+OSM,194774,node/3538752518,
WF0254,waterfall,Trio Falls,40.236368,-105.6410949,11344.0,NO-LAND,a,Wilderness,NPS,7.26,37.0,40.332441,-105.544808,9507.0,,"FAA AC 91-36D: pilots asked to stay >= 2,000 ft AGL over NPS, wilderness and refuges",GNIS+OSM,178175,node/5047082382,
WF0255,waterfall,Triplet Falls,40.6046855,-108.949284,5180.0,NO-GO,,National Park Service,NPS,0.91,288.0,40.609499,-108.96822,7090.0,,"FAA AC 91-36D: pilots asked to stay >= 2,000 ft AGL over NPS, wilderness and refuges",GNIS,170606,,
WF0256,waterfall,Tropic Ditch Falls,37.665313,-112.114304,6908.0,NO-GO,,National Park Service,NPS,0.91,115.0,37.65898,-112.096951,6709.0,,"FAA AC 91-36D: pilots asked to stay >= 2,000 ft AGL over NPS, wilderness and refuges",OSM,,node/1024495194,
WF0257,waterfall,Twenty Six Foot Drop,39.4846384,-118.9034899,4020.0,OTHER,,Private,PVT,5.07,231.0,39.430831,-118.987622,4178.0,,,GNIS,850655,,
WF0258,waterfall,Twin Falls,38.6355356,-106.0556706,7337.0,LANDABLE,g,BLM land,BLM,0.0,,38.635536,-106.055671,7337.0,,,OSM,,node/4633189672,
WF0259,waterfall,Two Hundred and Fivemile Rapids,36.0069846,-113.3427778,1489.0,NO-GO,,National Park Service,NPS,18.33,292.0,36.122308,-113.691872,5990.0,,"FAA AC 91-36D: pilots asked to stay >= 2,000 ft AGL over NPS, wilderness and refuges | Within 15 nm of Grand Canyon NP: check the Grand Canyon SFRA on the Grand Canyon VFR chart",GNIS+OSM,12985,node/5607296870,
WF0260,waterfall,Upper Bells Canyon Waterfall,40.557941,-111.7608343,7666.0,NO-LAND,a,Wilderness,USFS,1.78,319.0,40.580372,-111.786453,5924.0,,"FAA AC 91-36D: pilots asked to stay >= 2,000 ft AGL over NPS, wilderness and refuges",OSM,,node/9015144487,
WF0261,waterfall,Upper Bridal Veil Falls,40.3387024,-111.6013464,5752.0,CALL FIRST,f,USFS - check forest orders,USFS,7.15,54.0,40.408862,-111.475396,5442.0,,,OSM,,node/2424574505,
WF0262,waterfall,Upper Calf Creek Falls,37.8550716,-111.4519377,5957.0,NO-LAND,b,Wilderness Study Area,BLM,1.13,25.0,37.872174,-111.441918,6582.0,,,GNIS+OSM,1433800,node/1436419741,
WF0263,waterfall,Upper Cave Creek Falls,31.8569218,-109.2572511,7148.0,NO-LAND,a,Wilderness,USFS,5.89,38.0,31.934479,-109.186257,5382.0,,"FAA AC 91-36D: pilots asked to stay >= 2,000 ft AGL over NPS, wilderness and refuges",OSM,,node/2300266626,
WF0264,waterfall,Upper Copeland Falls,40.2037075,-105.5726722,8587.0,NO-LAND,a,Wilderness,NPS,7.47,25.0,40.316994,-105.50488,8820.0,,"FAA AC 91-36D: pilots asked to stay >= 2,000 ft AGL over NPS, wilderness and refuges",OSM,,node/800561684,
WF0265,waterfall,Upper Disaster Falls,40.6502408,-108.9334504,5805.0,NO-GO,,National Park Service,NPS,1.49,294.0,40.660201,-108.963342,6839.0,,"FAA AC 91-36D: pilots asked to stay >= 2,000 ft AGL over NPS, wilderness and refuges",GNIS,170542,,
WF0266,waterfall,Upper East Turkey Creek Waterfall,31.9026408,-109.26489,7240.0,CALL FIRST,f,USFS - check forest orders,USFS,3.9,44.0,31.949308,-109.211732,5391.0,,,OSM,,node/1959956466,
WF0267,waterfall,Upper Falls,40.3441754,-111.590547,5560.0,OTHER,,Private,PVT,6.55,54.0,40.408862,-111.475396,5442.0,,,GNIS+OSM,1446860,node/6865719178,
WF0268,waterfall,Upper Frijoles Falls,35.7635518,-106.2596011,5736.0,NO-LAND,a,Wilderness,NPS,6.05,65.0,35.806437,-106.147456,5746.0,,"FAA AC 91-36D: pilots asked to stay >= 2,000 ft AGL over NPS, wilderness and refuges",GNIS+OSM,928833,node/4715912949,
WF0269,waterfall,Upper Ingram Falls,37.9223685,-107.761127,11019.0,CALL FIRST,f,USFS - check forest orders,USFS,3.71,107.0,37.904497,-107.686238,12026.0,,,OSM,,node/586010677,
WF0270,waterfall,Upper Jump,38.0416548,-109.7645685,5622.0,NO-GO,,National Park Service,NPS,2.33,190.0,38.003345,-109.773097,5934.0,,"FAA AC 91-36D: pilots asked to stay >= 2,000 ft AGL over NPS, wilderness and refuges",GNIS,1454631,,
WF0271,waterfall,Upper Lisa Falls,40.5785969,-111.723536,7729.0,NO-LAND,a,Wilderness,USFS,2.87,273.0,40.581343,-111.786314,6018.0,,"FAA AC 91-36D: pilots asked to stay >= 2,000 ft AGL over NPS, wilderness and refuges",OSM,,node/2328220787,
WF0272,waterfall,Upper Provo River Falls,40.6575423,-110.9466067,9341.0,CALL FIRST,f,USFS - check forest orders,USFS,11.68,330.0,40.826085,-111.074813,9459.0,,,OSM,,node/5757957371,
WF0273,waterfall,Upper Ribbon Falls,36.165755,-112.0603811,4283.0,NO-GO,,National Park Service,NPS,14.98,231.0,36.006514,-112.297951,6166.0,,"FAA AC 91-36D: pilots asked to stay >= 2,000 ft AGL over NPS, wilderness and refuges | Inside Grand Canyon NP: Grand Canyon SFRA rules apply (14 CFR 93 Subpart U)",OSM,,node/2006154665,
WF0274,waterfall,Upper Twin Falls,37.9867003,-107.764119,11209.0,CALL FIRST,f,USFS - check forest orders,USFS,5.13,35.0,38.056867,-107.70202,8378.0,,,OSM,,node/8203430176,
WF0275,waterfall,Upper Upper Ribbon Falls,36.1805414,-112.0743339,5400.0,NO-GO,,National Park Service,NPS,15.07,226.0,36.006514,-112.297951,6166.0,,"FAA AC 91-36D: pilots asked to stay >= 2,000 ft AGL over NPS, wilderness and refuges | Inside Grand Canyon NP: Grand Canyon SFRA rules apply (14 CFR 93 Subpart U)",OSM,,node/2006154666,
WF0276,waterfall,Upper Waterfall,38.2947378,-111.293835,5806.0,NO-GO,,National Park Service,NPS,0.43,238.0,38.29087,-111.301576,6610.0,,"FAA AC 91-36D: pilots asked to stay >= 2,000 ft AGL over NPS, wilderness and refuges",OSM,,node/9984315264,
WF0277,waterfall,Venable Falls,38.075627,-105.5952509,10443.0,NO-LAND,a,Wilderness,USFS,4.12,127.0,38.03404,-105.526067,9289.0,,"FAA AC 91-36D: pilots asked to stay >= 2,000 ft AGL over NPS, wilderness and refuges",GNIS+OSM,192272,node/13954076485,
WF0278,waterfall,Walter's Cascade,32.3989053,-110.9132803,3396.0,NO-LAND,a,Wilderness,USFS,6.32,319.0,32.47821,-110.995359,3316.0,10.0,"FAA AC 91-36D: pilots asked to stay >= 2,000 ft AGL over NPS, wilderness and refuges",OSM,,node/10016725185,
WF0279,waterfall,War Dance Falls,40.2880569,-105.7302607,9822.0,NO-LAND,a,Wilderness,NPS,7.27,248.0,40.242516,-105.8769,8651.0,,"FAA AC 91-36D: pilots asked to stay >= 2,000 ft AGL over NPS, wilderness and refuges",GNIS+OSM,177888,node/488294640,
WF0280,waterfall,Water and Ice Falls,37.4971964,-114.0641464,4907.0,CALL FIRST,e,State land - state land office permission,ST,0.33,180.0,37.491703,-114.064146,5182.0,,,GNIS,855493,,
WF0294,waterfall,Waterfall (10 m),35.2287405,-106.4716532,7711.0,NO-LAND,a,Wilderness,USFS,5.32,12.0,35.315464,-106.448429,5929.0,10.0,"FAA AC 91-36D: pilots asked to stay >= 2,000 ft AGL over NPS, wilderness and refuges",OSM,,node/9646761505,
WF0296,waterfall,Waterfall (10 m),36.9070853,-113.8279551,3137.0,NO-LAND,a,Wilderness,BLM,0.44,324.0,36.91306,-113.833367,2234.0,10.0,"FAA AC 91-36D: pilots asked to stay >= 2,000 ft AGL over NPS, wilderness and refuges",OSM,,node/11148453407,
WF0301,waterfall,Waterfall (10 m),37.3093849,-113.0518656,5454.0,NO-LAND,a,Wilderness,NPS,2.71,270.0,37.309632,-113.108547,5893.0,10.0,"FAA AC 91-36D: pilots asked to stay >= 2,000 ft AGL over NPS, wilderness and refuges",OSM,,node/3559350643,
WF0300,waterfall,Waterfall (100 m),37.3049923,-112.8912166,5975.0,NO-LAND,b,Wilderness Study Area,BLM,0.07,206.0,37.303988,-112.891835,6165.0,100.0,,OSM,,node/6283836662,
WF0297,waterfall,Waterfall (12 m),36.9119843,-113.829771,2262.0,NO-LAND,a,Wilderness,BLM,0.16,313.0,36.913855,-113.832251,2177.0,12.0,"FAA AC 91-36D: pilots asked to stay >= 2,000 ft AGL over NPS, wilderness and refuges",OSM,,node/12639998489,
WF0302,waterfall,Waterfall (15 m),37.599253,-107.470402,11586.0,NO-LAND,a,Wilderness,USFS,11.4,338.0,37.775349,-107.560895,12038.0,15.0,"FAA AC 91-36D: pilots asked to stay >= 2,000 ft AGL over NPS, wilderness and refuges",OSM,,node/12091019475,
WF0293,waterfall,Waterfall (17 m),32.3284166,-110.7717555,3483.0,NO-LAND,a,Wilderness,USFS,6.02,165.0,32.23154,-110.740218,2702.0,17.11,"FAA AC 91-36D: pilots asked to stay >= 2,000 ft AGL over NPS, wilderness and refuges",OSM,,node/9982759355,
WF0303,waterfall,Waterfall (18 m),40.7822138,-106.688025,9285.0,NO-LAND,a,Wilderness,USFS,5.9,112.0,40.745821,-106.567753,8797.0,18.0,"FAA AC 91-36D: pilots asked to stay >= 2,000 ft AGL over NPS, wilderness and refuges",OSM,,node/11177960578,
WF0295,waterfall,Waterfall (40 m),35.8277391,-106.183715,6243.0,NO-LAND,c,Tribal land - tribal permission required,BIA,1.45,53.0,35.842139,-106.15993,5480.0,40.0,,OSM,,node/7882335901,
WF0299,waterfall,Waterfall (45 m),37.2993954,-112.9422301,4656.0,NO-LAND,a,Wilderness,NPS,1.96,90.0,37.299291,-112.90128,6507.0,45.0,"FAA AC 91-36D: pilots asked to stay >= 2,000 ft AGL over NPS, wilderness and refuges",OSM,,node/4511601071,
WF0298,waterfall,Waterfall (50 m),37.1817517,-113.480863,3578.0,NO-LAND,d,BLM National Monument / NCA,ST,2.58,134.0,37.152033,-113.441998,3018.0,50.0,,OSM,,node/12277568287,
WF0281,waterfall,Weimer,38.7814698,-104.8800393,6639.0,OTHER,,Private,PVT,2.92,332.0,38.824382,-104.909523,7732.0,,,OSM,,node/10241607690,
WF0282,waterfall,West Creek Falls,40.4514273,-105.5168501,8175.0,NO-LAND,a,Wilderness,NPS,6.2,193.0,40.35077,-105.548183,8396.0,,"FAA AC 91-36D: pilots asked to stay >= 2,000 ft AGL over NPS, wilderness and refuges",OSM,,node/1262322560,
WF0283,waterfall,West Fork Falls,39.6295194,-108.1619326,7141.0,OTHER,,Private,PVT,0.83,141.0,39.618725,-108.150762,6751.0,,,GNIS,172067,,
WF0284,waterfall,Whitmore Rapids,36.1452669,-113.2005296,1598.0,NO-GO,,National Park Service,NPS,14.67,2.0,36.390069,-113.191615,6532.0,,"FAA AC 91-36D: pilots asked to stay >= 2,000 ft AGL over NPS, wilderness and refuges | Within 15 nm of Grand Canyon NP: check the Grand Canyon SFRA on the Grand Canyon VFR chart",GNIS+OSM,13724,node/300481597,
WF0285,waterfall,Whitnach Falls,39.3760954,-107.0119903,6798.0,OTHER,,Local government,LG,0.3,209.0,39.371769,-107.015091,7358.0,,,GNIS,174855,,
WF0286,waterfall,Willow Creek Falls,39.6293706,-106.1369865,10029.0,NO-LAND,a,Wilderness,USFS,16.33,360.0,39.901811,-106.139944,8589.0,,"FAA AC 91-36D: pilots asked to stay >= 2,000 ft AGL over NPS, wilderness and refuges",OSM,,node/471912709,
WF0287,waterfall,Windy Gulch Cascades,40.3551063,-105.638413,8522.0,NO-LAND,a,Wilderness,NPS,3.97,94.0,40.350777,-105.552046,8688.0,,"FAA AC 91-36D: pilots asked to stay >= 2,000 ft AGL over NPS, wilderness and refuges",OSM,,node/3090021278,
WF0288,waterfall,Winn Falls,31.8657278,-109.2585759,7786.0,NO-LAND,a,Wilderness,USFS,5.53,42.0,31.934479,-109.186257,5382.0,111.0,"FAA AC 91-36D: pilots asked to stay >= 2,000 ft AGL over NPS, wilderness and refuges",GNIS+OSM,13928,node/1783602367,
WF0289,waterfall,Wolf Creek Falls,34.4546053,-112.4730366,5696.0,CALL FIRST,f,USFS - check forest orders,USFS,6.31,30.0,34.54612,-112.409943,5706.0,,,OSM,,node/11954618904,
WF0290,waterfall,Wood Canyon Waterfall,32.0627691,-109.3165092,6056.0,CALL FIRST,f,USFS - check forest orders,USFS,3.59,95.0,32.057948,-109.246279,5004.0,,,OSM,,node/3352487485,
WF0291,waterfall,Workman Creek Falls,33.8184,-110.9304729,6587.0,CALL FIRST,f,USFS - check forest orders,USFS,22.57,167.0,33.450983,-110.829887,3220.0,,,GNIS+OSM,39896,node/2006154614,
WF0292,waterfall,Zapata Falls,37.6190265,-105.553156,9430.0,CALL FIRST,e,State land - state land office permission,ST,0.03,154.0,37.618634,-105.552913,9417.0,,,GNIS+OSM,192701,node/595214868,
